{
    "pools": [
        {
            "rolls": 1,
            "entries": [
                {
                    "type": "item",
                    "name": "potato",
                    "functions": [
                        {
                            "function": "set_components",
                            "components":{
                                "max_stack_size":4
                            }
                        },
                        {
                            "function": "set_count",
                            "count": 10
                        }
                    ]
                }
            ]
        }
    ]
}