{
	"parent": "block/block",
	"textures": {
		"3": "block/enchanting_table_side",
		"4": "block/enchanting_table_top",
		"particle": "block/glass",
		"glass": "block/glass",
		"obsidian": "block/obsidian"
	},
	"elements": [
		{
			"name": "Glass shell",
			"from": [0, 0, 0],
			"to": [16, 16, 16],
			"faces": {
				"north": {"uv": [0, 0, 16, 16], "texture": "#glass"},
				"east": {"uv": [0, 0, 16, 16], "texture": "#glass"},
				"south": {"uv": [0, 0, 16, 16], "texture": "#glass"},
				"west": {"uv": [0, 0, 16, 16], "texture": "#glass"},
				"up": {"uv": [0, 0, 16, 16], "texture": "#glass"},
				"down": {"uv": [0, 0, 16, 16], "texture": "#glass"}
			}
		},
		{
			"name": "Obsidian base",
			"from": [2, 0.1, 2],
			"to": [14, 4, 14],
			"faces": {
				"north": {"uv": [2, 5, 14, 9], "texture": "#3"},
				"east": {"uv": [2, 5, 14, 9], "texture": "#3"},
				"south": {"uv": [2, 5, 14, 9], "texture": "#3"},
				"west": {"uv": [2, 5, 14, 9], "texture": "#3"},
				"up": {"uv": [2, 2, 14, 14], "texture": "#4"},
				"down": {"uv": [2, 2, 14, 14], "texture": "#obsidian"}
			}
		}
	]
}