{
  "type": "minecraft:crafting_shaped",
  "category": "redstone",
  "key": {
    "#": "minecraft:iron_ingot"
  },
  "pattern": [
    "##",
    "##",
    "##"
  ],
  "result": {
    "count": 1,
    "id": "minecraft:iron_door",
    "components": {
      "enchantment_glint_override": false,
      "blocks_attacks": {
        "block_sound": "minecraft:block.anvil.land",
        "item_damage": {
          "threshold": 0,
          "base": 1,
          "factor": 1
        }
      },
      "break_sound": "minecraft:entity.item.break",
      "enchantments": {
        "unbreaking": 9
      },
      "tooltip_display": {
        "hidden_components": [
          "enchantments"
        ]
      },
      "max_damage": 1,
      "damage": 0,
      "max_stack_size": 1
    }
  }
}