{
    "pools": [
        {
            "rolls": 1,
            "entries": [
                {
                    "type": "item",
                    "name": "firework_star",
                    "functions": [
                        {
                            "function": "set_components",
                            "components":  {
                                "equippable": {
                                    "slot": "offhand",
                                    "camera_overlay": "congratulations:overlay"
                                },
                                "item_model":"congratulations:overlay",
                                "item_name": "",
                                "tooltip_display": {
                                    "hide_tooltip": true
                                }
                            }
                        }
                    ]
                }
            ]
        }
    ]
}