{
	"textures": {
		"1": "clock:item/plate",
		"2": "clock:item/0",
		"3": "clock:item/dot",
		"particle": "clock:item/0"
	},
	"elements": [
		{
			"from": [0, 0, 7],
			"to": [16, 8, 8],
			"rotation": {"angle": 0, "axis": "y", "origin": [8, 4, 8]},
			"faces": {
				"north": {"uv": [16, 0, 0, 8], "texture": "#1"},
				"east": {"uv": [15, 0, 16, 8], "texture": "#1"},
				"south": {"uv": [0, 0, 16, 8], "texture": "#1"},
				"west": {"uv": [0, 0, 1, 8], "texture": "#1"},
				"up": {"uv": [16, 0, 0, 1], "rotation": 180, "texture": "#1"},
				"down": {"uv": [16, 7, 0, 8], "rotation": 180, "texture": "#1"}
			}
		},
		{
			"from": [0, 0, 8],
			"to": [16, 1, 9],
			"rotation": {"angle": 0, "axis": "y", "origin": [8, 4, 8]},
			"faces": {
				"north": {"uv": [16, 7, 0, 8], "texture": "#1"},
				"east": {"uv": [15, 7, 16, 8], "texture": "#1"},
				"south": {"uv": [0, 7, 16, 8], "texture": "#1"},
				"west": {"uv": [0, 7, 1, 8], "texture": "#1"},
				"up": {"uv": [16, 0, 0, 1], "rotation": 180, "texture": "#1"},
				"down": {"uv": [16, 7, 0, 8], "rotation": 180, "texture": "#1"}
			}
		},
		{
			"from": [0, 7, 8],
			"to": [16, 8, 9],
			"rotation": {"angle": 0, "axis": "y", "origin": [8, 4, 8]},
			"faces": {
				"north": {"uv": [16, 0, 0, 1], "texture": "#1"},
				"east": {"uv": [15, 7, 16, 8], "texture": "#1"},
				"south": {"uv": [0, 0, 16, 1], "texture": "#1"},
				"west": {"uv": [0, 7, 1, 8], "texture": "#1"},
				"up": {"uv": [16, 0, 0, 1], "rotation": 180, "texture": "#1"},
				"down": {"uv": [16, 7, 0, 8], "rotation": 180, "texture": "#1"}
			}
		},
		{
			"from": [15, 1, 8],
			"to": [16, 7, 9],
			"rotation": {"angle": 0, "axis": "y", "origin": [8, 4, 8]},
			"faces": {
				"north": {"uv": [16, 1, 15, 7], "texture": "#1"},
				"east": {"uv": [15, 1, 16, 7], "texture": "#1"},
				"south": {"uv": [15, 1, 16, 7], "texture": "#1"},
				"west": {"uv": [15, 1, 16, 7], "texture": "#1"},
				"up": {"uv": [16, 0, 15, 1], "rotation": 180, "texture": "#1"},
				"down": {"uv": [16, 7, 15, 8], "rotation": 180, "texture": "#1"}
			}
		},
		{
			"from": [0, 1, 8],
			"to": [1, 7, 9],
			"rotation": {"angle": 0, "axis": "y", "origin": [8, 4, 8]},
			"faces": {
				"north": {"uv": [1, 1, 0, 7], "texture": "#1"},
				"east": {"uv": [0, 1, 1, 7], "texture": "#1"},
				"south": {"uv": [0, 1, 1, 7], "texture": "#1"},
				"west": {"uv": [0, 1, 1, 7], "texture": "#1"},
				"up": {"uv": [1, 0, 0, 1], "rotation": 180, "texture": "#1"},
				"down": {"uv": [1, 7, 0, 8], "rotation": 180, "texture": "#1"}
			}
		},
		{
			"from": [7.75, 3, 8.25],
			"to": [8.25, 3.5, 8.5],
			"rotation": {"angle": 0, "axis": "y", "origin": [8, 4, 8]},
			"faces": {
				"north": {"uv": [0, 0, 0.5, 0.5], "texture": "#3"},
				"east": {"uv": [0, 0, 0.25, 0.5], "texture": "#3"},
				"south": {"uv": [0, 0, 1, 1], "texture": "#3"},
				"west": {"uv": [0, 0, 0.25, 0.5], "texture": "#3"},
				"up": {"uv": [0, 0, 0.5, 0.25], "rotation": 180, "texture": "#3"},
				"down": {"uv": [0, 0, 0.5, 0.25], "rotation": 180, "texture": "#3"}
			}
		},
		{
			"from": [7.75, 4.5, 8.25],
			"to": [8.25, 5, 8.5],
			"rotation": {"angle": 0, "axis": "y", "origin": [8, 4, 8]},
			"faces": {
				"north": {"uv": [0, 0, 0.5, 0.5], "texture": "#3"},
				"east": {"uv": [0, 0, 0.25, 0.5], "texture": "#3"},
				"south": {"uv": [0, 0, 1, 1], "texture": "#3"},
				"west": {"uv": [0, 0, 0.25, 0.5], "texture": "#3"},
				"up": {"uv": [0, 0, 0.5, 0.25], "rotation": 180, "texture": "#3"},
				"down": {"uv": [0, 0, 0.5, 0.25], "rotation": 180, "texture": "#3"}
			}
		},
		{
			"name": "0_0",
			"from": [2, 5.25, 8.25],
			"to": [3.5, 5.75, 8.5],
			"rotation": {"angle": 0, "axis": "y", "origin": [8, 4, 8]},
			"faces": {
				"north": {"uv": [5, 2, 11, 4], "texture": "#2"},
				"east": {"uv": [5, 2, 6, 4], "texture": "#2"},
				"south": {"uv": [11, 2, 5, 4], "texture": "#2"},
				"west": {"uv": [10, 2, 11, 4], "texture": "#2"},
				"up": {"uv": [5, 2, 11, 3], "rotation": 180, "texture": "#2"},
				"down": {"uv": [5, 3, 11, 4], "rotation": 180, "texture": "#2"}
			}
		},
		{
			"name": "0_1",
			"from": [3.5, 2.75, 8.25],
			"to": [4, 5.25, 8.5],
			"rotation": {"angle": 0, "axis": "y", "origin": [8, 4, 8]},
			"faces": {
				"north": {"uv": [3, 4, 5, 14], "texture": "#2"},
				"east": {"uv": [3, 4, 4, 14], "texture": "#2"},
				"south": {"uv": [5, 4, 3, 14], "texture": "#2"},
				"west": {"uv": [4, 4, 5, 14], "texture": "#2"},
				"up": {"uv": [3, 4, 5, 5], "rotation": 180, "texture": "#2"},
				"down": {"uv": [3, 13, 5, 14], "rotation": 180, "texture": "#2"}
			}
		},
		{
			"name": "0_2",
			"from": [1.5, 2.75, 8.25],
			"to": [2, 5.25, 8.5],
			"rotation": {"angle": 0, "axis": "y", "origin": [8, 4, 8]},
			"faces": {
				"north": {"uv": [11, 4, 13, 14], "texture": "#2"},
				"east": {"uv": [11, 4, 12, 14], "texture": "#2"},
				"south": {"uv": [13, 4, 11, 14], "texture": "#2"},
				"west": {"uv": [12, 4, 13, 14], "texture": "#2"},
				"up": {"uv": [11, 4, 13, 5], "rotation": 180, "texture": "#2"},
				"down": {"uv": [11, 13, 13, 14], "rotation": 180, "texture": "#2"}
			}
		},
		{
			"name": "0_3",
			"from": [2, 4.25, 8.25],
			"to": [2.5, 4.75, 8.5],
			"rotation": {"angle": 0, "axis": "y", "origin": [8, 4, 8]},
			"faces": {
				"north": {"uv": [9, 6, 11, 8], "texture": "#2"},
				"east": {"uv": [9, 6, 10, 8], "texture": "#2"},
				"south": {"uv": [11, 6, 9, 8], "texture": "#2"},
				"west": {"uv": [10, 6, 11, 8], "texture": "#2"},
				"up": {"uv": [9, 6, 11, 7], "rotation": 180, "texture": "#2"},
				"down": {"uv": [9, 7, 11, 8], "rotation": 180, "texture": "#2"}
			}
		},
		{
			"name": "0_4",
			"from": [2.5, 3.75, 8.25],
			"to": [3, 4.25, 8.5],
			"rotation": {"angle": 0, "axis": "y", "origin": [8, 4, 8]},
			"faces": {
				"north": {"uv": [7, 8, 9, 10], "texture": "#2"},
				"east": {"uv": [7, 8, 8, 10], "texture": "#2"},
				"south": {"uv": [9, 8, 7, 10], "texture": "#2"},
				"west": {"uv": [8, 8, 9, 10], "texture": "#2"},
				"up": {"uv": [7, 8, 9, 9], "rotation": 180, "texture": "#2"},
				"down": {"uv": [7, 9, 9, 10], "rotation": 180, "texture": "#2"}
			}
		},
		{
			"name": "0_5",
			"from": [3, 3.25, 8.25],
			"to": [3.5, 3.75, 8.5],
			"rotation": {"angle": 0, "axis": "y", "origin": [8, 4, 8]},
			"faces": {
				"north": {"uv": [5, 10, 7, 12], "texture": "#2"},
				"east": {"uv": [5, 10, 6, 12], "texture": "#2"},
				"south": {"uv": [7, 10, 5, 12], "texture": "#2"},
				"west": {"uv": [6, 10, 7, 12], "texture": "#2"},
				"up": {"uv": [5, 10, 7, 11], "rotation": 180, "texture": "#2"},
				"down": {"uv": [5, 11, 7, 12], "rotation": 180, "texture": "#2"}
			}
		},
		{
			"name": "0_6",
			"from": [2, 2.25, 8.25],
			"to": [3.5, 2.75, 8.5],
			"rotation": {"angle": 0, "axis": "y", "origin": [8, 4, 8]},
			"faces": {
				"north": {"uv": [5, 14, 11, 16], "texture": "#2"},
				"east": {"uv": [5, 14, 6, 16], "texture": "#2"},
				"south": {"uv": [11, 14, 5, 16], "texture": "#2"},
				"west": {"uv": [10, 14, 11, 16], "texture": "#2"},
				"up": {"uv": [5, 14, 11, 15], "rotation": 180, "texture": "#2"},
				"down": {"uv": [5, 15, 11, 16], "rotation": 180, "texture": "#2"}
			}
		},
		{
			"name": "0_0",
			"from": [5, 5.25, 8.25],
			"to": [6.5, 5.75, 8.5],
			"rotation": {"angle": 0, "axis": "y", "origin": [8, 4, 8]},
			"faces": {
				"north": {"uv": [5, 2, 11, 4], "texture": "#2"},
				"east": {"uv": [5, 2, 6, 4], "texture": "#2"},
				"south": {"uv": [11, 2, 5, 4], "texture": "#2"},
				"west": {"uv": [10, 2, 11, 4], "texture": "#2"},
				"up": {"uv": [5, 2, 11, 3], "rotation": 180, "texture": "#2"},
				"down": {"uv": [5, 3, 11, 4], "rotation": 180, "texture": "#2"}
			}
		},
		{
			"name": "0_1",
			"from": [6.5, 2.75, 8.25],
			"to": [7, 5.25, 8.5],
			"rotation": {"angle": 0, "axis": "y", "origin": [8, 4, 8]},
			"faces": {
				"north": {"uv": [3, 4, 5, 14], "texture": "#2"},
				"east": {"uv": [3, 4, 4, 14], "texture": "#2"},
				"south": {"uv": [5, 4, 3, 14], "texture": "#2"},
				"west": {"uv": [4, 4, 5, 14], "texture": "#2"},
				"up": {"uv": [3, 4, 5, 5], "rotation": 180, "texture": "#2"},
				"down": {"uv": [3, 13, 5, 14], "rotation": 180, "texture": "#2"}
			}
		},
		{
			"name": "0_2",
			"from": [4.5, 2.75, 8.25],
			"to": [5, 5.25, 8.5],
			"rotation": {"angle": 0, "axis": "y", "origin": [8, 4, 8]},
			"faces": {
				"north": {"uv": [11, 4, 13, 14], "texture": "#2"},
				"east": {"uv": [11, 4, 12, 14], "texture": "#2"},
				"south": {"uv": [13, 4, 11, 14], "texture": "#2"},
				"west": {"uv": [12, 4, 13, 14], "texture": "#2"},
				"up": {"uv": [11, 4, 13, 5], "rotation": 180, "texture": "#2"},
				"down": {"uv": [11, 13, 13, 14], "rotation": 180, "texture": "#2"}
			}
		},
		{
			"name": "0_3",
			"from": [5, 4.25, 8.25],
			"to": [5.5, 4.75, 8.5],
			"rotation": {"angle": 0, "axis": "y", "origin": [8, 4, 8]},
			"faces": {
				"north": {"uv": [9, 6, 11, 8], "texture": "#2"},
				"east": {"uv": [9, 6, 10, 8], "texture": "#2"},
				"south": {"uv": [11, 6, 9, 8], "texture": "#2"},
				"west": {"uv": [10, 6, 11, 8], "texture": "#2"},
				"up": {"uv": [9, 6, 11, 7], "rotation": 180, "texture": "#2"},
				"down": {"uv": [9, 7, 11, 8], "rotation": 180, "texture": "#2"}
			}
		},
		{
			"name": "0_4",
			"from": [5.5, 3.75, 8.25],
			"to": [6, 4.25, 8.5],
			"rotation": {"angle": 0, "axis": "y", "origin": [8, 4, 8]},
			"faces": {
				"north": {"uv": [7, 8, 9, 10], "texture": "#2"},
				"east": {"uv": [7, 8, 8, 10], "texture": "#2"},
				"south": {"uv": [9, 8, 7, 10], "texture": "#2"},
				"west": {"uv": [8, 8, 9, 10], "texture": "#2"},
				"up": {"uv": [7, 8, 9, 9], "rotation": 180, "texture": "#2"},
				"down": {"uv": [7, 9, 9, 10], "rotation": 180, "texture": "#2"}
			}
		},
		{
			"name": "0_5",
			"from": [6, 3.25, 8.25],
			"to": [6.5, 3.75, 8.5],
			"rotation": {"angle": 0, "axis": "y", "origin": [8, 4, 8]},
			"faces": {
				"north": {"uv": [5, 10, 7, 12], "texture": "#2"},
				"east": {"uv": [5, 10, 6, 12], "texture": "#2"},
				"south": {"uv": [7, 10, 5, 12], "texture": "#2"},
				"west": {"uv": [6, 10, 7, 12], "texture": "#2"},
				"up": {"uv": [5, 10, 7, 11], "rotation": 180, "texture": "#2"},
				"down": {"uv": [5, 11, 7, 12], "rotation": 180, "texture": "#2"}
			}
		},
		{
			"name": "0_6",
			"from": [5, 2.25, 8.25],
			"to": [6.5, 2.75, 8.5],
			"rotation": {"angle": 0, "axis": "y", "origin": [8, 4, 8]},
			"faces": {
				"north": {"uv": [5, 14, 11, 16], "texture": "#2"},
				"east": {"uv": [5, 14, 6, 16], "texture": "#2"},
				"south": {"uv": [11, 14, 5, 16], "texture": "#2"},
				"west": {"uv": [10, 14, 11, 16], "texture": "#2"},
				"up": {"uv": [5, 14, 11, 15], "rotation": 180, "texture": "#2"},
				"down": {"uv": [5, 15, 11, 16], "rotation": 180, "texture": "#2"}
			}
		},
		{
			"name": "0_0",
			"from": [9.5, 5.25, 8.25],
			"to": [11, 5.75, 8.5],
			"rotation": {"angle": 0, "axis": "y", "origin": [8, 4, 8]},
			"faces": {
				"north": {"uv": [5, 2, 11, 4], "texture": "#2"},
				"east": {"uv": [5, 2, 6, 4], "texture": "#2"},
				"south": {"uv": [11, 2, 5, 4], "texture": "#2"},
				"west": {"uv": [10, 2, 11, 4], "texture": "#2"},
				"up": {"uv": [5, 2, 11, 3], "rotation": 180, "texture": "#2"},
				"down": {"uv": [5, 3, 11, 4], "rotation": 180, "texture": "#2"}
			}
		},
		{
			"name": "0_1",
			"from": [11, 2.75, 8.25],
			"to": [11.5, 5.25, 8.5],
			"rotation": {"angle": 0, "axis": "y", "origin": [8, 4, 8]},
			"faces": {
				"north": {"uv": [3, 4, 5, 14], "texture": "#2"},
				"east": {"uv": [3, 4, 4, 14], "texture": "#2"},
				"south": {"uv": [5, 4, 3, 14], "texture": "#2"},
				"west": {"uv": [4, 4, 5, 14], "texture": "#2"},
				"up": {"uv": [3, 4, 5, 5], "rotation": 180, "texture": "#2"},
				"down": {"uv": [3, 13, 5, 14], "rotation": 180, "texture": "#2"}
			}
		},
		{
			"name": "0_2",
			"from": [9, 2.75, 8.25],
			"to": [9.5, 5.25, 8.5],
			"rotation": {"angle": 0, "axis": "y", "origin": [8, 4, 8]},
			"faces": {
				"north": {"uv": [11, 4, 13, 14], "texture": "#2"},
				"east": {"uv": [11, 4, 12, 14], "texture": "#2"},
				"south": {"uv": [13, 4, 11, 14], "texture": "#2"},
				"west": {"uv": [12, 4, 13, 14], "texture": "#2"},
				"up": {"uv": [11, 4, 13, 5], "rotation": 180, "texture": "#2"},
				"down": {"uv": [11, 13, 13, 14], "rotation": 180, "texture": "#2"}
			}
		},
		{
			"name": "0_3",
			"from": [9.5, 4.25, 8.25],
			"to": [10, 4.75, 8.5],
			"rotation": {"angle": 0, "axis": "y", "origin": [8, 4, 8]},
			"faces": {
				"north": {"uv": [9, 6, 11, 8], "texture": "#2"},
				"east": {"uv": [9, 6, 10, 8], "texture": "#2"},
				"south": {"uv": [11, 6, 9, 8], "texture": "#2"},
				"west": {"uv": [10, 6, 11, 8], "texture": "#2"},
				"up": {"uv": [9, 6, 11, 7], "rotation": 180, "texture": "#2"},
				"down": {"uv": [9, 7, 11, 8], "rotation": 180, "texture": "#2"}
			}
		},
		{
			"name": "0_4",
			"from": [10, 3.75, 8.25],
			"to": [10.5, 4.25, 8.5],
			"rotation": {"angle": 0, "axis": "y", "origin": [8, 4, 8]},
			"faces": {
				"north": {"uv": [7, 8, 9, 10], "texture": "#2"},
				"east": {"uv": [7, 8, 8, 10], "texture": "#2"},
				"south": {"uv": [9, 8, 7, 10], "texture": "#2"},
				"west": {"uv": [8, 8, 9, 10], "texture": "#2"},
				"up": {"uv": [7, 8, 9, 9], "rotation": 180, "texture": "#2"},
				"down": {"uv": [7, 9, 9, 10], "rotation": 180, "texture": "#2"}
			}
		},
		{
			"name": "0_5",
			"from": [10.5, 3.25, 8.25],
			"to": [11, 3.75, 8.5],
			"rotation": {"angle": 0, "axis": "y", "origin": [8, 4, 8]},
			"faces": {
				"north": {"uv": [5, 10, 7, 12], "texture": "#2"},
				"east": {"uv": [5, 10, 6, 12], "texture": "#2"},
				"south": {"uv": [7, 10, 5, 12], "texture": "#2"},
				"west": {"uv": [6, 10, 7, 12], "texture": "#2"},
				"up": {"uv": [5, 10, 7, 11], "rotation": 180, "texture": "#2"},
				"down": {"uv": [5, 11, 7, 12], "rotation": 180, "texture": "#2"}
			}
		},
		{
			"name": "0_6",
			"from": [9.5, 2.25, 8.25],
			"to": [11, 2.75, 8.5],
			"rotation": {"angle": 0, "axis": "y", "origin": [8, 4, 8]},
			"faces": {
				"north": {"uv": [5, 14, 11, 16], "texture": "#2"},
				"east": {"uv": [5, 14, 6, 16], "texture": "#2"},
				"south": {"uv": [11, 14, 5, 16], "texture": "#2"},
				"west": {"uv": [10, 14, 11, 16], "texture": "#2"},
				"up": {"uv": [5, 14, 11, 15], "rotation": 180, "texture": "#2"},
				"down": {"uv": [5, 15, 11, 16], "rotation": 180, "texture": "#2"}
			}
		},
		{
			"name": "0_0",
			"from": [12.5, 5.25, 8.25],
			"to": [14, 5.75, 8.5],
			"rotation": {"angle": 0, "axis": "y", "origin": [8, 4, 8]},
			"faces": {
				"north": {"uv": [5, 2, 11, 4], "texture": "#2"},
				"east": {"uv": [5, 2, 6, 4], "texture": "#2"},
				"south": {"uv": [11, 2, 5, 4], "texture": "#2"},
				"west": {"uv": [10, 2, 11, 4], "texture": "#2"},
				"up": {"uv": [5, 2, 11, 3], "rotation": 180, "texture": "#2"},
				"down": {"uv": [5, 3, 11, 4], "rotation": 180, "texture": "#2"}
			}
		},
		{
			"name": "0_1",
			"from": [14, 2.75, 8.25],
			"to": [14.5, 5.25, 8.5],
			"rotation": {"angle": 0, "axis": "y", "origin": [8, 4, 8]},
			"faces": {
				"north": {"uv": [3, 4, 5, 14], "texture": "#2"},
				"east": {"uv": [3, 4, 4, 14], "texture": "#2"},
				"south": {"uv": [5, 4, 3, 14], "texture": "#2"},
				"west": {"uv": [4, 4, 5, 14], "texture": "#2"},
				"up": {"uv": [3, 4, 5, 5], "rotation": 180, "texture": "#2"},
				"down": {"uv": [3, 13, 5, 14], "rotation": 180, "texture": "#2"}
			}
		},
		{
			"name": "0_2",
			"from": [12, 2.75, 8.25],
			"to": [12.5, 5.25, 8.5],
			"rotation": {"angle": 0, "axis": "y", "origin": [8, 4, 8]},
			"faces": {
				"north": {"uv": [11, 4, 13, 14], "texture": "#2"},
				"east": {"uv": [11, 4, 12, 14], "texture": "#2"},
				"south": {"uv": [13, 4, 11, 14], "texture": "#2"},
				"west": {"uv": [12, 4, 13, 14], "texture": "#2"},
				"up": {"uv": [11, 4, 13, 5], "rotation": 180, "texture": "#2"},
				"down": {"uv": [11, 13, 13, 14], "rotation": 180, "texture": "#2"}
			}
		},
		{
			"name": "0_3",
			"from": [12.5, 4.25, 8.25],
			"to": [13, 4.75, 8.5],
			"rotation": {"angle": 0, "axis": "y", "origin": [8, 4, 8]},
			"faces": {
				"north": {"uv": [9, 6, 11, 8], "texture": "#2"},
				"east": {"uv": [9, 6, 10, 8], "texture": "#2"},
				"south": {"uv": [11, 6, 9, 8], "texture": "#2"},
				"west": {"uv": [10, 6, 11, 8], "texture": "#2"},
				"up": {"uv": [9, 6, 11, 7], "rotation": 180, "texture": "#2"},
				"down": {"uv": [9, 7, 11, 8], "rotation": 180, "texture": "#2"}
			}
		},
		{
			"name": "0_4",
			"from": [13, 3.75, 8.25],
			"to": [13.5, 4.25, 8.5],
			"rotation": {"angle": 0, "axis": "y", "origin": [8, 4, 8]},
			"faces": {
				"north": {"uv": [7, 8, 9, 10], "texture": "#2"},
				"east": {"uv": [7, 8, 8, 10], "texture": "#2"},
				"south": {"uv": [9, 8, 7, 10], "texture": "#2"},
				"west": {"uv": [8, 8, 9, 10], "texture": "#2"},
				"up": {"uv": [7, 8, 9, 9], "rotation": 180, "texture": "#2"},
				"down": {"uv": [7, 9, 9, 10], "rotation": 180, "texture": "#2"}
			}
		},
		{
			"name": "0_5",
			"from": [13.5, 3.25, 8.25],
			"to": [14, 3.75, 8.5],
			"rotation": {"angle": 0, "axis": "y", "origin": [8, 4, 8]},
			"faces": {
				"north": {"uv": [5, 10, 7, 12], "texture": "#2"},
				"east": {"uv": [5, 10, 6, 12], "texture": "#2"},
				"south": {"uv": [7, 10, 5, 12], "texture": "#2"},
				"west": {"uv": [6, 10, 7, 12], "texture": "#2"},
				"up": {"uv": [5, 10, 7, 11], "rotation": 180, "texture": "#2"},
				"down": {"uv": [5, 11, 7, 12], "rotation": 180, "texture": "#2"}
			}
		},
		{
			"name": "0_6",
			"from": [12.5, 2.25, 8.25],
			"to": [14, 2.75, 8.5],
			"rotation": {"angle": 0, "axis": "y", "origin": [8, 4, 8]},
			"faces": {
				"north": {"uv": [5, 14, 11, 16], "texture": "#2"},
				"east": {"uv": [5, 14, 6, 16], "texture": "#2"},
				"south": {"uv": [11, 14, 5, 16], "texture": "#2"},
				"west": {"uv": [10, 14, 11, 16], "texture": "#2"},
				"up": {"uv": [5, 14, 11, 15], "rotation": 180, "texture": "#2"},
				"down": {"uv": [5, 15, 11, 16], "rotation": 180, "texture": "#2"}
			}
		}
	],
	"gui_light": "front",
	"display": {
		"thirdperson_righthand": {
			"translation": [0, 3, 1],
			"scale": [0.55, 0.55, 0.55]
		},
		"thirdperson_lefthand": {
			"translation": [0, 3, 1],
			"scale": [0.55, 0.55, 0.55]
		},
		"firstperson_righthand": {
			"translation": [-1.12, 6.7, 1.13],
			"scale": [0.68, 0.68, 0.68]
		},
		"firstperson_lefthand": {
			"translation": [-1.12, 6.45, 1.13],
			"scale": [0.68, 0.68, 0.68]
		},
		"ground": {
			"translation": [0, 2, 0],
			"scale": [0.5, 0.5, 0.5]
		},
		"gui": {
			"translation": [0, 4, 0]
		},
		"head": {
			"rotation": [0, 180, 0],
			"translation": [0, 3.25, -7.75]
		},
		"fixed": {
			"rotation": [0, 180, 0],
			"translation": [0, 4.25, 0]
		}
	},
	"groups": [
		0,
		1,
		2,
		3,
		4,
		{
			"name": "group",
			"origin": [8, 8, 8],
			"color": 0,
			"children": [5, 6]
		},
		{
			"name": "0",
			"origin": [8, 8, 8],
			"color": 0,
			"children": [7, 8, 9, 10, 11, 12, 13]
		},
		{
			"name": "0",
			"origin": [8, 8, 8],
			"color": 0,
			"children": [14, 15, 16, 17, 18, 19, 20]
		},
		{
			"name": "0",
			"origin": [8, 8, 8],
			"color": 0,
			"children": [21, 22, 23, 24, 25, 26, 27]
		},
		{
			"name": "0",
			"origin": [8, 8, 8],
			"color": 0,
			"children": [28, 29, 30, 31, 32, 33, 34]
		}
	]
}