{
	"credit": "by YSBB",
	"texture_size": [32, 32],
	"textures": {
		"layer0": "what:item/igiari_item"
	},
	"elements": [
		{
			"from": [5.99, -2.01, 5.99],
			"to": [10.01, 11.99, 10.01],
			"rotation": {"angle": 0, "axis": "y", "origin": [-1, 0, -1]},
			"faces": {
				"north": {"uv": [14, 0, 16, 6], "texture": "#layer0"},
				"east": {"uv": [12, 6, 14, 12], "texture": "#layer0"},
				"south": {"uv": [16, 0, 14, 6], "texture": "#layer0"},
				"west": {"uv": [14, 6, 16, 12], "texture": "#layer0"},
				"up": {"uv": [13, 5, 14, 6], "texture": "#layer0"},
				"down": {"uv": [15, 11, 16, 12], "texture": "#layer0"}
			}
		},
		{
			"from": [6.5, 8, 6.5],
			"to": [9.5, 12, 9.5],
			"faces": {
				"north": {"uv": [13, 12, 14.5, 14], "texture": "#layer0"},
				"east": {"uv": [13, 12, 14.5, 14], "texture": "#layer0"},
				"south": {"uv": [13, 12, 14.5, 14], "texture": "#layer0"},
				"west": {"uv": [13, 12, 14.5, 14], "texture": "#layer0"},
				"up": {"uv": [13, 12, 14.5, 13.5], "texture": "#layer0"},
				"down": {"uv": [13, 12, 14.5, 13.5], "texture": "#layer0"}
			}
		},
		{
			"from": [6.5, -3, 6.5],
			"to": [9.5, -1, 9.5],
			"rotation": {"angle": 0, "axis": "y", "origin": [0, 4, 0]},
			"faces": {
				"north": {"uv": [13, 13, 14.5, 14], "texture": "#layer0"},
				"east": {"uv": [13, 13, 14.5, 14], "texture": "#layer0"},
				"south": {"uv": [13, 13, 14.5, 14], "texture": "#layer0"},
				"west": {"uv": [13, 13, 14.5, 14], "texture": "#layer0"},
				"up": {"uv": [13, 12, 14.5, 13.5], "texture": "#layer0"},
				"down": {"uv": [13, 12, 14.5, 13.5], "texture": "#layer0"}
			}
		},
		{
			"from": [6.5, 0, 6.5],
			"to": [9.5, 1, 9.5],
			"rotation": {"angle": 0, "axis": "y", "origin": [0, 4, 0]},
			"faces": {
				"north": {"uv": [13, 12.5, 14.5, 13], "texture": "#layer0"},
				"east": {"uv": [13, 12.5, 14.5, 13], "texture": "#layer0"},
				"south": {"uv": [13, 12.5, 14.5, 13], "texture": "#layer0"},
				"west": {"uv": [13, 12.5, 14.5, 13], "texture": "#layer0"},
				"up": {"uv": [13, 12.5, 14.5, 14], "texture": "#layer0"},
				"down": {"uv": [13, 12.5, 14.5, 14], "texture": "#layer0"}
			}
		},
		{
			"from": [6, 12, 9],
			"to": [8, 14, 11],
			"rotation": {"angle": 0, "axis": "y", "origin": [-2, -1, -2]},
			"faces": {
				"north": {"uv": [0, 9, 1, 10], "texture": "#layer0"},
				"east": {"uv": [1, 6, 2, 7], "rotation": 90, "texture": "#layer0"},
				"south": {"uv": [0, 9, 1, 10], "texture": "#layer0"},
				"west": {"uv": [0, 9, 1, 10], "texture": "#layer0"},
				"up": {"uv": [0, 9, 1, 10], "rotation": 270, "texture": "#layer0"},
				"down": {"uv": [0, 9, 1, 10], "rotation": 270, "texture": "#layer0"}
			}
		},
		{
			"from": [8, 12, 9],
			"to": [10, 20, 11],
			"rotation": {"angle": 0, "axis": "y", "origin": [0, -1, 0]},
			"faces": {
				"north": {"uv": [1, 6, 2, 10], "texture": "#layer0"},
				"east": {"uv": [1, 5.5, 2, 9.5], "texture": "#layer0"},
				"south": {"uv": [1, 6, 2, 10], "texture": "#layer0"},
				"west": {"uv": [1, 6, 2, 10], "texture": "#layer0"},
				"up": {"uv": [1, 6, 2, 7], "rotation": 270, "texture": "#layer0"},
				"down": {"uv": [1, 6, 2, 7], "texture": "#layer0"}
			}
		},
		{
			"from": [6, 12, 5],
			"to": [10, 17, 9],
			"rotation": {"angle": 0, "axis": "y", "origin": [0, -1, 0]},
			"faces": {
				"north": {"uv": [2.5, 10.5, 4.5, 13], "texture": "#layer0"},
				"east": {"uv": [2, 7.5, 4, 10], "texture": "#layer0"},
				"south": {"uv": [5, 11, 7, 13.5], "texture": "#layer0"},
				"west": {"uv": [2, 11, 0, 13.5], "texture": "#layer0"},
				"up": {"uv": [2, 10.5, 0, 12.5], "rotation": 90, "texture": "#layer0"},
				"down": {"uv": [2, 8, 4, 10], "texture": "#layer0"}
			}
		}
	],
	"gui_light": "front",
	"display": {
		"thirdperson_righthand": {
			"rotation": [-90, -90, 0],
			"translation": [0, -2, -3.5],
			"scale": [0, 0, 0]
		},
		"thirdperson_lefthand": {
			"translation": [0, 1.75, 1],
			"scale": [0, 0, 0]
		},
		"firstperson_righthand": {
			"rotation": [-70.75, -90, 0],
			"translation": [1.38, 3.2, 0.13]
		},
		"firstperson_lefthand": {
			"rotation": [6, -90, 25],
			"translation": [1.38, 2.45, 0.13],
			"scale": [0, 0, 0]
		},
		"ground": {
			"rotation": [0, 0, 90],
			"translation": [0, 2, 0],
			"scale": [0.5, 0.5, 0.5]
		},
		"gui": {
			"rotation": [-113.52, -42.01, -93.75],
			"translation": [0.25, -0.5, 0],
			"scale": [0.7, 0.7, 0.7]
		},
		"head": {
			"rotation": [0, 90, 0],
			"translation": [0, 7.5, 0]
		},
		"fixed": {
			"rotation": [-90, -90, 0],
			"translation": [0, -0.25, -5.25],
			"scale": [0.75, 0.75, 0.75]
		}
	}
}