{
	"format_version": "1.21.6",
	"credit": "Made with Blockbench",
	"texture_size": [64, 64],
	"textures": {
		"0": "chair:item/chair",
		"particle": "chair:item/chair"
	},
	"elements": [
		{
			"from": [2.5, 5, 2.5],
			"to": [13.5, 7, 13.5],
			"rotation": {"angle": 0, "axis": "y", "origin": [2, 0, 2]},
			"faces": {
				"north": {"uv": [5.5, 6.5, 8.25, 7], "texture": "#0"},
				"east": {"uv": [1, 7, 3.75, 7.5], "texture": "#0"},
				"south": {"uv": [3.75, 7, 6.5, 7.5], "texture": "#0"},
				"west": {"uv": [3.75, 7, 1, 7.5], "texture": "#0"},
				"down": {"uv": [5.75, 0, 3, 2.75], "texture": "#0"}
			}
		},
		{
			"from": [2, 7, 2],
			"to": [14, 9, 14],
			"rotation": {"angle": 0, "axis": "y", "origin": [2, 0, 2]},
			"faces": {
				"north": {"uv": [5.75, 0, 8.75, 0.5], "texture": "#0"},
				"east": {"uv": [5.75, 0.5, 8.75, 1], "texture": "#0"},
				"south": {"uv": [5.75, 1, 8.75, 1.5], "texture": "#0"},
				"west": {"uv": [8.75, 0.5, 5.75, 1], "texture": "#0"},
				"up": {"uv": [3, 3, 0, 0], "texture": "#0"},
				"down": {"uv": [3, 3, 0, 6], "texture": "#0"}
			}
		},
		{
			"from": [3, 9.5, 3],
			"to": [13, 9.5, 13],
			"rotation": {"angle": 0, "axis": "y", "origin": [2, 0.25, 2]},
			"faces": {
				"up": {"uv": [5.5, 5.25, 3, 2.75], "texture": "#0"}
			}
		},
		{
			"from": [13, 0, 12],
			"to": [14, 17, 14],
			"rotation": {"angle": 0, "axis": "y", "origin": [12, 0, 12]},
			"faces": {
				"north": {"uv": [1, 7.5, 1.25, 11.75], "texture": "#0"},
				"east": {"uv": [0, 6, 0.5, 10.25], "texture": "#0"},
				"south": {"uv": [1.25, 7.5, 1.5, 11.75], "texture": "#0"},
				"west": {"uv": [0.5, 6, 1, 10.25], "texture": "#0"},
				"down": {"uv": [2.75, 6, 2.5, 6.5], "texture": "#0"}
			}
		},
		{
			"from": [3, 10, 13],
			"to": [13, 17, 13],
			"rotation": {"angle": 0, "axis": "y", "origin": [2, 0, 12]},
			"faces": {
				"north": {"uv": [3, 5.25, 5.5, 7], "texture": "#0"},
				"south": {"uv": [5.5, 2.75, 8, 4.5], "texture": "#0"}
			}
		},
		{
			"from": [2, 17, 12],
			"to": [14, 20, 14],
			"rotation": {"angle": 0, "axis": "y", "origin": [2, 0, 12]},
			"faces": {
				"north": {"uv": [5.5, 4.5, 8.5, 5.25], "texture": "#0"},
				"east": {"uv": [1, 6, 1.5, 6.75], "texture": "#0"},
				"south": {"uv": [5.5, 5.25, 8.5, 6], "texture": "#0"},
				"west": {"uv": [1, 6, 1.5, 6.75], "texture": "#0"},
				"up": {"uv": [8.75, 2.5, 5.75, 2], "texture": "#0"},
				"down": {"uv": [8.5, 6, 5.5, 6.5], "texture": "#0"}
			}
		},
		{
			"from": [12, 0, 2],
			"to": [14, 7, 4],
			"rotation": {"angle": 0, "axis": "y", "origin": [12, 0, 2]},
			"faces": {
				"north": {"uv": [1.5, 7.5, 2, 9.25], "texture": "#0"},
				"east": {"uv": [2, 7.5, 2.5, 9.25], "texture": "#0"},
				"south": {"uv": [2.5, 7.5, 3, 9.25], "texture": "#0"},
				"west": {"uv": [3, 7.5, 3.5, 9.25], "texture": "#0"},
				"down": {"uv": [2.5, 6, 2, 6.5], "texture": "#0"}
			}
		},
		{
			"from": [2, 0, 12],
			"to": [3, 17, 14],
			"rotation": {"angle": 0, "axis": "y", "origin": [4, 0, 12]},
			"faces": {
				"north": {"uv": [1.25, 7.5, 1, 11.75], "texture": "#0"},
				"east": {"uv": [1, 6, 0.5, 10.25], "texture": "#0"},
				"south": {"uv": [1.5, 7.5, 1.25, 11.75], "texture": "#0"},
				"west": {"uv": [0.5, 6, 0, 10.25], "texture": "#0"},
				"down": {"uv": [2.5, 6, 2.75, 6.5], "texture": "#0"}
			}
		},
		{
			"from": [2, 0, 2],
			"to": [4, 7, 4],
			"rotation": {"angle": 0, "axis": "y", "origin": [4, 0, 2]},
			"faces": {
				"north": {"uv": [2, 7.5, 1.5, 9.25], "texture": "#0"},
				"east": {"uv": [3.5, 7.5, 3, 9.25], "texture": "#0"},
				"south": {"uv": [3, 7.5, 2.5, 9.25], "texture": "#0"},
				"west": {"uv": [2.5, 7.5, 2, 9.25], "texture": "#0"},
				"down": {"uv": [2, 6, 2.5, 6.5], "texture": "#0"}
			}
		}
	],
	"gui_light": "front",
	"display": {
		"thirdperson_righthand": {
			"rotation": [-180, 0, 0],
			"translation": [5.5, 5.5, 6.75]
		},
		"thirdperson_lefthand": {
			"rotation": [-180, 0, 0],
			"translation": [5.5, 5.5, 6.75]
		},
		"firstperson_righthand": {
			"rotation": [126.4, 4.88, -22.73],
			"translation": [5.5, 5, -6.75]
		},
		"firstperson_lefthand": {
			"rotation": [126.4, 4.88, -22.73],
			"translation": [5.5, 5, -6.75]
		},
		"ground": {
			"translation": [0, 6.75, 0]
		},
		"gui": {
			"rotation": [30, -135, 0],
			"translation": [0.25, -0.75, 0],
			"scale": [0.5, 0.5, 0.5]
		},
		"head": {
			"translation": [0, 11.25, 0],
			"scale": [1.6, 1.6, 1.6]
		},
		"fixed": {
			"translation": [0, -2, -5.75]
		}
	}
}