{
    "model": {
        "type": "composite",
        "models": [
            {
                "type": "model",
                "model": "clock:adv/m_d"
            },
            {
                "type": "select",
                "property": "local_time",
                "pattern": "M",
                "fallback": {
                    "type": "model",
                    "model": "clock:adv/month_0/0"
                },
                "cases": [
                    {
                        "when": ["1","2","3","4","5","6","7","8","9"],
                        "model": {
                            "type": "model",
                            "model": "clock:adv/month_0/0"
                        }
                    },
                    {
                        "when": ["10","11","12"],
                        "model": {
                            "type": "model",
                            "model": "clock:adv/month_0/1"
                        }
                    }
                ]
            },
            {
                "type": "select",
                "property": "local_time",
                "pattern": "M",
                "fallback": {
                    "type": "model",
                    "model": "clock:adv/month_1/0"
                },
                "cases": [
                    {
                        "when": ["10"],
                        "model": {
                            "type": "model",
                            "model": "clock:adv/month_1/0"
                        }
                    },
                    {
                        "when": ["1","11"],
                        "model": {
                            "type": "model",
                            "model": "clock:adv/month_1/1"
                        }
                    },
                    {
                        "when": ["2","12"],
                        "model": {
                            "type": "model",
                            "model": "clock:adv/month_1/2"
                        }
                    },
                    {
                        "when": ["3"],
                        "model": {
                            "type": "model",
                            "model": "clock:adv/month_1/3"
                        }
                    },
                    {
                        "when": ["4"],
                        "model": {
                            "type": "model",
                            "model": "clock:adv/month_1/4"
                        }
                    },
                    {
                        "when": ["5"],
                        "model": {
                            "type": "model",
                            "model": "clock:adv/month_1/5"
                        }
                    },
                    {
                        "when": ["6"],
                        "model": {
                            "type": "model",
                            "model": "clock:adv/month_1/6"
                        }
                    },
                    {
                        "when": ["7"],
                        "model": {
                            "type": "model",
                            "model": "clock:adv/month_1/7"
                        }
                    },
                    {
                        "when": ["8"],
                        "model": {
                            "type": "model",
                            "model": "clock:adv/month_1/8"
                        }
                    },
                    {
                        "when": ["9"],
                        "model": {
                            "type": "model",
                            "model": "clock:adv/month_1/9"
                        }
                    }
                ]
            },
            {
                "type": "select",
                "property": "local_time",
                "pattern": "d",
                "fallback": {
                    "type": "model",
                    "model": "clock:adv/day_0/0"
                },
                "cases": [
                    {
                        "when": ["1","2","3","4","5","6","7","8","9"],
                        "model": {
                            "type": "model",
                            "model": "clock:adv/day_0/0"
                        }
                    },
                    {
                        "when": ["10","11","12","13","14","15","16","17","18","19"],
                        "model": {
                            "type": "model",
                            "model": "clock:adv/day_0/1"
                        }
                    },
                    {
                        "when": ["20","21","22","23","24","25","26","27","28","29"],
                        "model": {
                            "type": "model",
                            "model": "clock:adv/day_0/2"
                        }
                    },
                    {
                        "when": ["30","31"],
                        "model": {
                            "type": "model",
                            "model": "clock:adv/day_0/3"
                        }
                    }
                ]
            },
            {
                "type": "select",
                "property": "local_time",
                "pattern": "d",
                "fallback": {
                    "type": "model",
                    "model": "clock:adv/day_1/0"
                },
                "cases": [
                    {
                        "when": ["10","20","30"],
                        "model": {
                            "type": "model",
                            "model": "clock:adv/day_1/0"
                        }
                    },
                    {
                        "when": ["1","11","21","31"],
                        "model": {
                            "type": "model",
                            "model": "clock:adv/day_1/1"
                        }
                    },
                    {
                        "when": ["2","12","22"],
                        "model": {
                            "type": "model",
                            "model": "clock:adv/day_1/2"
                        }
                    },
                    {
                        "when": ["3","13","23"],
                        "model": {
                            "type": "model",
                            "model": "clock:adv/day_1/3"
                        }
                    },
                    {
                        "when": ["4","14","24"],
                        "model": {
                            "type": "model",
                            "model": "clock:adv/day_1/4"
                        }
                    },
                    {
                        "when": ["5","15","25"],
                        "model": {
                            "type": "model",
                            "model": "clock:adv/day_1/5"
                        }
                    },
                    {
                        "when": ["6","16","26"],
                        "model": {
                            "type": "model",
                            "model": "clock:adv/day_1/6"
                        }
                    },
                    {
                        "when": ["7","17","27"],
                        "model": {
                            "type": "model",
                            "model": "clock:adv/day_1/7"
                        }
                    },
                    {
                        "when": ["8","18","28"],
                        "model": {
                            "type": "model",
                            "model": "clock:adv/day_1/8"
                        }
                    },
                    {
                        "when": ["9","19","29"],
                        "model": {
                            "type": "model",
                            "model": "clock:adv/day_1/9"
                        }
                    }
                ]
            }
        ]
    }
}