{
    "model": {
        "type": "composite",
        "models": [
            {
                "type": "model",
                "model": "clock:adv/s"
            },
            {
                "type": "select",
                "property": "local_time",
                "pattern": "ss",
                "fallback": {
                    "type": "model",
                    "model": "clock:adv/hour_0/0"
                },
                "cases": [
                    {
                        "when": ["00","01","02","03","04","05","06","07","08","09"],
                        "model": {
                            "type": "model",
                            "model": "clock:adv/hour_0/0"
                        }
                    },
                    {
                        "when": ["10","11","12","13","14","15","16","17","18","19"],
                        "model": {
                            "type": "model",
                            "model": "clock:adv/hour_0/1"
                        }
                    },
                    {
                        "when": ["20","21","22","23","24","25","26","27","28","29"],
                        "model": {
                            "type": "model",
                            "model": "clock:adv/hour_0/2"
                        }
                    },
                    {
                        "when": ["30","31","32","33","34","35","36","37","38","39"],
                        "model": {
                            "type": "model",
                            "model": "clock:adv/hour_0/3"
                        }
                    },
                    {
                        "when": ["40","41","42","43","44","45","46","47","48","49"],
                        "model": {
                            "type": "model",
                            "model": "clock:adv/hour_0/4"
                        }
                    },
                    {
                        "when": ["50","51","52","53","54","55","56","57","58","59"],
                        "model": {
                            "type": "model",
                            "model": "clock:adv/hour_0/5"
                        }
                    }
                ]
            },
            {
                "type": "select",
                "property": "local_time",
                "pattern": "ss",
                "fallback": {
                    "type": "model",
                    "model": "clock:adv/hour_1/0"
                },
                "cases": [
                    {
                        "when": ["00","10","20","30","40","50"],
                        "model": {
                            "type": "model",
                            "model": "clock:adv/hour_1/0"
                        }
                    },
                    {
                        "when": ["01","11","21","31","41","51"],
                        "model": {
                            "type": "model",
                            "model": "clock:adv/hour_1/1"
                        }
                    },
                    {
                        "when": ["02","12","22","32","42","52"],
                        "model": {
                            "type": "model",
                            "model": "clock:adv/hour_1/2"
                        }
                    },
                    {
                        "when": ["03","13","23","33","43","53"],
                        "model": {
                            "type": "model",
                            "model": "clock:adv/hour_1/3"
                        }
                    },
                    {
                        "when": ["04","14","24","34","44","54"],
                        "model": {
                            "type": "model",
                            "model": "clock:adv/hour_1/4"
                        }
                    },
                    {
                        "when": ["05","15","25","35","45","55"],
                        "model": {
                            "type": "model",
                            "model": "clock:adv/hour_1/5"
                        }
                    },
                    {
                        "when": ["06","16","26","36","46","56"],
                        "model": {
                            "type": "model",
                            "model": "clock:adv/hour_1/6"
                        }
                    },
                    {
                        "when": ["07","17","27","37","47","57"],
                        "model": {
                            "type": "model",
                            "model": "clock:adv/hour_1/7"
                        }
                    },
                    {
                        "when": ["08","18","28","38","48","58"],
                        "model": {
                            "type": "model",
                            "model": "clock:adv/hour_1/8"
                        }
                    },
                    {
                        "when": ["09","19","29","39","49","59"],
                        "model": {
                            "type": "model",
                            "model": "clock:adv/hour_1/9"
                        }
                    }
                ]
            }
        ]
    }
}