{
    "model": {
        "type": "select",
        "property": "local_time",
        "pattern": "E",
        "fallback": {
            "type": "model",
            "model": "clock:adv/weekday/mon"
        },
        "cases": [
            {
                "when": "Mon",
                "model":{
                    "type": "model",
                    "model": "clock:adv/weekday/mon"
                }
            },
            {
                "when": "Tue",
                "model":{
                    "type": "model",
                    "model": "clock:adv/weekday/tue"
                }
            },
            {
                "when": "Wed",
                "model":{
                    "type": "model",
                    "model": "clock:adv/weekday/wed"
                }
            },
            {
                "when": "Thu",
                "model":{
                    "type": "model",
                    "model": "clock:adv/weekday/thu"
                }
            },
            {
                "when": "Fri",
                "model":{
                    "type": "model",
                    "model": "clock:adv/weekday/fri"
                }
            },
            {
                "when": "Sat",
                "model":{
                    "type": "model",
                    "model": "clock:adv/weekday/sat"
                }
            },
            {
                "when": "Sun",
                "model":{
                    "type": "model",
                    "model": "clock:adv/weekday/sun"
                }
            }
        ]
    }
}