{
    "model": {
        "type": "composite",
        "models": [
            {
                "type": "model",
                "model": "clock:adv/year"
            },
            {
                "type": "select",
                "property": "local_time",
                "pattern": "yy",
                "fallback": {
                    "type": "model",
                    "model": "clock:adv/year_0/0"
                },
                "cases": [
                    {
                        "when": ["00","01","02","03","04","05","06","07","08","09"],
                        "model": {
                            "type": "model",
                            "model": "clock:adv/year_0/0"
                        }
                    },
                    {
                        "when": ["10","11","12","13","14","15","16","17","18","19"],
                        "model": {
                            "type": "model",
                            "model": "clock:adv/year_0/1"
                        }
                    },
                    {
                        "when": ["20","21","22","23","24","25","26","27","28","29"],
                        "model": {
                            "type": "model",
                            "model": "clock:adv/year_0/2"
                        }
                    },
                    {
                        "when": ["30","31","32","33","34","35","36","37","38","39"],
                        "model": {
                            "type": "model",
                            "model": "clock:adv/year_0/3"
                        }
                    },
                    {
                        "when": ["40","41","42","43","44","45","46","47","48","49"],
                        "model": {
                            "type": "model",
                            "model": "clock:adv/year_0/4"
                        }
                    },
                    {
                        "when": ["50","51","52","53","54","55","56","57","58","59"],
                        "model": {
                            "type": "model",
                            "model": "clock:adv/year_0/5"
                        }
                    },
                    {
                        "when": ["60","61","62","63","64","65","66","67","68","69"],
                        "model": {
                            "type": "model",
                            "model": "clock:adv/year_0/6"
                        }
                    },
                    {
                        "when": ["70","71","72","73","74","75","76","77","78","79"],
                        "model": {
                            "type": "model",
                            "model": "clock:adv/year_0/7"
                        }
                    },
                    {
                        "when": ["80","81","82","83","84","85","86","87","88","89"],
                        "model": {
                            "type": "model",
                            "model": "clock:adv/year_0/8"
                        }
                    },
                    {
                        "when": ["90","91","92","93","94","95","96","97","98","99"],
                        "model": {
                            "type": "model",
                            "model": "clock:adv/year_0/9"
                        }
                    }
                ]
            },
            {
                "type": "select",
                "property": "local_time",
                "pattern": "yy",
                "fallback": {
                    "type": "model",
                    "model": "clock:adv/year_1/0"
                },
                "cases": [
                    {
                        "when": ["00","10","20","30","40","50","60","70","80","90"],
                        "model": {
                            "type": "model",
                            "model": "clock:adv/year_1/0"
                        }
                    },
                    {
                        "when": ["01","11","21","31","41","51","61","71","81","91"],
                        "model": {
                            "type": "model",
                            "model": "clock:adv/year_1/1"
                        }
                    },
                    {
                        "when": ["02","12","22","32","42","52","62","72","82","92"],
                        "model": {
                            "type": "model",
                            "model": "clock:adv/year_1/2"
                        }
                    },
                    {
                        "when": ["03","13","23","33","43","53","63","73","83","93"],
                        "model": {
                            "type": "model",
                            "model": "clock:adv/year_1/3"
                        }
                    },
                    {
                        "when": ["04","14","24","34","44","54","64","74","84","94"],
                        "model": {
                            "type": "model",
                            "model": "clock:adv/year_1/4"
                        }
                    },
                    {
                        "when": ["05","15","25","35","45","55","65","75","85","95"],
                        "model": {
                            "type": "model",
                            "model": "clock:adv/year_1/5"
                        }
                    },
                    {
                        "when": ["06","16","26","36","46","56","66","76","86","96"],
                        "model": {
                            "type": "model",
                            "model": "clock:adv/year_1/6"
                        }
                    },
                    {
                        "when": ["07","17","27","37","47","57","67","77","87","97"],
                        "model": {
                            "type": "model",
                            "model": "clock:adv/year_1/7"
                        }
                    },
                    {
                        "when": ["08","18","28","38","48","58","68","78","88","98"],
                        "model": {
                            "type": "model",
                            "model": "clock:adv/year_1/8"
                        }
                    },
                    {
                        "when": ["09","19","29","39","49","59","69","79","89","99"],
                        "model": {
                            "type": "model",
                            "model": "clock:adv/year_1/9"
                        }
                    }
                ]
            }
        ]
    }
}