{
    "pools": [
        {
            "rolls": 1,
            "entries": [
                {
                    "type": "item",
                    "name": "arrow",
                    "functions": [
                        {
                            "function": "set_components",
                            "components": {
                                "item_model": "arrows:arrow_rain",
                                "custom_data": "{arrow_type:1}",
                                "item_name": "箭雨-1"
                            }
                        }
                    ]
                }
            ]
        }
    ]
}