{
		"values": [
				"#minecraft:anvil",
				"#minecraft:arrows",
				"#minecraft:buttons",
				"#minecraft:doors",
				"#minecraft:fences",
				"#minecraft:flowers",
				"#minecraft:leaves",
				"#minecraft:logs",
				"#minecraft:planks",
				"#minecraft:rails",
				"#minecraft:sand",
				"#minecraft:saplings",
				"#minecraft:signs",
				"#minecraft:slabs",
				"#minecraft:stairs",
				"#minecraft:trapdoors",
				"#minecraft:walls",
				"#minecraft:wool",
				{
						"required": false,
						"id": "#minecraft:wool_carpets"
				},
				{
						"required": false,
						"id": "#minecraft:carpets"
				},
				"#uin:general/command_blocks",
				"#uin:general/concrete",
				"#uin:general/concrete_powder",
				"#uin:general/dye",
				"#uin:general/fence_gates",
				"#uin:general/fungus",
				"#uin:general/glass_blocks",
				"#uin:general/glass_panes",
				"#uin:general/grass",
				"#uin:general/lanterns",
				"#uin:general/mineral_blocks",
				"#uin:general/minerals",
				"#uin:general/ores",
				"#uin:general/pressure_plates",
				"#uin:general/roots",
				"#uin:general/skulls",
				"#uin:general/smooth_stone",
				"#uin:general/spawn_eggs",
				"#uin:general/sponge",
				"#uin:general/terracotta",
				"#uin:general/terracotta_glazed",
				"#uin:tech/eatable",
				"minecraft:andesite",
				"minecraft:bamboo",
				"minecraft:barrel",
				"minecraft:barrier",
				"minecraft:basalt",
				"minecraft:beacon",
				"minecraft:bedrock",
				"minecraft:beehive",
				"minecraft:beetroot_seeds",
				"minecraft:bee_nest",
				"minecraft:bell",
				"minecraft:blackstone",
				"minecraft:blast_furnace",
				"minecraft:blaze_powder",
				"minecraft:blaze_rod",
				"minecraft:blue_ice",
				"minecraft:bone",
				"minecraft:bone_block",
				"minecraft:bone_meal",
				"minecraft:book",
				"minecraft:bookshelf",
				"minecraft:bowl",
				"minecraft:brain_coral",
				"minecraft:brain_coral_block",
				"minecraft:brain_coral_fan",
				"minecraft:brewing_stand",
				"minecraft:brick",
				"minecraft:bricks",
				"minecraft:brown_mushroom",
				"minecraft:brown_mushroom_block",
				"minecraft:bubble_coral",
				"minecraft:bubble_coral_block",
				"minecraft:bubble_coral_fan",
				"minecraft:cactus",
				"minecraft:campfire",
				"minecraft:cartography_table",
				"minecraft:carved_pumpkin",
				"minecraft:cauldron",
				"minecraft:chain",
				"minecraft:charcoal",
				"minecraft:chest",
				"minecraft:chiseled_nether_bricks",
				"minecraft:chiseled_polished_blackstone",
				"minecraft:chiseled_quartz_block",
				"minecraft:chiseled_red_sandstone",
				"minecraft:chiseled_sandstone",
				"minecraft:chiseled_stone_bricks",
				"minecraft:chorus_flower",
				"minecraft:chorus_plant",
				"minecraft:clay",
				"minecraft:clay_ball",
				"minecraft:clock",
				"minecraft:coarse_dirt",
				"minecraft:cobblestone",
				"minecraft:cobweb",
				"minecraft:cocoa_beans",
				"minecraft:comparator",
				"minecraft:compass",
				"minecraft:composter",
				"minecraft:conduit",
				"minecraft:cracked_nether_bricks",
				"minecraft:cracked_polished_blackstone_bricks",
				"minecraft:cracked_stone_bricks",
				"minecraft:crafting_table",
				"minecraft:crimson_fence_gate",
				"minecraft:crimson_nylium",
				"minecraft:crying_obsidian",
				"minecraft:cut_red_sandstone",
				"minecraft:cut_sandstone",
				"minecraft:dark_prismarine",
				"minecraft:daylight_detector",
				"minecraft:dead_brain_coral",
				"minecraft:dead_brain_coral_block",
				"minecraft:dead_brain_coral_fan",
				"minecraft:dead_bubble_coral",
				"minecraft:dead_bubble_coral_block",
				"minecraft:dead_bubble_coral_fan",
				"minecraft:dead_bush",
				"minecraft:dead_fire_coral",
				"minecraft:dead_fire_coral_block",
				"minecraft:dead_fire_coral_fan",
				"minecraft:dead_horn_coral",
				"minecraft:dead_horn_coral_block",
				"minecraft:dead_horn_coral_fan",
				"minecraft:dead_tube_coral",
				"minecraft:dead_tube_coral_block",
				"minecraft:dead_tube_coral_fan",
				"minecraft:diorite",
				"minecraft:dirt",
				"minecraft:dispenser",
				"minecraft:dragon_breath",
				"minecraft:dragon_egg",
				"minecraft:dried_kelp_block",
				"minecraft:dropper",
				"minecraft:enchanting_table",
				"minecraft:ender_chest",
				"minecraft:ender_eye",
				"minecraft:end_crystal",
				"minecraft:end_portal_frame",
				"minecraft:end_rod",
				"minecraft:end_stone",
				"minecraft:end_stone_bricks",
				"minecraft:experience_bottle",
				"minecraft:farmland",
				"minecraft:feather",
				"minecraft:fermented_spider_eye",
				"minecraft:fern",
				"minecraft:filled_map",
				"minecraft:firework_rocket",
				"minecraft:firework_star",
				"minecraft:fire_charge",
				"minecraft:fire_coral",
				"minecraft:fire_coral_block",
				"minecraft:fire_coral_fan",
				"minecraft:fletching_table",
				"minecraft:flint",
				"minecraft:flower_pot",
				"minecraft:furnace",
				"minecraft:ghast_tear",
				"minecraft:glass_bottle",
				"minecraft:glistering_melon_slice",
				"minecraft:glowstone",
				"minecraft:glowstone_dust",
				"minecraft:granite",
				"minecraft:grass_block",
				"minecraft:gravel",
				"minecraft:grindstone",
				"minecraft:gunpowder",
				"minecraft:hay_block",
				"minecraft:heart_of_the_sea",
				"minecraft:honeycomb",
				"minecraft:honeycomb_block",
				"minecraft:honey_block",
				"minecraft:hopper",
				"minecraft:horn_coral",
				"minecraft:horn_coral_block",
				"minecraft:horn_coral_fan",
				"minecraft:ice",
				"minecraft:infested_chiseled_stone_bricks",
				"minecraft:infested_cobblestone",
				"minecraft:infested_cracked_stone_bricks",
				"minecraft:infested_mossy_stone_bricks",
				"minecraft:infested_stone",
				"minecraft:infested_stone_bricks",
				"minecraft:ink_sac",
				"minecraft:iron_bars",
				"minecraft:item_frame",
				"minecraft:jack_o_lantern",
				"minecraft:jigsaw",
				"minecraft:jukebox",
				"minecraft:kelp",
				"minecraft:ladder",
				"minecraft:large_fern",
				"minecraft:lead",
				"minecraft:leather",
				"minecraft:lectern",
				"minecraft:lever",
				"minecraft:lily_pad",
				"minecraft:lodestone",
				"minecraft:loom",
				"minecraft:magma_block",
				"minecraft:magma_cream",
				"minecraft:map",
				"minecraft:melon",
				"minecraft:melon_seeds",
				"minecraft:mossy_cobblestone",
				"minecraft:mossy_stone_bricks",
				"minecraft:mushroom_stem",
				"minecraft:mycelium",
				"minecraft:name_tag",
				"minecraft:nautilus_shell",
				"minecraft:netherrack",
				"minecraft:nether_brick",
				"minecraft:nether_bricks",
				"minecraft:nether_sprouts",
				"minecraft:nether_star",
				"minecraft:nether_wart",
				"minecraft:nether_wart_block",
				"minecraft:note_block",
				"minecraft:observer",
				"minecraft:obsidian",
				"minecraft:packed_ice",
				"minecraft:painting",
				"minecraft:paper",
				"minecraft:phantom_membrane",
				"minecraft:piston",
				"minecraft:podzol",
				"minecraft:polished_andesite",
				"minecraft:polished_basalt",
				"minecraft:polished_blackstone",
				"minecraft:polished_blackstone_bricks",
				"minecraft:polished_diorite",
				"minecraft:polished_granite",
				"minecraft:popped_chorus_fruit",
				"minecraft:prismarine",
				"minecraft:prismarine_bricks",
				"minecraft:prismarine_crystals",
				"minecraft:prismarine_shard",
				"minecraft:pumpkin",
				"minecraft:pumpkin_seeds",
				"minecraft:purpur_block",
				"minecraft:purpur_pillar",
				"minecraft:quartz_bricks",
				"minecraft:quartz_pillar",
				"minecraft:rabbit_foot",
				"minecraft:rabbit_hide",
				"minecraft:redstone_lamp",
				"minecraft:redstone_torch",
				"minecraft:red_mushroom",
				"minecraft:red_mushroom_block",
				"minecraft:red_nether_bricks",
				"minecraft:red_sandstone",
				"minecraft:repeater",
				"minecraft:respawn_anchor",
				"minecraft:sandstone",
				"minecraft:scaffolding",
				"minecraft:scute",
				"minecraft:seagrass",
				"minecraft:sea_lantern",
				"minecraft:sea_pickle",
				"minecraft:shroomlight",
				"minecraft:shulker_shell",
				"minecraft:slime_ball",
				"minecraft:slime_block",
				"minecraft:smithing_table",
				"minecraft:smoker",
				"minecraft:snow",
				"minecraft:snow_block",
				"minecraft:soul_campfire",
				"minecraft:soul_sand",
				"minecraft:soul_soil",
				"minecraft:soul_torch",
				"minecraft:spawner",
				"minecraft:stick",
				"minecraft:sticky_piston",
				"minecraft:stone",
				"minecraft:stonecutter",
				"minecraft:stone_bricks",
				"minecraft:string",
				"minecraft:structure_block",
				"minecraft:structure_void",
				"minecraft:sugar",
				"minecraft:sugar_cane",
				"minecraft:target",
				"minecraft:tnt",
				"minecraft:torch",
				"minecraft:trapped_chest",
				"minecraft:tripwire_hook",
				"minecraft:tube_coral",
				"minecraft:tube_coral_block",
				"minecraft:tube_coral_fan",
				"minecraft:turtle_egg",
				"minecraft:twisting_vines",
				"minecraft:vine",
				"minecraft:warped_fence_gate",
				"minecraft:warped_nylium",
				"minecraft:warped_wart_block",
				"minecraft:weeping_vines",
				"minecraft:wheat",
				"minecraft:wheat_seeds",
				{
						"required": false,
						"id": "n/a",
						"version": 1.17
				},
				{
						"required": false,
						"id": "n/a",
						"note": "renamed from-to"
				},
				{
						"required": false,
						"id": "minecraft:grass_path"
				},
				{
						"required": false,
						"id": "minecraft:dirt_path"
				}
		]
}
