[
    {
        "condition": "inverted",
        "term": {
            "condition": "entity_properties",
            "entity": "this",
            "predicate": {
                "equipment": {
                    "mainhand":{
                        "items":["carrot_on_a_stick"]
                    }
                }
            }
        }
    },
    {
        "condition": "entity_properties",
        "entity": "this",
        "predicate": {
            "equipment": {
                "offhand":{
                    "nbt": "{shulker_sword:1b}"
                }
            }
        }
    }
]
