{
    "providers":[
        {
            "type": "space",
            "advances": {
                "\u0001":-4.75,
                "\u0002":-4.75,
                "\u0003":-4.75,
                "\u0004":-4.75,
                "\u0005":-4.75,
                "\u0006":-4.75,
                "\u0007":-4.75,
                "\u0008":-4.75,
                "\u0009":-4.75,
                "\u0010":-4.75,
                "\u0011":-4.75,
                "\u0012":-4.75,
                "\u0013":-4.75,
                "\u0014":-4.75,
                "\u0015":-4.75,
                "\u0016":-4.75,
                "\u0017":-4.75,
                "\u0018":-4.75,
                "\u0101":-4.25,
                "\u0102":-4.25,
                "\u0103":-4.25,
                "\u0104":-4.25,
                "\u0105":-4.25,
                "\u0106":-4.25,
                "\u0107":-4.25,
                "\u0108":-4.25,
                "\u0109":-4.25,
                "\u0110":-4.25,
                "\u0111":-4.25,
                "\u0112":-4.25,
                "\u0113":-4.25,
                "\u0114":-4.25,
                "\u0115":-4.25,
                "\u0116":-4.25,
                "\u0117":-4.25,
                "\u0118":-4.25,
                "\u0201":-5.25,
                "\u0202":-5.25,
                "\u0203":-5.25,
                "\u0204":-5.25,
                "\u0205":-5.25,
                "\u0206":-5.25,
                "\u0207":-5.25,
                "\u0208":-5.25,
                "\u0209":-5.25,
                "\u0210":-5.25,
                "\u0211":-5.25,
                "\u0212":-5.25,
                "\u0213":-5.25,
                "\u0214":-5.25,
                "\u0215":-5.25,
                "\u0216":-5.25,
                "\u0217":-5.25,
                "\u0218":-5.25,
                "\u0301":-3.5,
                "\u0302":-3.5,
                "\u0303":-3.5,
                "\u0304":-3.5,
                "\u0305":-3.5,
                "\u0306":-3.5,
                "\u0307":-3.5,
                "\u0308":-3.5,
                "\u0309":-3.5,
                "\u0310":-3.5,
                "\u0311":-3.5,
                "\u0312":-3.5,
                "\u0313":-3.5,
                "\u0314":-3.5,
                "\u0315":-3.5,
                "\u0316":-3.5,
                "\u0317":-3.5,
                "\u0318":-3.5,
                "\u0319":-3.5,
                "\u0320":-3.5,
                "\u0321":-3.5,
                "\u1001":-3.5,

                "\u1002":-7.125,
                "\u1003":-7.125,
                "\u1004":-7.125,
                "\u1005":-7.125,
                "\u1006":-7.125,
                "\u1007":-7.125,
                "\u1008":-7.125,
                "\u1009":-7.125,
                "\u1010":-7.125,
                "\u1011":-7.125,
                "\u1012":-7.125,
                "\u1013":-7.125,
                "\u1014":-7.125,
                "\u1015":-7.125,
                "\u1016":-7.125,
                "\u1017":-7.125,
                "\u1018":-7.125,
                "\u1101":-6.375,
                "\u1102":-6.375,
                "\u1103":-6.375,
                "\u1104":-6.375,
                "\u1105":-6.375,
                "\u1106":-6.375,
                "\u1107":-6.375,
                "\u1108":-6.375,
                "\u1109":-6.375,
                "\u1110":-6.375,
                "\u1111":-6.375,
                "\u1112":-6.375,
                "\u1113":-6.375,
                "\u1114":-6.375,
                "\u1115":-6.375,
                "\u1116":-6.375,
                "\u1117":-6.375,
                "\u1118":-6.375,
                "\u1201":-7.875,
                "\u1202":-7.875,
                "\u1203":-7.875,
                "\u1204":-7.875,
                "\u1205":-7.875,
                "\u1206":-7.875,
                "\u1207":-7.875,
                "\u1208":-7.875,
                "\u1209":-7.875,
                "\u1210":-7.875,
                "\u1211":-7.875,
                "\u1212":-7.875,
                "\u1213":-7.875,
                "\u1214":-7.875,
                "\u1215":-7.875,
                "\u1216":-7.875,
                "\u1217":-7.875,
                "\u1218":-7.875,
                "\u1301":-5.25,
                "\u1302":-5.25,
                "\u1303":-5.25,
                "\u1304":-5.25,
                "\u1305":-5.25,
                "\u1306":-5.25,
                "\u1307":-5.25,
                "\u1308":-5.25,
                "\u1309":-5.25,
                "\u1310":-5.25,
                "\u1311":-5.25,
                "\u1312":-5.25,
                "\u1313":-5.25,
                "\u1314":-5.25,
                "\u1315":-5.25,
                "\u1316":-5.25,
                "\u1317":-5.25,
                "\u1318":-5.25,
                "\u1319":-5.25,
                "\u1320":-5.25,
                "\u1321":-5.25,

                "\u0019":-1,
                "\u0020":-1,
                "\u0021":-1,
                "\u0119":-1,
                "\u0120":-1,
                "\u0121":-1,
                "\u0220":-1,
                "\u0221":-1,
                "\u0402": 0,
                "\u0401": 0,
                "\u0400": -0.5
            }
        }
    ]
}