{
    "providers":[
        {
            "type":"bitmap",
            "file":"misc:font/dodge.png",
            "chars":["\u0001"],
            "ascent":8
        },
        {
            "type":"bitmap",
            "file":"misc:font/sweep.png",
            "chars":["\u0002"],
            "ascent":8
        },
        {
            "type":"bitmap",
            "file":"misc:font/mace.png",
            "chars":["\u0003"],
            "height": 16,
            "ascent":16
        },
        {
            "type":"bitmap",
            "file":"misc:font/mace_disable.png",
            "chars":["\u0004"],
            "height":16,
            "ascent":16
        },
        {
            "type":"bitmap",
            "file":"misc:font/mace_burst.png",
            "chars":["\u0005"],
            "height":16,
            "ascent":16
        },
        {
            "type": "reference",
            "id": "minecraft:include/space"
        }
    ]
}