{
    "pools": [
        {
            "rolls": 1,
            "entries": [
                {
                    "type": "item",
                    "name": "firework_star",
                    "functions": [
                        {
                            "function": "set_components",
                            "components": {
                                "consumable": {
                                    "animation": "crossbow",
                                    "consume_seconds": 1000,
                                    "sound": "item.crossbow.loading_start",
                                    "has_consume_particles": false
                                },
                                "item_model":"crossbow",
                                "item_name":"弩",
                                "custom_data": "{crossbow:1b}",
                                "max_stack_size": 1
                            }
                        }
                    ]
                }
            ]
        }
    ]
}