{
  "anvil_cost": 4,
  "description": "飞起来！",
  "effects": {
    "minecraft:post_attack": [
      {
        "affected": "victim",
        "effect": {
          "type": "minecraft:explode",
          "block_interaction": "trigger",
          "immune_blocks": "#minecraft:blocks_wind_charge_explosions",
          "knockback_multiplier": {
            "type": "minecraft:lookup",
            "fallback": {
              "type": "minecraft:linear",
              "base": 1.5,
              "per_level_above_first": 0.35
            },
            "values": [
              2.2
            ]
          },
          "large_particle": {
            "type": "minecraft:gust_emitter_large"
          },
          "radius": 3.5,
          "small_particle": {
            "type": "minecraft:gust_emitter_small"
          },
          "sound": "minecraft:entity.wind_charge.wind_burst"
        },
        "enchanted": "attacker"
        
      }
    ]
  },
  "max_cost": {
    "base": 65,
    "per_level_above_first": 9
  },
  "max_level": 1,
  "min_cost": {
    "base": 15,
    "per_level_above_first": 9
  },
  "slots": [
    "mainhand","offhand"
  ],
  "supported_items": "#minecraft:enchantable/sword",
  "weight": 2
}