{
	"parent":"fox:item/parent",
	"texture_size": [64, 64],
	"textures": {
		"20": "fox:item/3",
		"particle": "fox:item/key"
	},
	"elements": [
		{
			"name": "w_0",
			"from": [3.3125, 0.5, -4.5],
			"to": [4.6875, 0.8125, -2.5],
			"rotation": {"angle": 0, "axis": "y", "origin": [3, 0.5, -2.5]},
			"faces": {
				"north": {"uv": [2.5, 0, 13.5, 0.5], "rotation": 180, "texture": "#20"},
				"east": {"uv": [13, 0, 13.5, 16], "rotation": 90, "texture": "#20"},
				"south": {"uv": [2.5, 15.5, 13.5, 16], "texture": "#20"},
				"west": {"uv": [2.5, 0, 3, 16], "rotation": 270, "texture": "#20"},
				"up": {"uv": [2.5, 0, 13.5, 16], "texture": "#20"},
				"down": {"uv": [13.5, 0, 2.5, 16], "rotation": 180, "texture": "#20"}
			}
		},
		{
			"name": "w_1",
			"from": [3.1875, 0.5, -4.4375],
			"to": [3.3125, 0.8125, -2.5625],
			"rotation": {"angle": 0, "axis": "y", "origin": [3, 0.5, -2.5]},
			"faces": {
				"north": {"uv": [1.5, 0.5, 2.5, 1], "rotation": 180, "texture": "#20"},
				"east": {"uv": [2, 0.5, 2.5, 15.5], "rotation": 90, "texture": "#20"},
				"south": {"uv": [1.5, 15, 2.5, 15.5], "texture": "#20"},
				"west": {"uv": [1.5, 0.5, 2, 15.5], "rotation": 270, "texture": "#20"},
				"up": {"uv": [1.5, 0.5, 2.5, 15.5], "texture": "#20"},
				"down": {"uv": [2.5, 0.5, 1.5, 15.5], "rotation": 180, "texture": "#20"}
			}
		},
		{
			"name": "w_2",
			"from": [4.6875, 0.5, -4.4375],
			"to": [4.8125, 0.8125, -2.5625],
			"rotation": {"angle": 0, "axis": "y", "origin": [3, 0.5, -2.5]},
			"faces": {
				"north": {"uv": [13.5, 0.5, 14.5, 1], "rotation": 180, "texture": "#20"},
				"east": {"uv": [14, 0.5, 14.5, 15.5], "rotation": 90, "texture": "#20"},
				"south": {"uv": [13.5, 15, 14.5, 15.5], "texture": "#20"},
				"west": {"uv": [13.5, 0.5, 14, 15.5], "rotation": 270, "texture": "#20"},
				"up": {"uv": [13.5, 0.5, 14.5, 15.5], "texture": "#20"},
				"down": {"uv": [14.5, 0.5, 13.5, 15.5], "rotation": 180, "texture": "#20"}
			}
		},
		{
			"name": "w_3",
			"from": [3.125, 0.5, -4.375],
			"to": [3.1875, 0.8125, -2.625],
			"rotation": {"angle": 0, "axis": "y", "origin": [3, 0.5, -2.5]},
			"faces": {
				"north": {"uv": [1, 1, 1.5, 1.5], "rotation": 180, "texture": "#20"},
				"east": {"uv": [1, 1, 1.5, 15], "rotation": 90, "texture": "#20"},
				"south": {"uv": [1, 14.5, 1.5, 15], "texture": "#20"},
				"west": {"uv": [1, 1, 1.5, 15], "rotation": 270, "texture": "#20"},
				"up": {"uv": [1, 1, 1.5, 15], "texture": "#20"},
				"down": {"uv": [1.5, 1, 1, 15], "rotation": 180, "texture": "#20"}
			}
		},
		{
			"name": "w_4",
			"from": [4.8125, 0.5, -4.375],
			"to": [4.875, 0.8125, -2.625],
			"rotation": {"angle": 0, "axis": "y", "origin": [3, 0.5, -2.5]},
			"faces": {
				"north": {"uv": [14.5, 1, 15, 1.5], "rotation": 180, "texture": "#20"},
				"east": {"uv": [14.5, 1, 15, 15], "rotation": 90, "texture": "#20"},
				"south": {"uv": [14.5, 14.5, 15, 15], "texture": "#20"},
				"west": {"uv": [14.5, 1, 15, 15], "rotation": 270, "texture": "#20"},
				"up": {"uv": [14.5, 1, 15, 15], "texture": "#20"},
				"down": {"uv": [15, 1, 14.5, 15], "rotation": 180, "texture": "#20"}
			}
		},
		{
			"name": "w_5",
			"from": [3.0625, 0.5, -4.3125],
			"to": [3.125, 0.8125, -2.6875],
			"rotation": {"angle": 0, "axis": "y", "origin": [3, 0.5, -2.5]},
			"faces": {
				"north": {"uv": [0.5, 1.5, 1, 2], "rotation": 180, "texture": "#20"},
				"east": {"uv": [0.5, 1.5, 1, 14.5], "rotation": 90, "texture": "#20"},
				"south": {"uv": [0.5, 14, 1, 14.5], "texture": "#20"},
				"west": {"uv": [0.5, 1.5, 1, 14.5], "rotation": 270, "texture": "#20"},
				"up": {"uv": [0.5, 1.5, 1, 14.5], "texture": "#20"},
				"down": {"uv": [1, 1.5, 0.5, 14.5], "rotation": 180, "texture": "#20"}
			}
		},
		{
			"name": "w_6",
			"from": [4.875, 0.5, -4.3125],
			"to": [4.9375, 0.8125, -2.6875],
			"rotation": {"angle": 0, "axis": "y", "origin": [3, 0.5, -2.5]},
			"faces": {
				"north": {"uv": [15, 1.5, 15.5, 2], "rotation": 180, "texture": "#20"},
				"east": {"uv": [15, 1.5, 15.5, 14.5], "rotation": 90, "texture": "#20"},
				"south": {"uv": [15, 14, 15.5, 14.5], "texture": "#20"},
				"west": {"uv": [15, 1.5, 15.5, 14.5], "rotation": 270, "texture": "#20"},
				"up": {"uv": [15, 1.5, 15.5, 14.5], "texture": "#20"},
				"down": {"uv": [15.5, 1.5, 15, 14.5], "rotation": 180, "texture": "#20"}
			}
		},
		{
			"name": "w_7",
			"from": [3, 0.5, -4.1875],
			"to": [3.0625, 0.8125, -2.8125],
			"rotation": {"angle": 0, "axis": "y", "origin": [3, 0.5, -2.5]},
			"faces": {
				"north": {"uv": [0, 2.5, 0.5, 3], "rotation": 180, "texture": "#20"},
				"east": {"uv": [0, 2.5, 0.5, 13.5], "rotation": 90, "texture": "#20"},
				"south": {"uv": [0, 13, 0.5, 13.5], "texture": "#20"},
				"west": {"uv": [0, 2.5, 0.5, 13.5], "rotation": 270, "texture": "#20"},
				"up": {"uv": [0, 2.5, 0.5, 13.5], "texture": "#20"},
				"down": {"uv": [0.5, 2.5, 0, 13.5], "rotation": 180, "texture": "#20"}
			}
		},
		{
			"name": "w_8",
			"from": [4.9375, 0.5, -4.1875],
			"to": [5, 0.8125, -2.8125],
			"rotation": {"angle": 0, "axis": "y", "origin": [3, 0.5, -2.5]},
			"faces": {
				"north": {"uv": [15.5, 2.5, 16, 3], "rotation": 180, "texture": "#20"},
				"east": {"uv": [15.5, 2.5, 16, 13.5], "rotation": 90, "texture": "#20"},
				"south": {"uv": [15.5, 13, 16, 13.5], "texture": "#20"},
				"west": {"uv": [15.5, 2.5, 16, 13.5], "rotation": 270, "texture": "#20"},
				"up": {"uv": [15.5, 2.5, 16, 13.5], "texture": "#20"},
				"down": {"uv": [16, 2.5, 15.5, 13.5], "rotation": 180, "texture": "#20"}
			}
		}
	],
	"gui_light": "front",
	
	"groups": [
		{
			"name": "3",
			"origin": [8, 8, 8],
			"color": 0,
			"children": [0, 1, 2, 3, 4, 5, 6, 7, 8]
		}
	]
}