{
	"parent":"fox:item/parent",
	"texture_size": [64, 64],
	"textures": {
		"10": "fox:item/ctrl",
		"particle": "fox:item/key"
	},
	"elements": [
		{
			"name": "ctrl_0",
			"from": [-0.6875, 0.5, 3],
			"to": [2.6875, 0.8125, 5],
			"rotation": {"angle": 0, "axis": "y", "origin": [-1, 0.5, 3]},
			"faces": {
				"north": {"uv": [14.75, 0, 1.25, 0.5], "texture": "#10"},
				"east": {"uv": [14.5, 0, 14.75, 16], "rotation": 90, "texture": "#10"},
				"south": {"uv": [1.25, 15.5, 14.75, 16], "texture": "#10"},
				"west": {"uv": [1.25, 0, 1.5, 16], "rotation": 270, "texture": "#10"},
				"up": {"uv": [1.25, 0, 14.75, 16], "texture": "#10"},
				"down": {"uv": [1.25, 16, 14.75, 0], "texture": "#10"}
			}
		},
		{
			"name": "ctrl_1",
			"from": [-0.8125, 0.5, 3.0625],
			"to": [-0.6875, 0.8125, 4.9375],
			"rotation": {"angle": 0, "axis": "y", "origin": [-1, 0.5, 3]},
			"faces": {
				"north": {"uv": [1.25, 0.5, 0.75, 1], "texture": "#10"},
				"east": {"uv": [1, 0.5, 1.25, 15.5], "rotation": 90, "texture": "#10"},
				"south": {"uv": [0.75, 15, 1.25, 15.5], "texture": "#10"},
				"west": {"uv": [0.75, 0.5, 1, 15.5], "rotation": 270, "texture": "#10"},
				"up": {"uv": [0.75, 0.5, 1.25, 15.5], "texture": "#10"},
				"down": {"uv": [0.75, 15.5, 1.25, 0.5], "texture": "#10"}
			}
		},
		{
			"name": "ctrl_2",
			"from": [2.6875, 0.5, 3.0625],
			"to": [2.8125, 0.8125, 4.9375],
			"rotation": {"angle": 0, "axis": "y", "origin": [-1, 0.5, 3]},
			"faces": {
				"north": {"uv": [15.25, 0.5, 14.75, 1], "texture": "#10"},
				"east": {"uv": [15, 0.5, 15.25, 15.5], "rotation": 90, "texture": "#10"},
				"south": {"uv": [14.75, 15, 15.25, 15.5], "texture": "#10"},
				"west": {"uv": [14.75, 0.5, 15, 15.5], "rotation": 270, "texture": "#10"},
				"up": {"uv": [14.75, 0.5, 15.25, 15.5], "texture": "#10"},
				"down": {"uv": [14.75, 15.5, 15.25, 0.5], "texture": "#10"}
			}
		},
		{
			"name": "ctrl_3",
			"from": [-0.875, 0.5, 3.125],
			"to": [-0.8125, 0.8125, 4.875],
			"rotation": {"angle": 0, "axis": "y", "origin": [-1, 0.5, 3]},
			"faces": {
				"north": {"uv": [0.75, 1, 0.5, 1.5], "texture": "#10"},
				"east": {"uv": [0.5, 1, 0.75, 15], "rotation": 90, "texture": "#10"},
				"south": {"uv": [0.5, 14.5, 0.75, 15], "texture": "#10"},
				"west": {"uv": [0.5, 1, 0.75, 15], "rotation": 270, "texture": "#10"},
				"up": {"uv": [0.5, 1, 0.75, 15], "texture": "#10"},
				"down": {"uv": [0.5, 15, 0.75, 1], "texture": "#10"}
			}
		},
		{
			"name": "ctrl_4",
			"from": [2.8125, 0.5, 3.125],
			"to": [2.875, 0.8125, 4.875],
			"rotation": {"angle": 0, "axis": "y", "origin": [-1, 0.5, 3]},
			"faces": {
				"north": {"uv": [15.5, 1, 15.25, 1.5], "texture": "#10"},
				"east": {"uv": [15.25, 1, 15.5, 15], "rotation": 90, "texture": "#10"},
				"south": {"uv": [15.25, 14.5, 15.5, 15], "texture": "#10"},
				"west": {"uv": [15.25, 1, 15.5, 15], "rotation": 270, "texture": "#10"},
				"up": {"uv": [15.25, 1, 15.5, 15], "texture": "#10"},
				"down": {"uv": [15.25, 15, 15.5, 1], "texture": "#10"}
			}
		},
		{
			"name": "ctrl_5",
			"from": [-0.9375, 0.5, 3.1875],
			"to": [-0.875, 0.8125, 4.8125],
			"rotation": {"angle": 0, "axis": "y", "origin": [-1, 0.5, 3]},
			"faces": {
				"north": {"uv": [0.5, 1.5, 0.25, 2], "texture": "#10"},
				"east": {"uv": [0.25, 1.5, 0.5, 14.5], "rotation": 90, "texture": "#10"},
				"south": {"uv": [0.25, 14, 0.5, 14.5], "texture": "#10"},
				"west": {"uv": [0.25, 1.5, 0.5, 14.5], "rotation": 270, "texture": "#10"},
				"up": {"uv": [0.25, 1.5, 0.5, 14.5], "texture": "#10"},
				"down": {"uv": [0.25, 14.5, 0.5, 1.5], "texture": "#10"}
			}
		},
		{
			"name": "ctrl_6",
			"from": [2.875, 0.5, 3.1875],
			"to": [2.9375, 0.8125, 4.8125],
			"rotation": {"angle": 0, "axis": "y", "origin": [-1, 0.5, 3]},
			"faces": {
				"north": {"uv": [15.75, 1.5, 15.5, 2], "texture": "#10"},
				"east": {"uv": [15.5, 1.5, 15.75, 14.5], "rotation": 90, "texture": "#10"},
				"south": {"uv": [15.5, 14, 15.75, 14.5], "texture": "#10"},
				"west": {"uv": [15.5, 1.5, 15.75, 14.5], "rotation": 270, "texture": "#10"},
				"up": {"uv": [15.5, 1.5, 15.75, 14.5], "texture": "#10"},
				"down": {"uv": [15.5, 14.5, 15.75, 1.5], "texture": "#10"}
			}
		},
		{
			"name": "ctrl_7",
			"from": [-1, 0.5, 3.3125],
			"to": [-0.9375, 0.8125, 4.6875],
			"rotation": {"angle": 0, "axis": "y", "origin": [-1, 0.5, 3]},
			"faces": {
				"north": {"uv": [0.25, 2.5, 0, 3], "texture": "#10"},
				"east": {"uv": [0, 2.5, 0.25, 13.5], "rotation": 90, "texture": "#10"},
				"south": {"uv": [0, 13, 0.25, 13.5], "texture": "#10"},
				"west": {"uv": [0, 2.5, 0.25, 13.5], "rotation": 270, "texture": "#10"},
				"up": {"uv": [0, 2.5, 0.25, 13.5], "texture": "#10"},
				"down": {"uv": [0, 13.5, 0.25, 2.5], "texture": "#10"}
			}
		},
		{
			"name": "ctrl_8",
			"from": [2.9375, 0.5, 3.3125],
			"to": [3, 0.8125, 4.6875],
			"rotation": {"angle": 0, "axis": "y", "origin": [-1, 0.5, 3]},
			"faces": {
				"north": {"uv": [16, 2.5, 15.75, 3], "texture": "#10"},
				"east": {"uv": [15.75, 2.5, 16, 13.5], "rotation": 90, "texture": "#10"},
				"south": {"uv": [15.75, 13, 16, 13.5], "texture": "#10"},
				"west": {"uv": [15.75, 2.5, 16, 13.5], "rotation": 270, "texture": "#10"},
				"up": {"uv": [15.75, 2.5, 16, 13.5], "texture": "#10"},
				"down": {"uv": [15.75, 13.5, 16, 2.5], "texture": "#10"}
			}
		}
	],
	"gui_light": "front",
	
	"groups": [
		{
			"name": "ctrl",
			"origin": [8, 8, 8],
			"color": 0,
			"children": [0, 1, 2, 3, 4, 5, 6, 7, 8]
		}
	]
}