{
	"parent":"fox:item/parent",
	"texture_size": [64, 64],
	"textures": {
		"15": "fox:item/mouse_left",
		"particle": "fox:item/key"
	},
	"elements": [
		{
			"name": "mouse_left_0",
			"from": [12.5, 0.5, 0.5],
			"to": [14, 1, 3],
			"rotation": {"angle": 0, "axis": "y", "origin": [9.5, 0.5, -0.5]},
			"faces": {
				"north": {"uv": [9, 2, 6, 3], "texture": "#15"},
				"east": {"uv": [8, 2, 9, 7], "rotation": 90, "texture": "#15"},
				"south": {"uv": [6, 6, 9, 7], "texture": "#15"},
				"west": {"uv": [6, 2, 7, 7], "rotation": 270, "texture": "#15"},
				"up": {"uv": [6, 2, 9, 7], "texture": "#15"},
				"down": {"uv": [6, 7, 9, 2], "texture": "#15"}
			}
		},
		{
			"name": "mouse_left_1",
			"from": [12, 0.5, 1],
			"to": [12.5, 1, 2.5],
			"rotation": {"angle": 0, "axis": "y", "origin": [9.5, 0.5, -0.5]},
			"faces": {
				"north": {"uv": [6, 3, 5, 4], "texture": "#15"},
				"east": {"uv": [5, 3, 6, 6], "rotation": 90, "texture": "#15"},
				"south": {"uv": [5, 5, 6, 6], "texture": "#15"},
				"west": {"uv": [5, 3, 6, 6], "rotation": 270, "texture": "#15"},
				"up": {"uv": [5, 3, 6, 6], "texture": "#15"},
				"down": {"uv": [5, 6, 6, 3], "texture": "#15"}
			}
		},
		{
			"name": "mouse_left_2",
			"from": [14, 0.5, 1],
			"to": [14.5, 1, 2.5],
			"rotation": {"angle": 0, "axis": "y", "origin": [9.5, 0.5, -0.5]},
			"faces": {
				"north": {"uv": [10, 3, 9, 4], "texture": "#15"},
				"east": {"uv": [9, 3, 10, 6], "rotation": 90, "texture": "#15"},
				"south": {"uv": [9, 5, 10, 6], "texture": "#15"},
				"west": {"uv": [9, 3, 10, 6], "rotation": 270, "texture": "#15"},
				"up": {"uv": [9, 3, 10, 6], "texture": "#15"},
				"down": {"uv": [9, 6, 10, 3], "texture": "#15"}
			}
		}
	],
	"gui_light": "front",
	
	"groups": [
		{
			"name": "mouse_left",
			"origin": [8, 8, 8],
			"color": 0,
			"children": [0, 1, 2]
		}
	]
}