{
	"parent":"fox:item/parent",
	"texture_size": [64, 64],
	"textures": {
		"12": "fox:item/space",
		"particle": "fox:item/key"
	},
	"elements": [
		{
			"name": "space_0",
			"from": [3.8125, 0.5, 3],
			"to": [11.1875, 0.8125, 5],
			"rotation": {"angle": 0, "axis": "y", "origin": [3.5, 0.5, 3]},
			"faces": {
				"north": {"uv": [15.375, 0, 0.625, 0.5], "texture": "#12"},
				"east": {"uv": [15.25, 0, 15.375, 16], "rotation": 90, "texture": "#12"},
				"south": {"uv": [0.625, 15.5, 15.375, 16], "texture": "#12"},
				"west": {"uv": [0.625, 0, 0.75, 16], "rotation": 270, "texture": "#12"},
				"up": {"uv": [0.625, 0, 15.375, 16], "texture": "#12"},
				"down": {"uv": [0.625, 16, 15.375, 0], "texture": "#12"}
			}
		},
		{
			"name": "space_1",
			"from": [3.6875, 0.5, 3.0625],
			"to": [3.8125, 0.8125, 4.9375],
			"rotation": {"angle": 0, "axis": "y", "origin": [3.5, 0.5, 3]},
			"faces": {
				"north": {"uv": [0.625, 0.5, 0.375, 1], "texture": "#12"},
				"east": {"uv": [0.5, 0.5, 0.625, 15.5], "rotation": 90, "texture": "#12"},
				"south": {"uv": [0.375, 15, 0.625, 15.5], "texture": "#12"},
				"west": {"uv": [0.375, 0.5, 0.5, 15.5], "rotation": 270, "texture": "#12"},
				"up": {"uv": [0.375, 0.5, 0.625, 15.5], "texture": "#12"},
				"down": {"uv": [0.375, 15.5, 0.625, 0.5], "texture": "#12"}
			}
		},
		{
			"name": "space_2",
			"from": [11.1875, 0.5, 3.0625],
			"to": [11.3125, 0.8125, 4.9375],
			"rotation": {"angle": 0, "axis": "y", "origin": [3.5, 0.5, 3]},
			"faces": {
				"north": {"uv": [15.625, 0.5, 15.375, 1], "texture": "#12"},
				"east": {"uv": [15.5, 0.5, 15.625, 15.5], "rotation": 90, "texture": "#12"},
				"south": {"uv": [15.375, 15, 15.625, 15.5], "texture": "#12"},
				"west": {"uv": [15.375, 0.5, 15.5, 15.5], "rotation": 270, "texture": "#12"},
				"up": {"uv": [15.375, 0.5, 15.625, 15.5], "texture": "#12"},
				"down": {"uv": [15.375, 15.5, 15.625, 0.5], "texture": "#12"}
			}
		},
		{
			"name": "space_3",
			"from": [3.625, 0.5, 3.125],
			"to": [3.6875, 0.8125, 4.875],
			"rotation": {"angle": 0, "axis": "y", "origin": [3.5, 0.5, 3]},
			"faces": {
				"north": {"uv": [0.375, 1, 0.25, 1.5], "texture": "#12"},
				"east": {"uv": [0.25, 1, 0.375, 15], "rotation": 90, "texture": "#12"},
				"south": {"uv": [0.25, 14.5, 0.375, 15], "texture": "#12"},
				"west": {"uv": [0.25, 1, 0.375, 15], "rotation": 270, "texture": "#12"},
				"up": {"uv": [0.25, 1, 0.375, 15], "texture": "#12"},
				"down": {"uv": [0.25, 15, 0.375, 1], "texture": "#12"}
			}
		},
		{
			"name": "space_4",
			"from": [11.3125, 0.5, 3.125],
			"to": [11.375, 0.8125, 4.875],
			"rotation": {"angle": 0, "axis": "y", "origin": [3.5, 0.5, 3]},
			"faces": {
				"north": {"uv": [15.75, 1, 15.625, 1.5], "texture": "#12"},
				"east": {"uv": [15.625, 1, 15.75, 15], "rotation": 90, "texture": "#12"},
				"south": {"uv": [15.625, 14.5, 15.75, 15], "texture": "#12"},
				"west": {"uv": [15.625, 1, 15.75, 15], "rotation": 270, "texture": "#12"},
				"up": {"uv": [15.625, 1, 15.75, 15], "texture": "#12"},
				"down": {"uv": [15.625, 15, 15.75, 1], "texture": "#12"}
			}
		},
		{
			"name": "space_5",
			"from": [3.5625, 0.5, 3.1875],
			"to": [3.625, 0.8125, 4.8125],
			"rotation": {"angle": 0, "axis": "y", "origin": [3.5, 0.5, 3]},
			"faces": {
				"north": {"uv": [0.25, 1.5, 0.125, 2], "texture": "#12"},
				"east": {"uv": [0.125, 1.5, 0.25, 14.5], "rotation": 90, "texture": "#12"},
				"south": {"uv": [0.125, 14, 0.25, 14.5], "texture": "#12"},
				"west": {"uv": [0.125, 1.5, 0.25, 14.5], "rotation": 270, "texture": "#12"},
				"up": {"uv": [0.125, 1.5, 0.25, 14.5], "texture": "#12"},
				"down": {"uv": [0.125, 14.5, 0.25, 1.5], "texture": "#12"}
			}
		},
		{
			"name": "space_6",
			"from": [11.375, 0.5, 3.1875],
			"to": [11.4375, 0.8125, 4.8125],
			"rotation": {"angle": 0, "axis": "y", "origin": [3.5, 0.5, 3]},
			"faces": {
				"north": {"uv": [15.875, 1.5, 15.75, 2], "texture": "#12"},
				"east": {"uv": [15.75, 1.5, 15.875, 14.5], "rotation": 90, "texture": "#12"},
				"south": {"uv": [15.75, 14, 15.875, 14.5], "texture": "#12"},
				"west": {"uv": [15.75, 1.5, 15.875, 14.5], "rotation": 270, "texture": "#12"},
				"up": {"uv": [15.75, 1.5, 15.875, 14.5], "texture": "#12"},
				"down": {"uv": [15.75, 14.5, 15.875, 1.5], "texture": "#12"}
			}
		},
		{
			"name": "space_7",
			"from": [3.5, 0.5, 3.3125],
			"to": [3.5625, 0.8125, 4.6875],
			"rotation": {"angle": 0, "axis": "y", "origin": [3.5, 0.5, 3]},
			"faces": {
				"north": {"uv": [0.125, 2.5, 0, 3], "texture": "#12"},
				"east": {"uv": [0, 2.5, 0.125, 13.5], "rotation": 90, "texture": "#12"},
				"south": {"uv": [0, 13, 0.125, 13.5], "texture": "#12"},
				"west": {"uv": [0, 2.5, 0.125, 13.5], "rotation": 270, "texture": "#12"},
				"up": {"uv": [0, 2.5, 0.125, 13.5], "texture": "#12"},
				"down": {"uv": [0, 13.5, 0.125, 2.5], "texture": "#12"}
			}
		},
		{
			"name": "space_8",
			"from": [11.4375, 0.5, 3.3125],
			"to": [11.5, 0.8125, 4.6875],
			"rotation": {"angle": 0, "axis": "y", "origin": [3.5, 0.5, 3]},
			"faces": {
				"north": {"uv": [16, 2.5, 15.875, 3], "texture": "#12"},
				"east": {"uv": [15.875, 2.5, 16, 13.5], "rotation": 90, "texture": "#12"},
				"south": {"uv": [15.875, 13, 16, 13.5], "texture": "#12"},
				"west": {"uv": [15.875, 2.5, 16, 13.5], "rotation": 270, "texture": "#12"},
				"up": {"uv": [15.875, 2.5, 16, 13.5], "texture": "#12"},
				"down": {"uv": [15.875, 13.5, 16, 2.5], "texture": "#12"}
			}
		}
	],
	"gui_light": "front",
	
	"groups": [
		{
			"name": "space",
			"origin": [8, 8, 8],
			"color": 0,
			"children": [0, 1, 2, 3, 4, 5, 6, 7, 8]
		}
	]
}