{
    "criteria": {
        "_inv:trace":{
            "trigger": "inventory_changed",
            "conditions": {
                "player": [{
                    "condition": "entity_scores",
                    "entity": "this",
                    "scores": {
                        "inv.tracing": 1,
                        "inv.trace.disabled": 0,
                        "inv.operating": 0
                    }
                },
                {
                    "condition": "inverted",
                    "term": {
                        "condition": "entity_scores",
                        "entity": "this",
                        "scores": {
                            "tri.pl.leave_game":{"min": 1}
                        }
                    }
                }]
            }
        }
    },
    "rewards":{"function": "_inv:trace/--triggered"}
}