{
	"textures": {
		"1": "clock:item/plate",
		"4": "clock:item/dot2",
		"20": "clock:item/s",
		"23": "clock:item/u",
		"24": "clock:item/n",
		"particle": "clock:item/0"
	},
	"elements": [
		{
			"from": [0, 0, 7],
			"to": [16, 8, 8],
			"rotation": {"angle": 0, "axis": "y", "origin": [8, 4, 8]},
			"faces": {
				"north": {"uv": [16, 0, 0, 8], "texture": "#1"},
				"east": {"uv": [15, 0, 16, 8], "texture": "#1"},
				"south": {"uv": [0, 8, 16, 16], "texture": "#1"},
				"west": {"uv": [0, 0, 1, 8], "texture": "#1"},
				"up": {"uv": [16, 0, 0, 1], "rotation": 180, "texture": "#1"},
				"down": {"uv": [16, 7, 0, 8], "rotation": 180, "texture": "#1"}
			}
		},
		{
			"from": [0, 0, 8],
			"to": [16, 1, 9],
			"rotation": {"angle": 0, "axis": "y", "origin": [8, 4, 8]},
			"faces": {
				"north": {"uv": [16, 7, 0, 8], "texture": "#1"},
				"east": {"uv": [15, 7, 16, 8], "texture": "#1"},
				"south": {"uv": [0, 7, 16, 8], "texture": "#1"},
				"west": {"uv": [0, 7, 1, 8], "texture": "#1"},
				"up": {"uv": [16, 0, 0, 1], "rotation": 180, "texture": "#1"},
				"down": {"uv": [16, 7, 0, 8], "rotation": 180, "texture": "#1"}
			}
		},
		{
			"from": [0, 7, 8],
			"to": [16, 8, 9],
			"rotation": {"angle": 0, "axis": "y", "origin": [8, 4, 8]},
			"faces": {
				"north": {"uv": [16, 0, 0, 1], "texture": "#1"},
				"east": {"uv": [15, 7, 16, 8], "texture": "#1"},
				"south": {"uv": [0, 0, 16, 1], "texture": "#1"},
				"west": {"uv": [0, 7, 1, 8], "texture": "#1"},
				"up": {"uv": [16, 0, 0, 1], "rotation": 180, "texture": "#1"},
				"down": {"uv": [16, 7, 0, 8], "rotation": 180, "texture": "#1"}
			}
		},
		{
			"from": [10, 2, 8.25],
			"to": [10.5, 2.5, 8.5],
			"rotation": {"angle": 0, "axis": "y", "origin": [10.25, 3, 8]},
			"faces": {
				"north": {"uv": [0, 0, 1, 1], "texture": "#4"},
				"east": {"uv": [0, 1, 1, 2], "texture": "#4"},
				"south": {"uv": [1, 0, 2, 1], "texture": "#4"},
				"west": {"uv": [0, 1, 1, 2], "texture": "#4"},
				"up": {"uv": [2, 2, 1, 1], "texture": "#4"},
				"down": {"uv": [2, 1, 1, 2], "texture": "#4"}
			}
		},
		{
			"name": "s_0",
			"from": [1, 5, 8],
			"to": [3, 5.5, 8.25],
			"rotation": {"angle": 0, "axis": "y", "origin": [0, 2, 8]},
			"faces": {
				"north": {"uv": [12, 2, 4, 4], "texture": "#20"},
				"east": {"uv": [11, 2, 12, 4], "texture": "#20"},
				"south": {"uv": [4, 2, 12, 4], "texture": "#20"},
				"west": {"uv": [4, 2, 5, 4], "texture": "#20"},
				"up": {"uv": [4, 2, 12, 3], "texture": "#20"},
				"down": {"uv": [4, 3, 12, 4], "texture": "#20"}
			}
		},
		{
			"name": "s_1",
			"from": [0.5, 4.5, 8],
			"to": [1, 5, 8.25],
			"rotation": {"angle": 0, "axis": "y", "origin": [0, 2, 8]},
			"faces": {
				"north": {"uv": [4, 4, 2, 6], "texture": "#20"},
				"east": {"uv": [3, 4, 4, 6], "texture": "#20"},
				"south": {"uv": [2, 4, 4, 6], "texture": "#20"},
				"west": {"uv": [2, 4, 3, 6], "texture": "#20"},
				"up": {"uv": [2, 4, 4, 5], "texture": "#20"},
				"down": {"uv": [2, 5, 4, 6], "texture": "#20"}
			}
		},
		{
			"name": "s_2",
			"from": [1, 4, 8],
			"to": [2.5, 4.5, 8.25],
			"rotation": {"angle": 0, "axis": "y", "origin": [0, 2, 8]},
			"faces": {
				"north": {"uv": [10, 6, 4, 8], "texture": "#20"},
				"east": {"uv": [9, 6, 10, 8], "texture": "#20"},
				"south": {"uv": [4, 6, 10, 8], "texture": "#20"},
				"west": {"uv": [4, 6, 5, 8], "texture": "#20"},
				"up": {"uv": [4, 6, 10, 7], "texture": "#20"},
				"down": {"uv": [4, 7, 10, 8], "texture": "#20"}
			}
		},
		{
			"name": "s_3",
			"from": [2.5, 2.5, 8],
			"to": [3, 4, 8.25],
			"rotation": {"angle": 0, "axis": "y", "origin": [0, 2, 8]},
			"faces": {
				"north": {"uv": [12, 8, 10, 14], "texture": "#20"},
				"east": {"uv": [11, 8, 12, 14], "texture": "#20"},
				"south": {"uv": [10, 8, 12, 14], "texture": "#20"},
				"west": {"uv": [10, 8, 11, 14], "texture": "#20"},
				"up": {"uv": [10, 8, 12, 9], "texture": "#20"},
				"down": {"uv": [10, 13, 12, 14], "texture": "#20"}
			}
		},
		{
			"name": "s_4",
			"from": [0.5, 2.5, 8],
			"to": [1, 3, 8.25],
			"rotation": {"angle": 0, "axis": "y", "origin": [0, 2, 8]},
			"faces": {
				"north": {"uv": [4, 12, 2, 14], "texture": "#20"},
				"east": {"uv": [3, 12, 4, 14], "texture": "#20"},
				"south": {"uv": [2, 12, 4, 14], "texture": "#20"},
				"west": {"uv": [2, 12, 3, 14], "texture": "#20"},
				"up": {"uv": [2, 12, 4, 13], "texture": "#20"},
				"down": {"uv": [2, 13, 4, 14], "texture": "#20"}
			}
		},
		{
			"name": "s_5",
			"from": [1, 2, 8],
			"to": [2.5, 2.5, 8.25],
			"rotation": {"angle": 0, "axis": "y", "origin": [0, 2, 8]},
			"faces": {
				"north": {"uv": [10, 14, 4, 16], "texture": "#20"},
				"east": {"uv": [9, 14, 10, 16], "texture": "#20"},
				"south": {"uv": [4, 14, 10, 16], "texture": "#20"},
				"west": {"uv": [4, 14, 5, 16], "texture": "#20"},
				"up": {"uv": [4, 14, 10, 15], "texture": "#20"},
				"down": {"uv": [4, 15, 10, 16], "texture": "#20"}
			}
		},
		{
			"name": "u_0",
			"from": [3.75, 2.5, 8],
			"to": [4.25, 5.5, 8.25],
			"rotation": {"angle": 0, "axis": "y", "origin": [3, 2, 8]},
			"faces": {
				"north": {"uv": [5, 2, 3, 14], "texture": "#23"},
				"east": {"uv": [4, 2, 5, 14], "texture": "#23"},
				"south": {"uv": [3, 2, 5, 14], "texture": "#23"},
				"west": {"uv": [3, 2, 4, 14], "texture": "#23"},
				"up": {"uv": [3, 2, 5, 3], "texture": "#23"},
				"down": {"uv": [3, 13, 5, 14], "texture": "#23"}
			}
		},
		{
			"name": "u_1",
			"from": [5.75, 2.5, 8],
			"to": [6.25, 5.5, 8.25],
			"rotation": {"angle": 0, "axis": "y", "origin": [3, 2, 8]},
			"faces": {
				"north": {"uv": [13, 2, 11, 14], "texture": "#23"},
				"east": {"uv": [12, 2, 13, 14], "texture": "#23"},
				"south": {"uv": [11, 2, 13, 14], "texture": "#23"},
				"west": {"uv": [11, 2, 12, 14], "texture": "#23"},
				"up": {"uv": [11, 2, 13, 3], "texture": "#23"},
				"down": {"uv": [11, 13, 13, 14], "texture": "#23"}
			}
		},
		{
			"name": "u_2",
			"from": [4.25, 2, 8],
			"to": [5.75, 2.5, 8.25],
			"rotation": {"angle": 0, "axis": "y", "origin": [3, 2, 8]},
			"faces": {
				"north": {"uv": [11, 14, 5, 16], "texture": "#23"},
				"east": {"uv": [10, 14, 11, 16], "texture": "#23"},
				"south": {"uv": [5, 14, 11, 16], "texture": "#23"},
				"west": {"uv": [5, 14, 6, 16], "texture": "#23"},
				"up": {"uv": [5, 14, 11, 15], "texture": "#23"},
				"down": {"uv": [5, 15, 11, 16], "texture": "#23"}
			}
		},
		{
			"name": "n_0",
			"from": [6.75, 2, 8],
			"to": [7.25, 5.5, 8.25],
			"rotation": {"angle": 0, "axis": "y", "origin": [6, 2, 8]},
			"faces": {
				"north": {"uv": [5, 2, 3, 16], "texture": "#24"},
				"east": {"uv": [4, 2, 5, 16], "texture": "#24"},
				"south": {"uv": [3, 2, 5, 16], "texture": "#24"},
				"west": {"uv": [3, 2, 4, 16], "texture": "#24"},
				"up": {"uv": [3, 2, 5, 3], "texture": "#24"},
				"down": {"uv": [3, 15, 5, 16], "texture": "#24"}
			}
		},
		{
			"name": "n_1",
			"from": [8.75, 2, 8],
			"to": [9.25, 5.5, 8.25],
			"rotation": {"angle": 0, "axis": "y", "origin": [6, 2, 8]},
			"faces": {
				"north": {"uv": [13, 2, 11, 16], "texture": "#24"},
				"east": {"uv": [12, 2, 13, 16], "texture": "#24"},
				"south": {"uv": [11, 2, 13, 16], "texture": "#24"},
				"west": {"uv": [11, 2, 12, 16], "texture": "#24"},
				"up": {"uv": [11, 2, 13, 3], "texture": "#24"},
				"down": {"uv": [11, 15, 13, 16], "texture": "#24"}
			}
		},
		{
			"name": "n_2",
			"from": [7.25, 4.5, 8],
			"to": [7.75, 5, 8.25],
			"rotation": {"angle": 0, "axis": "y", "origin": [6, 2, 8]},
			"faces": {
				"north": {"uv": [7, 4, 5, 6], "texture": "#24"},
				"east": {"uv": [6, 4, 7, 6], "texture": "#24"},
				"south": {"uv": [5, 4, 7, 6], "texture": "#24"},
				"west": {"uv": [5, 4, 6, 6], "texture": "#24"},
				"up": {"uv": [5, 4, 7, 5], "texture": "#24"},
				"down": {"uv": [5, 5, 7, 6], "texture": "#24"}
			}
		},
		{
			"name": "n_3",
			"from": [7.75, 4, 8],
			"to": [8.25, 4.5, 8.25],
			"rotation": {"angle": 0, "axis": "y", "origin": [6, 2, 8]},
			"faces": {
				"north": {"uv": [9, 6, 7, 8], "texture": "#24"},
				"east": {"uv": [8, 6, 9, 8], "texture": "#24"},
				"south": {"uv": [7, 6, 9, 8], "texture": "#24"},
				"west": {"uv": [7, 6, 8, 8], "texture": "#24"},
				"up": {"uv": [7, 6, 9, 7], "texture": "#24"},
				"down": {"uv": [7, 7, 9, 8], "texture": "#24"}
			}
		},
		{
			"name": "n_4",
			"from": [8.25, 3.5, 8],
			"to": [8.75, 4, 8.25],
			"rotation": {"angle": 0, "axis": "y", "origin": [6, 2, 8]},
			"faces": {
				"north": {"uv": [11, 8, 9, 10], "texture": "#24"},
				"east": {"uv": [10, 8, 11, 10], "texture": "#24"},
				"south": {"uv": [9, 8, 11, 10], "texture": "#24"},
				"west": {"uv": [9, 8, 10, 10], "texture": "#24"},
				"up": {"uv": [9, 8, 11, 9], "texture": "#24"},
				"down": {"uv": [9, 9, 11, 10], "texture": "#24"}
			}
		}
	],
	"gui_light": "front",
	"display": {
		"thirdperson_righthand": {
			"translation": [0, 3, 1],
			"scale": [0.55, 0.55, 0.55]
		},
		"thirdperson_lefthand": {
			"translation": [0, 3, 1],
			"scale": [0.55, 0.55, 0.55]
		},
		"firstperson_righthand": {
			"translation": [-1.12, 6.7, 1.13],
			"scale": [0.68, 0.68, 0.68]
		},
		"firstperson_lefthand": {
			"translation": [-1.12, 6.45, 1.13],
			"scale": [0.68, 0.68, 0.68]
		},
		"ground": {
			"translation": [0, 2, 0],
			"scale": [0.5, 0.5, 0.5]
		},
		"gui": {
			"translation": [6, 7.75, 0],
			"scale": [1.9, 1.9, 1]
		},
		"head": {
			"rotation": [0, 180, 0],
			"translation": [0, 3.25, -7.75]
		},
		"fixed": {
			"rotation": [0, 180, 0],
			"translation": [0, 4.25, 0]
		}
	},
	"groups": [
		0,
		1,
		2,
		{
			"name": "group",
			"origin": [8, 8, 8],
			"color": 0,
			"children": [3]
		},
		{
			"name": "s",
			"origin": [8, 8, 8],
			"color": 0,
			"children": [4, 5, 6, 7, 8, 9]
		},
		{
			"name": "u",
			"origin": [8, 8, 8],
			"color": 0,
			"children": [10, 11, 12]
		},
		{
			"name": "n",
			"origin": [8, 8, 8],
			"color": 0,
			"children": [13, 14, 15, 16, 17]
		}
	]
}