{
	"textures": {
		"1": "clock:item/plate",
		"4": "clock:item/dot2",
		"11": "clock:item/e",
		"12": "clock:item/w",
		"13": "clock:item/d",
		"particle": "clock:item/0"
	},
	"elements": [
		{
			"from": [0, 0, 7],
			"to": [16, 8, 8],
			"rotation": {"angle": 0, "axis": "y", "origin": [8, 4, 8]},
			"faces": {
				"north": {"uv": [16, 0, 0, 8], "texture": "#1"},
				"east": {"uv": [15, 0, 16, 8], "texture": "#1"},
				"south": {"uv": [0, 8, 16, 16], "texture": "#1"},
				"west": {"uv": [0, 0, 1, 8], "texture": "#1"},
				"up": {"uv": [16, 0, 0, 1], "rotation": 180, "texture": "#1"},
				"down": {"uv": [16, 7, 0, 8], "rotation": 180, "texture": "#1"}
			}
		},
		{
			"from": [0, 0, 8],
			"to": [16, 1, 9],
			"rotation": {"angle": 0, "axis": "y", "origin": [8, 4, 8]},
			"faces": {
				"north": {"uv": [16, 7, 0, 8], "texture": "#1"},
				"east": {"uv": [15, 7, 16, 8], "texture": "#1"},
				"south": {"uv": [0, 7, 16, 8], "texture": "#1"},
				"west": {"uv": [0, 7, 1, 8], "texture": "#1"},
				"up": {"uv": [16, 0, 0, 1], "rotation": 180, "texture": "#1"},
				"down": {"uv": [16, 7, 0, 8], "rotation": 180, "texture": "#1"}
			}
		},
		{
			"from": [0, 7, 8],
			"to": [16, 8, 9],
			"rotation": {"angle": 0, "axis": "y", "origin": [8, 4, 8]},
			"faces": {
				"north": {"uv": [16, 0, 0, 1], "texture": "#1"},
				"east": {"uv": [15, 7, 16, 8], "texture": "#1"},
				"south": {"uv": [0, 0, 16, 1], "texture": "#1"},
				"west": {"uv": [0, 7, 1, 8], "texture": "#1"},
				"up": {"uv": [16, 0, 0, 1], "rotation": 180, "texture": "#1"},
				"down": {"uv": [16, 7, 0, 8], "rotation": 180, "texture": "#1"}
			}
		},
		{
			"from": [10, 2, 8.25],
			"to": [10.5, 2.5, 8.5],
			"rotation": {"angle": 0, "axis": "y", "origin": [10.25, 3, 8]},
			"faces": {
				"north": {"uv": [0, 0, 1, 1], "texture": "#4"},
				"east": {"uv": [0, 1, 1, 2], "texture": "#4"},
				"south": {"uv": [1, 0, 2, 1], "texture": "#4"},
				"west": {"uv": [0, 1, 1, 2], "texture": "#4"},
				"up": {"uv": [2, 2, 1, 1], "texture": "#4"},
				"down": {"uv": [2, 1, 1, 2], "texture": "#4"}
			}
		},
		{
			"name": "e_0",
			"from": [3.75, 5, 8],
			"to": [6.25, 5.5, 8.25],
			"rotation": {"angle": 0, "axis": "y", "origin": [3, 2, 8]},
			"faces": {
				"north": {"uv": [13, 2, 3, 4], "texture": "#11"},
				"east": {"uv": [12, 2, 13, 4], "texture": "#11"},
				"south": {"uv": [3, 2, 13, 4], "texture": "#11"},
				"west": {"uv": [3, 2, 4, 4], "texture": "#11"},
				"up": {"uv": [3, 2, 13, 3], "texture": "#11"},
				"down": {"uv": [3, 3, 13, 4], "texture": "#11"}
			}
		},
		{
			"name": "e_1",
			"from": [3.75, 2, 8],
			"to": [4.25, 5, 8.25],
			"rotation": {"angle": 0, "axis": "y", "origin": [3, 2, 8]},
			"faces": {
				"north": {"uv": [5, 4, 3, 16], "texture": "#11"},
				"east": {"uv": [4, 4, 5, 16], "texture": "#11"},
				"south": {"uv": [3, 4, 5, 16], "texture": "#11"},
				"west": {"uv": [3, 4, 4, 16], "texture": "#11"},
				"up": {"uv": [3, 4, 5, 5], "texture": "#11"},
				"down": {"uv": [3, 15, 5, 16], "texture": "#11"}
			}
		},
		{
			"name": "e_2",
			"from": [4.25, 4, 8],
			"to": [5.25, 4.5, 8.25],
			"rotation": {"angle": 0, "axis": "y", "origin": [3, 2, 8]},
			"faces": {
				"north": {"uv": [9, 6, 5, 8], "texture": "#11"},
				"east": {"uv": [8, 6, 9, 8], "texture": "#11"},
				"south": {"uv": [5, 6, 9, 8], "texture": "#11"},
				"west": {"uv": [5, 6, 6, 8], "texture": "#11"},
				"up": {"uv": [5, 6, 9, 7], "texture": "#11"},
				"down": {"uv": [5, 7, 9, 8], "texture": "#11"}
			}
		},
		{
			"name": "e_3",
			"from": [4.25, 2, 8],
			"to": [6.25, 2.5, 8.25],
			"rotation": {"angle": 0, "axis": "y", "origin": [3, 2, 8]},
			"faces": {
				"north": {"uv": [13, 14, 5, 16], "texture": "#11"},
				"east": {"uv": [12, 14, 13, 16], "texture": "#11"},
				"south": {"uv": [5, 14, 13, 16], "texture": "#11"},
				"west": {"uv": [5, 14, 6, 16], "texture": "#11"},
				"up": {"uv": [5, 14, 13, 15], "texture": "#11"},
				"down": {"uv": [5, 15, 13, 16], "texture": "#11"}
			}
		},
		{
			"name": "w_0",
			"from": [0.75, 2, 8],
			"to": [1.25, 5.5, 8.25],
			"rotation": {"angle": 0, "axis": "y", "origin": [0, 2, 8]},
			"faces": {
				"north": {"uv": [5, 2, 3, 16], "texture": "#12"},
				"east": {"uv": [4, 2, 5, 16], "texture": "#12"},
				"south": {"uv": [3, 2, 5, 16], "texture": "#12"},
				"west": {"uv": [3, 2, 4, 16], "texture": "#12"},
				"up": {"uv": [3, 2, 5, 3], "texture": "#12"},
				"down": {"uv": [3, 15, 5, 16], "texture": "#12"}
			}
		},
		{
			"name": "w_1",
			"from": [2.75, 2, 8],
			"to": [3.25, 5.5, 8.25],
			"rotation": {"angle": 0, "axis": "y", "origin": [0, 2, 8]},
			"faces": {
				"north": {"uv": [13, 2, 11, 16], "texture": "#12"},
				"east": {"uv": [12, 2, 13, 16], "texture": "#12"},
				"south": {"uv": [11, 2, 13, 16], "texture": "#12"},
				"west": {"uv": [11, 2, 12, 16], "texture": "#12"},
				"up": {"uv": [11, 2, 13, 3], "texture": "#12"},
				"down": {"uv": [11, 15, 13, 16], "texture": "#12"}
			}
		},
		{
			"name": "w_2",
			"from": [1.75, 3, 8],
			"to": [2.25, 3.5, 8.25],
			"rotation": {"angle": 0, "axis": "y", "origin": [0, 2, 8]},
			"faces": {
				"north": {"uv": [9, 10, 7, 12], "texture": "#12"},
				"east": {"uv": [8, 10, 9, 12], "texture": "#12"},
				"south": {"uv": [7, 10, 9, 12], "texture": "#12"},
				"west": {"uv": [7, 10, 8, 12], "texture": "#12"},
				"up": {"uv": [7, 10, 9, 11], "texture": "#12"},
				"down": {"uv": [7, 11, 9, 12], "texture": "#12"}
			}
		},
		{
			"name": "w_3",
			"from": [1.25, 2.5, 8],
			"to": [1.75, 3, 8.25],
			"rotation": {"angle": 0, "axis": "y", "origin": [0, 2, 8]},
			"faces": {
				"north": {"uv": [7, 12, 5, 14], "texture": "#12"},
				"east": {"uv": [6, 12, 7, 14], "texture": "#12"},
				"south": {"uv": [5, 12, 7, 14], "texture": "#12"},
				"west": {"uv": [5, 12, 6, 14], "texture": "#12"},
				"up": {"uv": [5, 12, 7, 13], "texture": "#12"},
				"down": {"uv": [5, 13, 7, 14], "texture": "#12"}
			}
		},
		{
			"name": "w_4",
			"from": [2.25, 2.5, 8],
			"to": [2.75, 3, 8.25],
			"rotation": {"angle": 0, "axis": "y", "origin": [0, 2, 8]},
			"faces": {
				"north": {"uv": [11, 12, 9, 14], "texture": "#12"},
				"east": {"uv": [10, 12, 11, 14], "texture": "#12"},
				"south": {"uv": [9, 12, 11, 14], "texture": "#12"},
				"west": {"uv": [9, 12, 10, 14], "texture": "#12"},
				"up": {"uv": [9, 12, 11, 13], "texture": "#12"},
				"down": {"uv": [9, 13, 11, 14], "texture": "#12"}
			}
		},
		{
			"name": "d_0",
			"from": [6.75, 5, 8],
			"to": [8.75, 5.5, 8.25],
			"rotation": {"angle": 0, "axis": "y", "origin": [6, 2, 8]},
			"faces": {
				"north": {"uv": [11, 2, 3, 4], "texture": "#13"},
				"east": {"uv": [10, 2, 11, 4], "texture": "#13"},
				"south": {"uv": [3, 2, 11, 4], "texture": "#13"},
				"west": {"uv": [3, 2, 4, 4], "texture": "#13"},
				"up": {"uv": [3, 2, 11, 3], "texture": "#13"},
				"down": {"uv": [3, 3, 11, 4], "texture": "#13"}
			}
		},
		{
			"name": "d_1",
			"from": [6.75, 2, 8],
			"to": [7.25, 5, 8.25],
			"rotation": {"angle": 0, "axis": "y", "origin": [6, 2, 8]},
			"faces": {
				"north": {"uv": [5, 4, 3, 16], "texture": "#13"},
				"east": {"uv": [4, 4, 5, 16], "texture": "#13"},
				"south": {"uv": [3, 4, 5, 16], "texture": "#13"},
				"west": {"uv": [3, 4, 4, 16], "texture": "#13"},
				"up": {"uv": [3, 4, 5, 5], "texture": "#13"},
				"down": {"uv": [3, 15, 5, 16], "texture": "#13"}
			}
		},
		{
			"name": "d_2",
			"from": [8.75, 2.5, 8],
			"to": [9.25, 5, 8.25],
			"rotation": {"angle": 0, "axis": "y", "origin": [6, 2, 8]},
			"faces": {
				"north": {"uv": [13, 4, 11, 14], "texture": "#13"},
				"east": {"uv": [12, 4, 13, 14], "texture": "#13"},
				"south": {"uv": [11, 4, 13, 14], "texture": "#13"},
				"west": {"uv": [11, 4, 12, 14], "texture": "#13"},
				"up": {"uv": [11, 4, 13, 5], "texture": "#13"},
				"down": {"uv": [11, 13, 13, 14], "texture": "#13"}
			}
		},
		{
			"name": "d_3",
			"from": [7.25, 2, 8],
			"to": [8.75, 2.5, 8.25],
			"rotation": {"angle": 0, "axis": "y", "origin": [6, 2, 8]},
			"faces": {
				"north": {"uv": [11, 14, 5, 16], "texture": "#13"},
				"east": {"uv": [10, 14, 11, 16], "texture": "#13"},
				"south": {"uv": [5, 14, 11, 16], "texture": "#13"},
				"west": {"uv": [5, 14, 6, 16], "texture": "#13"},
				"up": {"uv": [5, 14, 11, 15], "texture": "#13"},
				"down": {"uv": [5, 15, 11, 16], "texture": "#13"}
			}
		}
	],
	"gui_light": "front",
	"display": {
		"thirdperson_righthand": {
			"translation": [0, 3, 1],
			"scale": [0.55, 0.55, 0.55]
		},
		"thirdperson_lefthand": {
			"translation": [0, 3, 1],
			"scale": [0.55, 0.55, 0.55]
		},
		"firstperson_righthand": {
			"translation": [-1.12, 6.7, 1.13],
			"scale": [0.68, 0.68, 0.68]
		},
		"firstperson_lefthand": {
			"translation": [-1.12, 6.45, 1.13],
			"scale": [0.68, 0.68, 0.68]
		},
		"ground": {
			"translation": [0, 2, 0],
			"scale": [0.5, 0.5, 0.5]
		},
		"gui": {
			"translation": [6, 7.75, 0],
			"scale": [1.9, 1.9, 1]
		},
		"head": {
			"rotation": [0, 180, 0],
			"translation": [0, 3.25, -7.75]
		},
		"fixed": {
			"rotation": [0, 180, 0],
			"translation": [0, 4.25, 0]
		}
	},
	"groups": [
		0,
		1,
		2,
		{
			"name": "group",
			"origin": [8, 8, 8],
			"color": 0,
			"children": [3]
		},
		{
			"name": "e",
			"origin": [8, 8, 8],
			"color": 0,
			"children": [4, 5, 6, 7]
		},
		{
			"name": "w",
			"origin": [8, 8, 8],
			"color": 0,
			"children": [8, 9, 10, 11, 12]
		},
		{
			"name": "d",
			"origin": [8, 8, 8],
			"color": 0,
			"children": [13, 14, 15, 16]
		}
	]
}