{
    "parent": "clock:root",
    "display": {
        "title": "闹钟",
        "description": "",
        "background": "block/white_concrete",
        "icon": {
            "id": "firework_star",
            "components": {
                "item_model": "clock:clock"
            }
        },
        "frame": "challenge",
        "announce_to_chat": false,
        "show_toast": true
    },
    "criteria": {
        "1":{
            "trigger": "impossible"
        }
    },
    "rewards": {
        "function": "clock:adv"
    }
}