{
    "criteria": {
        "1":{
            "trigger": "player_hurt_entity",
            "conditions": {
                "player": {
                    "equipment": {
                        "mainhand": {
                            "predicates": {
                                "custom_data": "{jbgjddlst:1b}"
                            }
                        }
                    }
                }
            }
        }
    },
    "rewards": {
        "function": "chair:hit"
    }
}