{
	"texture_size": [64, 32],
	"textures": {
		"1": "weapon_ext:item/shulk/spark",
		"3": "block/enchanting_table_side",
		"4": "block/enchanting_table_top",
		"particle": "block/glass",
		"glass": "block/glass",
		"obsidian": "block/obsidian"
	},
	"elements": [
		{
			"name": "body",
			"from": [4, 6, 7],
			"to": [12, 14, 9],
			"rotation": {"angle": 0, "axis": "y", "origin": [8, 10, 8]},
			"faces": {
				"north": {"uv": [0.5, 1, 2.5, 5], "texture": "#1"},
				"east": {"uv": [0, 1, 0.5, 5], "texture": "#1"},
				"south": {"uv": [3, 1, 5, 5], "texture": "#1"},
				"west": {"uv": [2.5, 1, 3, 5], "texture": "#1"},
				"up": {"uv": [2.5, 1, 0.5, 0], "texture": "#1"},
				"down": {"uv": [4.5, 0, 2.5, 1], "texture": "#1"}
			}
		},
		{
			"name": "body",
			"from": [7, 6, 4],
			"to": [9, 14, 12],
			"rotation": {"angle": 0, "axis": "y", "origin": [8, 10, 8]},
			"faces": {
				"north": {"uv": [2, 9, 2.5, 13], "texture": "#1"},
				"east": {"uv": [0, 9, 2, 13], "texture": "#1"},
				"south": {"uv": [4.5, 9, 5, 13], "texture": "#1"},
				"west": {"uv": [2.5, 9, 4.5, 13], "texture": "#1"},
				"up": {"uv": [2.5, 9, 2, 5], "texture": "#1"},
				"down": {"uv": [3, 5, 2.5, 9], "texture": "#1"}
			}
		},
		{
			"name": "body",
			"from": [4, 9, 4],
			"to": [12, 11, 12],
			"rotation": {"angle": 0, "axis": "y", "origin": [8, 10, 8]},
			"faces": {
				"north": {"uv": [7, 4, 9, 5], "texture": "#1"},
				"east": {"uv": [5, 4, 7, 5], "texture": "#1"},
				"south": {"uv": [11, 4, 13, 5], "texture": "#1"},
				"west": {"uv": [9, 4, 11, 5], "texture": "#1"},
				"up": {"uv": [9, 4, 7, 0], "texture": "#1"},
				"down": {"uv": [11, 0, 9, 4], "texture": "#1"}
			}
		},
		{
			"name": "Glass shell",
			"from": [0, 0, 0],
			"to": [16, 16, 16],
			"faces": {
				"north": {"uv": [0, 0, 16, 16], "texture": "#glass"},
				"east": {"uv": [0, 0, 16, 16], "texture": "#glass"},
				"south": {"uv": [0, 0, 16, 16], "texture": "#glass"},
				"west": {"uv": [0, 0, 16, 16], "texture": "#glass"},
				"up": {"uv": [0, 0, 16, 16], "texture": "#glass"},
				"down": {"uv": [0, 0, 16, 16], "texture": "#glass"}
			}
		},
		{
			"name": "Obsidian base",
			"from": [2, 0.1, 2],
			"to": [14, 4, 14],
			"faces": {
				"north": {"uv": [2, 5, 14, 9], "texture": "#3"},
				"east": {"uv": [2, 5, 14, 9], "texture": "#3"},
				"south": {"uv": [2, 5, 14, 9], "texture": "#3"},
				"west": {"uv": [2, 5, 14, 9], "texture": "#3"},
				"up": {"uv": [2, 2, 14, 14], "texture": "#4"},
				"down": {"uv": [2, 2, 14, 14], "texture": "#obsidian"}
			}
		}
	],
	"gui_light": "front",
	"display": {
		"thirdperson_righthand": {
			"rotation": [67.5, 45, 0],
			"translation": [-6, 6.5, 5],
			"scale": [0.375, 0.375, 0.375]
		},
		"thirdperson_lefthand": {
			"rotation": [67.5, 45, 0],
			"translation": [-6, 6.5, 5],
			"scale": [0.375, 0.375, 0.375]
		},
		"firstperson_righthand": {
			"rotation": [0, 45, 0],
			"translation": [-8.5, 4.25, -3.75],
			"scale": [0.4, 0.4, 0.4]
		},
		"firstperson_lefthand": {
			"rotation": [0, 225, 0],
			"translation": [2.25, 6.25, -1.25],
			"scale": [0.4, 0.4, 0.4]
		},
		"ground": {
			"translation": [0, 3, 0],
			"scale": [0.25, 0.25, 0.25]
		},
		"gui": {
			"rotation": [30, 225, 0],
			"scale": [0.625, 0.625, 0.625]
		},
		"fixed": {
			"rotation": [0, -45, 0],
			"translation": [0, 0, -5.5],
			"scale": [0.5, 0.5, 0.5]
		}
	},
	"groups": [
		{
			"name": "body",
			"origin": [8, 0, 8],
			"color": 0,
			"children": [0, 1, 2]
		},
		3,
		4
	]
}