{
	"parent": "item/handheld",
	"textures": {
		"layer0": "weapon_ext:item/shulk/sword_normal"
	},
	"display": {
		"thirdperson_righthand": {
			"rotation": [0, -90, 55],
			"translation": [0, 6.25, 0.5],
			"scale": [1.2, 1.2, 1.2]
		},
		"thirdperson_lefthand": {
			"rotation": [0, 90, -55],
			"translation": [0, 5.25, 0.25],
			"scale": [1.2, 1.2, 1.2]
		},
		"firstperson_righthand": {
			"rotation": [0, -90, 25],
			"translation": [2.38, 3.2, 0.13],
			"scale": [0.85, 0.85, 0.85]
		},
		"firstperson_lefthand": {
			"rotation": [0, 90, -25],
			"translation": [1.88, 3.7, 1.38],
			"scale": [0.85, 0.85, 0.85]
		},
		"ground": {
			"translation": [0, 3.75, 0]
		},
		"fixed": {
			"scale": [1.2, 1.2, 1.2]
		}
	}
}