{
	"parent": "item/handheld",
	"textures": {
		"1": "weapon_ext:item/shulk/sword_special",
		"layer0": "weapon_ext:item/shulk/sword_special",
		"particle": "weapon_ext:item/shulk/sword_special"
	},
	"display": {
		"thirdperson_righthand": {
			"rotation": [0, -90, 0],
			"translation": [0, 4.75, 7.75],
			"scale": [1.2, 1.2, 1.2]
		},
		"thirdperson_lefthand": {
			"rotation": [0, 90, 0],
			"translation": [0, 5, 8],
			"scale": [1.2, 1.2, 1.2]
		},
		"firstperson_righthand": {
			"rotation": [-45, -90, 0],
			"translation": [2, 4, 0],
			"scale": [0.85, 0.85, 0.85]
		},
		"firstperson_lefthand": {
			"rotation": [-45, 90, 0],
			"translation": [2, 4, 0],
			"scale": [0.85, 0.85, 0.85]
		},
		"ground": {
			"translation": [0, 3.75, 0]
		},
		"fixed": {
			"scale": [1.2, 1.2, 1.2]
		}
	}
}