{
    "description": "",
    "anvil_cost": 0,
    "max_level": 1,
    "max_cost": {
        "base": 0,
        "per_level_above_first": 0
    },
    "min_cost": {
        "base": 0,
        "per_level_above_first": 0
    },
    "slots": ["any"],
    "weight": 1,
    "supported_items": "firework_star",
    "effects": {
        "location_changed": [
            {
                "effect": {
                    "type": "apply_mob_effect",
                    "to_apply": "absorption",
                    "max_duration": 0.05,
                    "min_duration": 0.05,
                    "max_amplifier": 100,
                    "min_amplifier": 100
                }
            }
        ]
    }
}