{
    "pools": [
        {
            "rolls": 1,
            "entries": [
                {
                    "type": "item",
                    "name": "item_frame",
                    "functions": [
                        {
                            "function": "set_components",
                            "components": {
                                "item_model": "chair:jbgjddlst",
                                "item_name": "管家の椅子",
                                "minecraft:entity_data": {
                                    "id": "minecraft:item_frame",
                                    "Tags": [
                                        "dc_place"
                                    ],
                                    "data": {
                                        "index": "jbgjddlst"
                                    },
                                    "Silent": true,
                                    "Invisible": true
                                },
                                "attribute_modifiers": [
                                    {
                                        "id": "base_attack_damage",
                                        "type": "attack_damage",
                                        "amount": 0,
                                        "operation": "add_value",
                                        "slot": "mainhand"
                                    },
                                    {
                                        "id": "base_attack_speed",
                                        "type": "attack_speed",
                                        "amount": -2.4,
                                        "operation": "add_value",
                                        "slot": "mainhand"
                                    }
                                ],
                                "custom_data": "{jbgjddlst:1b}",
                                "max_damage": 5,
                                "damage": 0,
                                "max_stack_size": 1,
                                "weapon": {
                                    "item_damage_per_attack": 1
                                }
                            }
                        },
                        {
                            "function": "set_lore",
                            "lore": [
                                {"text": "可以打断别人的双腿","color": "gray","italic": false}
                            ],
                            "mode": "replace_all"
                        }
                    ]
                }
            ]
        }
    ]
}