{
        "values": [
                {
                        "required": false,
                        "id": "#minecraft:candles"
                },
                {
                        "required": false,
                        "id": "minecraft:amethyst_block"
                },
                {
                        "required": false,
                        "id": "minecraft:amethyst_cluster"
                },
                {
                        "required": false,
                        "id": "minecraft:amethyst_shard"
                },
                {
                        "required": false,
                        "id": "minecraft:axolotl_bucket"
                },
                {
                        "required": false,
                        "id": "minecraft:azalea"
                },
                {
                        "required": false,
                        "id": "minecraft:azalea_leaves"
                },
                {
                        "required": false,
                        "id": "minecraft:big_dripleaf"
                },
                {
                        "required": false,
                        "id": "minecraft:budding_amethyst"
                },
                {
                        "required": false,
                        "id": "minecraft:bundle"
                },
                {
                        "required": false,
                        "id": "minecraft:calcite"
                },
                {
                        "required": false,
                        "id": "minecraft:chiseled_deepslate"
                },
                {
                        "required": false,
                        "id": "minecraft:cobbled_deepslate"
                },
                {
                        "required": false,
                        "id": "minecraft:cobbled_deepslate_slab"
                },
                {
                        "required": false,
                        "id": "minecraft:cobbled_deepslate_stairs"
                },
                {
                        "required": false,
                        "id": "minecraft:cobbled_deepslate_wall"
                },
                {
                        "required": false,
                        "id": "minecraft:copper_block"
                },
                {
                        "required": false,
                        "id": "minecraft:copper_ingot"
                },
                {
                        "required": false,
                        "id": "minecraft:copper_ore"
                },
                {
                        "required": false,
                        "id": "minecraft:cracked_deepslate_bricks"
                },
                {
                        "required": false,
                        "id": "minecraft:cracked_deepslate_tiles"
                },
                {
                        "required": false,
                        "id": "minecraft:cut_copper"
                },
                {
                        "required": false,
                        "id": "minecraft:cut_copper_slab"
                },
                {
                        "required": false,
                        "id": "minecraft:cut_copper_stairs"
                },
                {
                        "required": false,
                        "id": "minecraft:deepslate"
                },
                {
                        "required": false,
                        "id": "minecraft:deepslate_bricks"
                },
                {
                        "required": false,
                        "id": "minecraft:deepslate_brick_slab"
                },
                {
                        "required": false,
                        "id": "minecraft:deepslate_brick_stairs"
                },
                {
                        "required": false,
                        "id": "minecraft:deepslate_brick_wall"
                },
                {
                        "required": false,
                        "id": "minecraft:deepslate_coal_ore"
                },
                {
                        "required": false,
                        "id": "minecraft:deepslate_copper_ore"
                },
                {
                        "required": false,
                        "id": "minecraft:deepslate_diamond_ore"
                },
                {
                        "required": false,
                        "id": "minecraft:deepslate_emerald_ore"
                },
                {
                        "required": false,
                        "id": "minecraft:deepslate_gold_ore"
                },
                {
                        "required": false,
                        "id": "minecraft:deepslate_iron_ore"
                },
                {
                        "required": false,
                        "id": "minecraft:deepslate_lapis_ore"
                },
                {
                        "required": false,
                        "id": "minecraft:deepslate_redstone_ore"
                },
                {
                        "required": false,
                        "id": "minecraft:deepslate_tile_slab"
                },
                {
                        "required": false,
                        "id": "minecraft:deepslate_tile_stairs"
                },
                {
                        "required": false,
                        "id": "minecraft:deepslate_tile_wall"
                },
                {
                        "required": false,
                        "id": "minecraft:deepslate_tiles"
                },
                {
                        "required": false,
                        "id": "minecraft:dripstone_block"
                },
                {
                        "required": false,
                        "id": "minecraft:exposed_copper"
                },
                {
                        "required": false,
                        "id": "minecraft:exposed_cut_copper"
                },
                {
                        "required": false,
                        "id": "minecraft:exposed_cut_copper_slab"
                },
                {
                        "required": false,
                        "id": "minecraft:exposed_cut_copper_stairs"
                },
                {
                        "required": false,
                        "id": "minecraft:flowering_azalea"
                },
                {
                        "required": false,
                        "id": "minecraft:flowering_azalea_leaves"
                },
                {
                        "required": false,
                        "id": "minecraft:glow_berries"
                },
                {
                        "required": false,
                        "id": "minecraft:glow_ink_sac"
                },
                {
                        "required": false,
                        "id": "minecraft:glow_item_frame"
                },
                {
                        "required": false,
                        "id": "minecraft:glow_lichen"
                },
                {
                        "required": false,
                        "id": "minecraft:hanging_roots"
                },
                {
                        "required": false,
                        "id": "minecraft:infested_deepslate"
                },
                {
                        "required": false,
                        "id": "minecraft:large_amethyst_bud"
                },
                {
                        "required": false,
                        "id": "minecraft:light"
                },
                {
                        "required": false,
                        "id": "minecraft:lightning_rod"
                },
                {
                        "required": false,
                        "id": "minecraft:medium_amethyst_bud"
                },
                {
                        "required": false,
                        "id": "minecraft:moss_carpet"
                },
                {
                        "required": false,
                        "id": "minecraft:moss_block"
                },
                {
                        "required": false,
                        "id": "minecraft:oxidized_copper"
                },
                {
                        "required": false,
                        "id": "minecraft:oxidized_cut_copper"
                },
                {
                        "required": false,
                        "id": "minecraft:oxidized_cut_copper_slab"
                },
                {
                        "required": false,
                        "id": "minecraft:oxidized_cut_copper_stairs"
                },
                {
                        "required": false,
                        "id": "minecraft:pointed_dripstone"
                },
                {
                        "required": false,
                        "id": "minecraft:polished_deepslate"
                },
                {
                        "required": false,
                        "id": "minecraft:polished_deepslate_slab"
                },
                {
                        "required": false,
                        "id": "minecraft:polished_deepslate_stairs"
                },
                {
                        "required": false,
                        "id": "minecraft:polished_deepslate_wall"
                },
                {
                        "required": false,
                        "id": "minecraft:powder_snow_bucket"
                },
                {
                        "required": false,
                        "id": "minecraft:raw_copper"
                },
                {
                        "required": false,
                        "id": "minecraft:raw_copper_block"
                },
                {
                        "required": false,
                        "id": "minecraft:raw_gold"
                },
                {
                        "required": false,
                        "id": "minecraft:raw_gold_block"
                },
                {
                        "required": false,
                        "id": "minecraft:raw_iron"
                },
                {
                        "required": false,
                        "id": "minecraft:raw_iron_block"
                },
                {
                        "required": false,
                        "id": "minecraft:rooted_dirt"
                },
                {
                        "required": false,
                        "id": "minecraft:sculk_sensor"
                },
                {
                        "required": false,
                        "id": "minecraft:small_amethyst_bud"
                },
                {
                        "required": false,
                        "id": "minecraft:small_dripleaf"
                },
                {
                        "required": false,
                        "id": "minecraft:smooth_basalt"
                },
                {
                        "required": false,
                        "id": "minecraft:spore_blossom"
                },
                {
                        "required": false,
                        "id": "minecraft:spyglass"
                },
                {
                        "required": false,
                        "id": "minecraft:tuff"
                },
                {
                        "required": false,
                        "id": "minecraft:waxed_copper_block"
                },
                {
                        "required": false,
                        "id": "minecraft:waxed_cut_copper"
                },
                {
                        "required": false,
                        "id": "minecraft:waxed_cut_copper_slab"
                },
                {
                        "required": false,
                        "id": "minecraft:waxed_cut_copper_stairs"
                },
                {
                        "required": false,
                        "id": "minecraft:waxed_exposed_copper"
                },
                {
                        "required": false,
                        "id": "minecraft:waxed_exposed_cut_copper"
                },
                {
                        "required": false,
                        "id": "minecraft:waxed_exposed_cut_copper_slab"
                },
                {
                        "required": false,
                        "id": "minecraft:waxed_exposed_cut_copper_stairs"
                },
                {
                        "required": false,
                        "id": "minecraft:waxed_oxidized_copper"
                },
                {
                        "required": false,
                        "id": "minecraft:waxed_oxidized_cut_copper"
                },
                {
                        "required": false,
                        "id": "minecraft:waxed_oxidized_cut_copper_slab"
                },
                {
                        "required": false,
                        "id": "minecraft:waxed_oxidized_cut_copper_stairs"
                },
                {
                        "required": false,
                        "id": "minecraft:waxed_weathered_copper"
                },
                {
                        "required": false,
                        "id": "minecraft:waxed_weathered_cut_copper"
                },
                {
                        "required": false,
                        "id": "minecraft:waxed_weathered_cut_copper_slab"
                },
                {
                        "required": false,
                        "id": "minecraft:waxed_weathered_cut_copper_stairs"
                },
                {
                        "required": false,
                        "id": "minecraft:weathered_copper"
                },
                {
                        "required": false,
                        "id": "minecraft:weathered_cut_copper"
                },
                {
                        "required": false,
                        "id": "minecraft:weathered_cut_copper_slab"
                },
                {
                        "required": false,
                        "id": "minecraft:weathered_cut_copper_stairs"
                }
        ]
}
