{
	"providers": [
		{
			"type": "bitmap",
			"file": "ccc:item/2048/x2.png",
			"chars":[
                "\u999a"
            ],
			"height": 16,
			"ascent": 13
		},
		{
			"type": "bitmap",
			"file": "ccc:item/2048/lava.png",
			"chars":["\u999b"],
			"height": 16,
			"ascent": 13
		},
		{
			"type": "bitmap",
			"file": "ccc:item/2048/reverse.png",
			"chars":["\u999c"],
			"height": 16,
			"ascent": 13
		},
		{
			"type": "bitmap",
			"file": "ccc:item/2048/0.png",
			"chars":["\u0001"],
			"height": 16,
			"ascent": 13
		},
		{
			"type": "bitmap",
			"file": "ccc:item/2048/2.png",
			"chars":["\u0002"],
			"height": 16,
			"ascent": 13
		},
		{
			"type": "bitmap",
			"file": "ccc:item/2048/4.png",
			"chars":["\u0004"],
			"height": 16,
			"ascent": 13
		},
		{
			"type": "bitmap",
			"file": "ccc:item/2048/8.png",
			"chars":["\u0008"],
			"height": 16,
			"ascent": 13
		},
		{
			"type": "bitmap",
			"file": "ccc:item/2048/16.png",
			"chars":["\u0016"],
			"height": 16,
			"ascent": 13
		},
		{
			"type": "bitmap",
			"file": "ccc:item/2048/32.png",
			"chars":["\u0032"],
			"height": 16,
			"ascent": 13
		},
		{
			"type": "bitmap",
			"file": "ccc:item/2048/64.png",
			"chars":["\u0064"],
			"height": 16,
			"ascent": 13
		},
		{
			"type": "bitmap",
			"file": "ccc:item/2048/128.png",
			"chars":["\u0128"],
			"height": 16,
			"ascent": 13
		},
		{
			"type": "bitmap",
			"file": "ccc:item/2048/256.png",
			"chars":["\u0256"],
			"height": 16,
			"ascent": 13
		},
		{
			"type": "bitmap",
			"file": "ccc:item/2048/512.png",
			"chars":["\u0512"],
			"height": 16,
			"ascent": 13
		},
		{
			"type": "bitmap",
			"file": "ccc:item/2048/1024.png",
			"chars":["\u1024"],
			"height": 16,
			"ascent": 13
		},
		{
			"type": "bitmap",
			"file": "ccc:item/2048/2048.png",
			"chars":["\u2048"],
			"height": 16,
			"ascent": 13
		}
	]
}