{
	"providers": [
		{
			"type": "bitmap",
			"file": "ccc:item/2048_weird/x2.png",
			"chars":[
                "\u999a"
            ],
			"height": 16,
			"ascent": 13
		},
		{
			"type": "bitmap",
			"file": "ccc:item/2048_weird/lava.png",
			"chars":["\u999b"],
			"height": 16,
			"ascent": 13
		},
		{
			"type": "bitmap",
			"file": "ccc:item/2048_weird/reverse.png",
			"chars":["\u999c"],
			"height": 17,
			"ascent": 13
		},
		{
			"type": "bitmap",
			"file": "ccc:item/2048_weird/0.png",
			"chars":["\u0001"],
			"height": 16,
			"ascent": 13
		},
		{
			"type": "bitmap",
			"file": "ccc:item/2048_weird/2.png",
			"chars":["\u0002"],
			"height": 16,
			"ascent": 13
		},
		{
			"type": "bitmap",
			"file": "ccc:item/2048_weird/4.png",
			"chars":["\u0004"],
			"height": 16,
			"ascent": 13
		},
		{
			"type": "bitmap",
			"file": "ccc:item/2048_weird/8.png",
			"chars":["\u0008"],
			"height": 16,
			"ascent": 13
		},
		{
			"type": "bitmap",
			"file": "ccc:item/2048_weird/16.png",
			"chars":["\u0016"],
			"height": 16,
			"ascent": 13
		},
		{
			"type": "bitmap",
			"file": "ccc:item/2048_weird/32.png",
			"chars":["\u0032"],
			"height": 16,
			"ascent": 13
		},
		{
			"type": "bitmap",
			"file": "ccc:item/2048_weird/64.png",
			"chars":["\u0064"],
			"height": 16,
			"ascent": 13
		},
		{
			"type": "bitmap",
			"file": "ccc:item/2048_weird/128.png",
			"chars":["\u0128"],
			"height": 16,
			"ascent": 13
		},
		{
			"type": "bitmap",
			"file": "ccc:item/2048_weird/256.png",
			"chars":["\u0256"],
			"height": 16,
			"ascent": 13
		},
		{
			"type": "bitmap",
			"file": "ccc:item/2048_weird/512.png",
			"chars":["\u0512"],
			"height": 16,
			"ascent": 13
		},
		{
			"type": "bitmap",
			"file": "ccc:item/2048_weird/1024.png",
			"chars":["\u1024"],
			"height": 16,
			"ascent": 13
		},
		{
			"type": "bitmap",
			"file": "ccc:item/2048_weird/2048.png",
			"chars":["\u2048"],
			"height": 16,
			"ascent": 13
		}
	]
}