{
    "pools": [
        {
            "rolls":1,
            "entries":[
                {
                    "type": "item",
                    "name": "bundle",
                    "functions": [
                        {
                            "function": "set_components",
                            "components": {
                                "bundle_contents": [{
                                    "id": "creeper_spawn_egg",
                                    "components": {
                                        "custom_data": "{eat_egg:1b}",
                                        "max_stack_size": 1
                                    },
                                    "count": 1
                                }],
                                "custom_data": "{eat_bundle:1b}",
                                "item_model":"what:flower",
                                "item_name": {text:'食人树'},
                                "rarity": "epic"
                            }
                        }
                    ]
                }
            ] 
        }
    ]
}