{
    "pools": [
        {
            "rolls":1,
            "entries":[
                {
                    "type": "item",
                    "name": "firework_star",
                    "functions": [
                        {
                            "function": "set_components",
                            "components": {
                                "custom_data": "{eat_heart:1b}",
                                "item_model":"what:wither",
                                "item_name": {text:'暗黑心理学'},
                                "rarity": "uncommon",
                                "max_stack_size": 3
                            }
                        }
                    ]
                }
            ] 
        }
    ]
}