{
	"values": [
		"minecraft:bat",
		"minecraft:cat",
		"minecraft:chicken",
		"minecraft:cod",
		"minecraft:cow",
		"minecraft:donkey",
		"minecraft:fox",
		"minecraft:giant",
		"minecraft:horse",
		"minecraft:mooshroom",
		"minecraft:mule",
		"minecraft:ocelot",
		"minecraft:panda",
		"minecraft:parrot",
		"minecraft:pig",
		"minecraft:piglin",
		"minecraft:polar_bear",
		"minecraft:pufferfish",
		"minecraft:rabbit",
		"minecraft:salmon",
		"minecraft:sheep",
		"minecraft:snow_golem",
		"minecraft:skeleton_horse",
		"minecraft:squid",
		"minecraft:strider",
		"minecraft:tropical_fish",
		"minecraft:turtle",
		"minecraft:villager",
		"minecraft:wandering_trader",
		"minecraft:zombie_horse",
		{
			"required": false,
			"id": "n/a",
			"version": 1.17
		},
		{
			"required": false,
			"id": "minecraft:axolotl"
		},
		{
			"required": false,
			"id": "minecraft:glow_squid"
		}
	]
}
