{
    "pools": [
        {
            "rolls": 1,
            "entries": [
                {
                    "type": "item",
                    "name": "firework_star",
                    "functions": [
                        {
                            "function": "set_components",
                            "components": {
                                "item_name": "【沉浸式戏剧】",
                                "rarity": "epic",
                                "item_model": "lycurgus:8",
                                "equippable": {
                                    "slot": "head",
                                    "camera_overlay": "lycurgus:overlay"
                                }
                            }
                        }
                    ]
                }
            ]
        }
    ]
}