{
    "type": "confirmation",
    "title": "结构打印机",
    "body": {"type": "plain_message","contents": "你可以使用该功能，逐块打印建筑，展示建筑细节"},
    "inputs": [
        {
            "type": "minecraft:text",
            "key": "start",
            "label": "源区域-起始位置（输入xyz坐标，使用半角逗号隔开）",
            "width": 200,
            "label_visible": true
        },
        {
            "type": "minecraft:text",
            "key": "end",
            "label": "源区域-结束位置（输入xyz坐标，使用半角逗号隔开）",
            "width": 200,
            "label_visible": true
        },
        {
            "type": "minecraft:text",
            "key": "dest",
            "label": "目标区域起始位置（输入xyz坐标，使用半角逗号隔开）",
            "width": 200,
            "label_visible": true
        },
        {
            "key": "skip",
            "type": "boolean",
            "label": "跳过空气方块",
            "initial": false,
            "on_true": "1b",
            "on_false": "0b"
        },
        {
            "key": "orient_x",
            "type": "single_option",
            "width": 100,
            "label": "x迭代方向",
            "options": [
                {
                    "display":"+",
                    "id": "1",
                    "initial": true
                },
                {
                    "display":"-",
                    "id": "-1"
                }
            ]
        },
        {
            "key": "orient_y",
            "type": "single_option",
            "width": 100,
            "label": "y迭代方向",
            "options": [
                {
                    "display":"+",
                    "id": "1",
                    "initial": true
                },
                {
                    "display":"-",
                    "id": "-1"
                }
            ]
        },
        {
            "key": "orient_z",
            "type": "single_option",
            "width": 100,
            "label": "z迭代方向",
            "options": [
                {
                    "display":"+",
                    "id": "1",
                    "initial": true
                },
                {
                    "display":"-",
                    "id": "-1"
                }
            ]
        },
        {
            "key": "order",
            "type": "single_option",
            "width": 150,
            "label": {"text":"迭代顺序","hover_event": {"action": "show_text","value": "控制打印机首先按照哪个轴迭代打印"}},
            "options": [
                {
                    "display":"xzy",
                    "id": "xzy",
                    "initial": true
                },
                {
                    "display":"zxy",
                    "id": "zxy"
                },
                {
                    "display":"yzx",
                    "id": "yzx"
                },
                {
                    "display":"yxz",
                    "id": "yxz"
                },
                {
                    "display":"xyz",
                    "id": "xyz"
                },
                {
                    "display":"zyx",
                    "id": "zyx"
                }
            ]
        },
        {
            "key": "delay",
            "type": "number_range",
            "label": "延时(s)",
            "start": 0,
            "end": 20,
            "step": 1,
            "initial": 5
        }
    ],
    "no": {
        "label": "取消"
    },
    "yes": {
        "label": "打印",
        "action": {
            "type": "dynamic/run_command",
            "template": "function printer:print {param:{pos:[I;$(start),$(end),$(dest)],orient:{x:$(orient_x),y:$(orient_y),z:$(orient_z)},order:\"$(order)\",skip:$(skip)},delay:$(delay)}"
        }
    }
}