{
    "criteria": {
        "1":{
            "trigger": "using_item",
            "conditions": {
                "item": {
                    "predicates":  {
                        "minecraft:custom_data": {
                            "igiari":true
                        }
                    }
                },
                "player": {
                    "equipment": {
                        "mainhand":{
                            "predicates":  {
                                "minecraft:custom_data": {
                                    "igiari":true
                                }
                            }
                        }
                    }
                }
            }
        }
    },
    "rewards": {
        "function": "igiari:trigger"
    }
}