{
    "condition": "any_of",
    "terms": [
        {
            "condition": "entity_properties",
            "entity": "this",
            "predicate": {
                "nbt": "{CustomName:\"kun\"}"
            }
        },
        {
            "condition": "entity_properties",
            "entity": "this",
            "predicate": {
                "nbt": "{CustomName:\"Kun\"}"
            }
        },
        {
            "condition": "entity_properties",
            "entity": "this",
            "predicate": {
                "nbt": "{CustomName:\"蔡徐坤\"}"
            }
        }
    ]
}