{
	"textures": {
		"10": "clock:item/7",
		"particle": "clock:item/0"
	},
	"elements": [
		{
			"name": "7_0",
			"from": [11.75, 5.25, 8.25],
			"to": [14.25, 5.75, 8.5],
			"rotation": {"angle": 0, "axis": "y", "origin": [11, 2.25, 8.25]},
			"faces": {
				"north": {"uv": [13, 2, 3, 4], "texture": "#10"},
				"east": {"uv": [12, 2, 13, 4], "texture": "#10"},
				"south": {"uv": [3, 2, 13, 4], "texture": "#10"},
				"west": {"uv": [3, 2, 4, 4], "texture": "#10"},
				"up": {"uv": [3, 2, 13, 3], "texture": "#10"},
				"down": {"uv": [3, 3, 13, 4], "texture": "#10"}
			}
		},
		{
			"name": "7_1",
			"from": [11.75, 4.75, 8.25],
			"to": [12.25, 5.25, 8.5],
			"rotation": {"angle": 0, "axis": "y", "origin": [11, 2.25, 8.25]},
			"faces": {
				"north": {"uv": [5, 4, 3, 6], "texture": "#10"},
				"east": {"uv": [4, 4, 5, 6], "texture": "#10"},
				"south": {"uv": [3, 4, 5, 6], "texture": "#10"},
				"west": {"uv": [3, 4, 4, 6], "texture": "#10"},
				"up": {"uv": [3, 4, 5, 5], "texture": "#10"},
				"down": {"uv": [3, 5, 5, 6], "texture": "#10"}
			}
		},
		{
			"name": "7_2",
			"from": [13.75, 4.25, 8.25],
			"to": [14.25, 5.25, 8.5],
			"rotation": {"angle": 0, "axis": "y", "origin": [11, 2.25, 8.25]},
			"faces": {
				"north": {"uv": [13, 4, 11, 8], "texture": "#10"},
				"east": {"uv": [12, 4, 13, 8], "texture": "#10"},
				"south": {"uv": [11, 4, 13, 8], "texture": "#10"},
				"west": {"uv": [11, 4, 12, 8], "texture": "#10"},
				"up": {"uv": [11, 4, 13, 5], "texture": "#10"},
				"down": {"uv": [11, 7, 13, 8], "texture": "#10"}
			}
		},
		{
			"name": "7_3",
			"from": [13.25, 3.75, 8.25],
			"to": [13.75, 4.25, 8.5],
			"rotation": {"angle": 0, "axis": "y", "origin": [11, 2.25, 8.25]},
			"faces": {
				"north": {"uv": [11, 8, 9, 10], "texture": "#10"},
				"east": {"uv": [10, 8, 11, 10], "texture": "#10"},
				"south": {"uv": [9, 8, 11, 10], "texture": "#10"},
				"west": {"uv": [9, 8, 10, 10], "texture": "#10"},
				"up": {"uv": [9, 8, 11, 9], "texture": "#10"},
				"down": {"uv": [9, 9, 11, 10], "texture": "#10"}
			}
		},
		{
			"name": "7_4",
			"from": [12.75, 2.25, 8.25],
			"to": [13.25, 3.75, 8.5],
			"rotation": {"angle": 0, "axis": "y", "origin": [11, 2.25, 8.25]},
			"faces": {
				"north": {"uv": [9, 10, 7, 16], "texture": "#10"},
				"east": {"uv": [8, 10, 9, 16], "texture": "#10"},
				"south": {"uv": [7, 10, 9, 16], "texture": "#10"},
				"west": {"uv": [7, 10, 8, 16], "texture": "#10"},
				"up": {"uv": [7, 10, 9, 11], "texture": "#10"},
				"down": {"uv": [7, 15, 9, 16], "texture": "#10"}
			}
		}
	],
	"gui_light": "front",
	"display": {
		"thirdperson_righthand": {
			"translation": [0, 3, 1],
			"scale": [0.55, 0.55, 0.55]
		},
		"thirdperson_lefthand": {
			"translation": [0, 3, 1],
			"scale": [0.55, 0.55, 0.55]
		},
		"firstperson_righthand": {
			"translation": [-1.12, 6.7, 1.13],
			"scale": [0.68, 0.68, 0.68]
		},
		"firstperson_lefthand": {
			"translation": [-1.12, 6.45, 1.13],
			"scale": [0.68, 0.68, 0.68]
		},
		"ground": {
			"translation": [0, 2, 0],
			"scale": [0.5, 0.5, 0.5]
		},
		"gui": {
			"translation": [6, 7.75, 0],
			"scale": [1.9, 1.9, 1]
		},
		"head": {
			"rotation": [0, 180, 0],
			"translation": [0, 3.25, -7.75]
		},
		"fixed": {
			"rotation": [0, 180, 0],
			"translation": [0, 4.25, 0]
		}
	},
	"groups": [
		{
			"name": "7",
			"origin": [8, 8, 8],
			"color": 0,
			"children": [0, 1, 2, 3, 4]
		}
	]
}