{
    "model": {
        "type": "range_dispatch",
        "fallback": {
            "type": "minecraft:empty"
        },
        "property": "custom_model_data",
        "index": 0,
        "entries": [
            {
                "model": {
                    "type": "model",
                    "model": "arrows:boom/0"
                },
                "threshold": 0
            },
            {
                "model": {
                    "type": "model",
                    "model": "arrows:boom/1"
                },
                "threshold": 1
            },
            {
                "model": {
                    "type": "model",
                    "model": "arrows:boom/2"
                },
                "threshold": 2
            },
            {
                "model": {
                    "type": "model",
                    "model": "arrows:boom/3"
                },
                "threshold": 3
            },
            {
                "model": {
                    "type": "model",
                    "model": "arrows:boom/4"
                },
                "threshold": 4
            },
            {
                "model": {
                    "type": "model",
                    "model": "arrows:boom/5"
                },
                "threshold": 5
            },
            {
                "model": {
                    "type": "model",
                    "model": "arrows:boom/6"
                },
                "threshold": 6
            },
            {
                "model": {
                    "type": "model",
                    "model": "arrows:boom/7"
                },
                "threshold": 7
            },
            {
                "model": {
                    "type": "model",
                    "model": "arrows:boom/8"
                },
                "threshold": 8
            },
            {
                "model": {
                    "type": "model",
                    "model": "arrows:boom/9"
                },
                "threshold": 9
            },
            {
                "model": {
                    "type": "empty"
                },
                "threshold": 10
            }
        ]
    }
}