{
    "model": {
        "type": "range_dispatch",
        "fallback": {
            "type": "minecraft:empty"
        },
        "property": "custom_model_data",
        "index": 0,
        "entries": [
            {
                "model": {
                    "type": "model",
                    "model": "arrows:effect/0"
                },
                "threshold": 0
            },
            {
                "model": {
                    "type": "model",
                    "model": "arrows:effect/1"
                },
                "threshold": 25
            },
            {
                "model": {
                    "type": "model",
                    "model": "arrows:effect/2"
                },
                "threshold": 26
            },
            {
                "model": {
                    "type": "model",
                    "model": "arrows:effect/3"
                },
                "threshold": 27
            },
            {
                "model": {
                    "type": "model",
                    "model": "arrows:effect/4"
                },
                "threshold": 28
            },
            {
                "model": {
                    "type": "model",
                    "model": "arrows:effect/5"
                },
                "threshold": 29
            },
            {
                "model": {
                    "type": "model",
                    "model": "arrows:effect/6"
                },
                "threshold": 30
            },
            {
                "model": {
                    "type": "model",
                    "model": "arrows:effect/7"
                },
                "threshold": 31
            },
            {
                "model": {
                    "type": "model",
                    "model": "arrows:effect/9"
                },
                "threshold": 32
            },
            {
                "model": {
                    "type": "model",
                    "model": "arrows:effect/10"
                },
                "threshold": 33
            },
            {
                "model": {
                    "type": "model",
                    "model": "arrows:effect/11"
                },
                "threshold": 34
            },
            {
                "model": {
                    "type": "model",
                    "model": "arrows:effect/12"
                },
                "threshold": 35
            },
            {
                "model": {
                    "type": "model",
                    "model": "arrows:effect/13"
                },
                "threshold": 36
            },
            {
                "model": {
                    "type": "model",
                    "model": "arrows:effect/14"
                },
                "threshold": 37
            },
            {
                "model": {
                    "type": "model",
                    "model": "arrows:effect/15"
                },
                "threshold": 38
            },
            {
                "model": {
                    "type": "empty"
                },
                "threshold": 39
            }
        ]
    }
}