{
	"values": [
		"minecraft:cyan_bed",
		"minecraft:cyan_carpet",
		"minecraft:cyan_concrete",
		"minecraft:cyan_concrete_powder",
		"minecraft:cyan_glazed_terracotta",
		"minecraft:cyan_shulker_box",
		"minecraft:cyan_stained_glass",
		"minecraft:cyan_wool",
		"minecraft:nether_sprouts",
		"minecraft:prismarine",
		"minecraft:prismarine_slab",
		"minecraft:prismarine_stairs",
		"minecraft:prismarine_wall",
		"minecraft:twisting_vines",
		"minecraft:twisting_vines_plant",
		"minecraft:warped_fungus",
		"minecraft:warped_roots",
		{
			"required": false,
			"id": "n/a",
			"version": 1.17
		},
		{
			"required": false,
			"id": "minecraft:cyan_candle"
		},
		{
			"required": false,
			"id": "minecraft:sculk_sensor"
		}
	]
}
