{
	"values": [
		"minecraft:ancient_debris",
		"minecraft:basalt",
		"minecraft:black_bed",
		"minecraft:black_carpet",
		"minecraft:black_concrete",
		"minecraft:black_concrete_powder",
		"minecraft:black_glazed_terracotta",
		"minecraft:black_shulker_box",
		"minecraft:black_stained_glass",
		"minecraft:black_wool",
		"minecraft:blackstone",
		"minecraft:blackstone_slab",
		"minecraft:blackstone_stairs",
		"minecraft:blackstone_wall",
		"minecraft:chiseled_polished_blackstone",
		"minecraft:coal_block",
		"minecraft:cracked_polished_blackstone_bricks",
		"minecraft:crying_obsidian",
		"minecraft:dragon_egg",
		"minecraft:end_gateway",
		"minecraft:end_portal",
		"minecraft:gilded_blackstone",
		"minecraft:netherite_block",
		"minecraft:obsidian",
		"minecraft:polished_basalt",
		"minecraft:polished_blackstone",
		"minecraft:polished_blackstone_brick_slab",
		"minecraft:polished_blackstone_brick_stairs",
		"minecraft:polished_blackstone_brick_wall",
		"minecraft:polished_blackstone_bricks",
		"minecraft:polished_blackstone_pressure_plate",
		"minecraft:polished_blackstone_slab",
		"minecraft:polished_blackstone_stairs",
		"minecraft:polished_blackstone_wall",
		"minecraft:respawn_anchor",
		{
			"required": false,
			"id": "n/a",
			"version": 1.17
		},
		{
			"required": false,
			"id": "minecraft:black_candle"
		},
		{
			"required": false,
			"id": "minecraft:smooth_basalt"
		}
	]
}
