{
    "pools": [
        {
            "rolls": 1,
            "entries": [
                {
                    "type": "item",
                    "name": "item_frame",
                    "functions": [
                        {
                            "function": "set_components",
                            "components": {
                                "entity_data": {
                                    "id": "item_frame",
                                    "Tags": ["poster","poster_temp"],
                                    "data": "{id:\"poster0\"}",
                                    "Invisible": true
                                },
                                "item_name": "贴纸",
                                "lore":[
                                    {
                                        "text": "小广告",
                                        "color": "gray",
                                        "italic": false
                                    }
                                ],
                                "item_model": "poster:poster0"
                            }
                        }
                    ]
                }
            ]
        }
    ]
}