{
	"values": [
		"minecraft:bamboo",
		"minecraft:beetroots",
		"minecraft:cactus",
		"minecraft:carrots",
		"minecraft:chorus_flower",
		"minecraft:cocoa",
		"minecraft:fire",
		"minecraft:frosted_ice",
		"minecraft:kelp",
		"minecraft:melon_stem",
		"minecraft:nether_wart",
		"minecraft:potatoes",
		"minecraft:pumpkin_stem",
		"minecraft:sugar_cane",
		"minecraft:sweet_berry_bush",
		"minecraft:twisting_vines",
		"minecraft:weeping_vines",
		"minecraft:wheat",
		{
			"required": false,
			"id": "n/a",
			"version": 1.17
		},
		{
			"required": false,
			"id": "minecraft:cave_vines"
		}
	]
}
