{
    "model": {
        "type": "composite",
        "models": [
            {
                "type": "minecraft:select",
                "cases": [
                    {
                        "model": {
                            "type": "minecraft:model",
                            "model": "minecraft:item/crossbow_arrow"
                        },
                        "when": "arrow"
                    },
                    {
                        "model": {
                            "type": "minecraft:model",
                            "model": "minecraft:item/crossbow_firework"
                        },
                        "when": "rocket"
                    }
                ],
                "fallback": {
                    "type": "minecraft:condition",
                    "on_false": {
                        "type": "minecraft:model",
                        "model": "minecraft:item/crossbow"
                    },
                    "on_true": {
                        "type": "minecraft:range_dispatch",
                        "entries": [
                            {
                                "model": {
                                    "type": "minecraft:model",
                                    "model": "minecraft:item/crossbow_pulling_1"
                                },
                                "threshold": 0.58
                            },
                            {
                                "model": {
                                    "type": "minecraft:model",
                                    "model": "minecraft:item/crossbow_pulling_2"
                                },
                                "threshold": 1.0
                            }
                        ],
                        "fallback": {
                            "type": "minecraft:model",
                            "model": "minecraft:item/crossbow_pulling_0"
                        },
                        "property": "minecraft:crossbow/pull"
                    },
                    "property": "minecraft:using_item"
                },
                "property": "minecraft:charge_type"
            },
            {
                "type": "select",
                "property": "display_context",
                "fallback": {
                    "type": "empty"
                },
                "cases": [
                    {
                        "when": [
                            "gui"
                        ],
                        "model": {
                            "type": "condition",
                            "property": "carried",
                            "on_true": {
                                "type": "empty"
                            },
                            "on_false":{
                            "type": "composite",
                            "models": [
                                {
                                    "type": "select",
                                    "property": "local_time",
                                    "fallback": {
                                        "type": "empty"
                                    },
                                    "pattern": "s",
                                    "cases": [
                                        {
                                            "when": [
                                                "1","2","3","4","5","6",
                                                "7","8","9","10","11","12",
                                                "13","14","15","16","17","18",
                                                "19","20","21","22","23","24",
                                                "25","26","27","28","29","30",
                                                "31","32","33","34","35","36",
                                                "37","38","39","40","41","42",
                                                "43","44","45","46","47","48",
                                                "49","50","51","52","53","54",
                                                "55","56","57","58","59","0"
                                            ],
                                            "model": {
                                                "type": "condition",
                                                "property": "component",
                                                "predicate": "enchantments",
                                                "value": [
                                                    {
                                                        "enchantments": "multishot"
                                                    }
                                                ],
                                                "on_true": {
                                                    "type": "model",
                                                    "model": "enchants:item/bow/multishot"
                                                },
                                                "on_false": {
                                                    "type": "condition",
                                                    "property": "component",
                                                    "predicate": "enchantments",
                                                    "value": [
                                                        {
                                                            "enchantments": "quick_charge"
                                                        }
                                                    ],
                                                    "on_true": {
                                                        "type": "model",
                                                        "model": "enchants:item/bow/charge"
                                                    },
                                                    "on_false": {
                                                        "type": "condition",
                                                        "property": "component",
                                                        "predicate": "enchantments",
                                                        "value": [
                                                            {
                                                                "enchantments": "mending"
                                                            }
                                                        ],
                                                        "on_true": {
                                                            "type": "model",
                                                            "model": "enchants:item/misc/mending"
                                                        },
                                                        "on_false": {
                                                            "type": "condition",
                                                            "property": "component",
                                                            "predicate": "enchantments",
                                                            "value": [
                                                                {
                                                                    "enchantments": "piercing"
                                                                }
                                                            ],
                                                            "on_true": {
                                                                "type": "model",
                                                                "model": "enchants:item/bow/piercing"
                                                            },
                                                            "on_false": {
                                                                "type": "condition",
                                                                "property": "component",
                                                                "predicate": "enchantments",
                                                                "value": [
                                                                    {
                                                                        "enchantments": "unbreaking"
                                                                    }
                                                                ],
                                                                "on_true": {
                                                                    "type": "model",
                                                                    "model": "enchants:item/misc/unbreaking"
                                                                },
                                                                "on_false": {
                                                                    "type": "condition",
                                                                    "property": "component",
                                                                    "predicate": "enchantments",
                                                                    "value": [
                                                                        {
                                                                            "enchantments": "vanishing_curse"
                                                                        }
                                                                    ],
                                                                    "on_true": {
                                                                        "type": "model",
                                                                        "model": "enchants:item/misc/vanish"
                                                                    },
                                                                    "on_false": {
                                                                        "type": "empty"
                                                                    }
                                                                }
                                                            }
                                                        }
                                                    }
                                                }
                                            }
                                        }
                                    ]
                                },
                                {
                                    "type": "select",
                                    "property": "local_time",
                                    "fallback": {
                                        "type": "empty"
                                    },
                                    "pattern": "s",
                                    "cases": [
                                        {
                                            "when": ["1","2","3","4","5",
                                                "7","8","9","10","11",
                                                "13","14","15","16","17",
                                                "19","20","21","22","23",
                                                "25","26","27","28","29",
                                                "31","32","33","34","35",
                                                "37","38","39","40","41",
                                                "43","44","45","46","47",
                                                "49","50","51","52","53",
                                                "55","56","57","58","59"],
                                            "model": {
                                                "type": "condition",
                                                "property": "component",
                                                "predicate": "enchantments",
                                                "value": [
                                                    {
                                                        "enchantments": "quick_charge"
                                                    }
                                                ],
                                                "on_true": {
                                                    "type": "model",
                                                    "model": "enchants:item/bow/charge"
                                                },
                                                "on_false": {
                                                    "type": "condition",
                                                    "property": "component",
                                                    "predicate": "enchantments",
                                                    "value": [
                                                        {
                                                            "enchantments": "mending"
                                                        }
                                                    ],
                                                    "on_true": {
                                                        "type": "model",
                                                        "model": "enchants:item/misc/mending"
                                                    },
                                                    "on_false": {
                                                        "type": "condition",
                                                        "property": "component",
                                                        "predicate": "enchantments",
                                                        "value": [
                                                            {
                                                                "enchantments": "piercing"
                                                            }
                                                        ],
                                                        "on_true": {
                                                            "type": "model",
                                                            "model": "enchants:item/bow/piercing"
                                                        },
                                                        "on_false": {
                                                            "type": "condition",
                                                            "property": "component",
                                                            "predicate": "enchantments",
                                                            "value": [
                                                                {
                                                                    "enchantments": "unbreaking"
                                                                }
                                                            ],
                                                            "on_true": {
                                                                "type": "model",
                                                                "model": "enchants:item/misc/unbreaking"
                                                            },
                                                            "on_false": {
                                                                "type": "condition",
                                                                "property": "component",
                                                                "predicate": "enchantments",
                                                                "value": [
                                                                    {
                                                                        "enchantments": "vanishing_curse"
                                                                    }
                                                                ],
                                                                "on_true": {
                                                                    "type": "model",
                                                                    "model": "enchants:item/misc/vanish"
                                                                },
                                                                "on_false": {
                                                                    "type": "empty"
                                                                }
                                                            }
                                                        }
                                                    }
                                                }
                                            }
                                        }
                                    ]
                                },
                                {
                                    "type": "select",
                                    "property": "local_time",
                                    "fallback": {
                                        "type": "empty"
                                    },
                                    "pattern": "s",
                                    "cases": [
                                        {
                                            "when": ["1","2","3","4",
                                                "7","8","9","10",
                                                "13","14","15","16",
                                                "19","20","21","22",
                                                "25","26","27","28",
                                                "31","32","33","34",
                                                "37","38","39","40",
                                                "43","44","45","46",
                                                "49","50","51","52",
                                                "55","56","57","58"],
                                            "model": {
                                                "type": "condition",
                                                "property": "component",
                                                "predicate": "enchantments",
                                                "value": [
                                                    {
                                                        "enchantments": "mending"
                                                    }
                                                ],
                                                "on_true": {
                                                    "type": "model",
                                                    "model": "enchants:item/misc/mending"
                                                },
                                                "on_false": {
                                                    "type": "condition",
                                                    "property": "component",
                                                    "predicate": "enchantments",
                                                    "value": [
                                                        {
                                                            "enchantments": "piercing"
                                                        }
                                                    ],
                                                    "on_true": {
                                                        "type": "model",
                                                        "model": "enchants:item/bow/piercing"
                                                    },
                                                    "on_false": {
                                                        "type": "condition",
                                                        "property": "component",
                                                        "predicate": "enchantments",
                                                        "value": [
                                                            {
                                                                "enchantments": "unbreaking"
                                                            }
                                                        ],
                                                        "on_true": {
                                                            "type": "model",
                                                            "model": "enchants:item/misc/unbreaking"
                                                        },
                                                        "on_false": {
                                                            "type": "condition",
                                                            "property": "component",
                                                            "predicate": "enchantments",
                                                            "value": [
                                                                {
                                                                    "enchantments": "vanishing_curse"
                                                                }
                                                            ],
                                                            "on_true": {
                                                                "type": "model",
                                                                "model": "enchants:item/misc/vanish"
                                                            },
                                                            "on_false": {
                                                                "type": "empty"
                                                            }
                                                        }
                                                    }
                                                }
                                            }
                                        }
                                    ]
                                },
                                {
                                    "type": "select",
                                    "property": "local_time",
                                    "fallback": {
                                        "type": "empty"
                                    },
                                    "pattern": "s",
                                    "cases": [
                                        {
                                            "when": ["1","2","3",
                                                "7","8","9",
                                                "13","14","15",
                                                "19","20","21",
                                                "25","26","27",
                                                "31","32","33",
                                                "37","38","39",
                                                "43","44","45",
                                                "49","50","51",
                                                "55","56","57"],
                                            "model": {
                                                "type": "condition",
                                                "property": "component",
                                                "predicate": "enchantments",
                                                "value": [
                                                    {
                                                        "enchantments": "piercing"
                                                    }
                                                ],
                                                "on_true": {
                                                    "type": "model",
                                                    "model": "enchants:item/bow/piercing"
                                                },
                                                "on_false": {
                                                    "type": "condition",
                                                    "property": "component",
                                                    "predicate": "enchantments",
                                                    "value": [
                                                        {
                                                            "enchantments": "unbreaking"
                                                        }
                                                    ],
                                                    "on_true": {
                                                        "type": "model",
                                                        "model": "enchants:item/misc/unbreaking"
                                                    },
                                                    "on_false": {
                                                        "type": "condition",
                                                        "property": "component",
                                                        "predicate": "enchantments",
                                                        "value": [
                                                            {
                                                                "enchantments": "vanishing_curse"
                                                            }
                                                        ],
                                                        "on_true": {
                                                            "type": "model",
                                                            "model": "enchants:item/misc/vanish"
                                                        },
                                                        "on_false": {
                                                            "type": "empty"
                                                        }
                                                    }
                                                }
                                            }
                                        }
                                    ]
                                },
                                {
                                    "type": "select",
                                    "property": "local_time",
                                    "fallback": {
                                        "type": "empty"
                                    },
                                    "pattern": "s",
                                    "cases": [
                                        {
                                            "when": ["1","2",
                                                "7","8",
                                                "13","14",
                                                "19","20",
                                                "25","26",
                                                "31","32",
                                                "37","38",
                                                "43","44",
                                                "49","50",
                                                "55","56"],
                                            "model": {
                                                "type": "condition",
                                                "property": "component",
                                                "predicate": "enchantments",
                                                "value": [
                                                    {
                                                        "enchantments": "unbreaking"
                                                    }
                                                ],
                                                "on_true": {
                                                    "type": "model",
                                                    "model": "enchants:item/misc/unbreaking"
                                                },
                                                "on_false": {
                                                    "type": "condition",
                                                    "property": "component",
                                                    "predicate": "enchantments",
                                                    "value": [
                                                        {
                                                            "enchantments": "vanishing_curse"
                                                        }
                                                    ],
                                                    "on_true": {
                                                        "type": "model",
                                                        "model": "enchants:item/misc/vanish"
                                                    },
                                                    "on_false": {
                                                        "type": "empty"
                                                    }
                                                }
                                            }
                                        }
                                    ]
                                },
                                {
                                    "type": "select",
                                    "property": "local_time",
                                    "fallback": {
                                        "type": "empty"
                                    },
                                    "pattern": "s",
                                    "cases": [
                                        {
                                            "when": ["1",
                                                "7",
                                                "13",
                                                "19",
                                                "25",
                                                "31",
                                                "37",
                                                "43",
                                                "49",
                                                "55"],
                                            "model": {
                                                "type": "condition",
                                                "property": "component",
                                                "predicate": "enchantments",
                                                "value": [
                                                    {
                                                        "enchantments": "vanishing_curse"
                                                    }
                                                ],
                                                "on_true": {
                                                    "type": "model",
                                                    "model": "enchants:item/misc/vanish"
                                                },
                                                "on_false": {
                                                    "type": "empty"
                                                }
                                            }
                                        }
                                    ]
                                }
                            ]
                        }
                    }
                    }
                ]
            }
        ]
    }
}