{
    "model": {
        "type": "composite",
        "models": [
            {
                "type": "model",
                "model": "item/golden_axe"
            },
            {
                "type": "select",
                "property": "display_context",
                "fallback": {
                    "type": "empty"
                },
                "cases": [
                    {
                        "when": [
                            "gui"
                        ],
                        "model": {
                            "type": "condition",
                            "property": "carried",
                            "on_true": {
                                "type": "empty"
                            },
                            "on_false": {
                                "type": "composite",
                                "models": [
                                    {
                                        "type": "select",
                                        "property": "local_time",
                                        "fallback": {
                                            "type": "empty"
                                        },
                                        "pattern": "s",
                                        "cases": [
                                            {
                                                "when": [
                                                    "1",
                                                    "2",
                                                    "3",
                                                    "4",
                                                    "5",
                                                    "6",
                                                    "7",
                                                    "8",
                                                    "9",
                                                    "10",
                                                    "11",
                                                    "12",
                                                    "13",
                                                    "14",
                                                    "15",
                                                    "16",
                                                    "17",
                                                    "18",
                                                    "19",
                                                    "20",
                                                    "21",
                                                    "22",
                                                    "23",
                                                    "24",
                                                    "25",
                                                    "26",
                                                    "27",
                                                    "28",
                                                    "29",
                                                    "30",
                                                    "31",
                                                    "32",
                                                    "33",
                                                    "34",
                                                    "35",
                                                    "36",
                                                    "37",
                                                    "38",
                                                    "39",
                                                    "40",
                                                    "41",
                                                    "42",
                                                    "43",
                                                    "44",
                                                    "45",
                                                    "46",
                                                    "47",
                                                    "48",
                                                    "49",
                                                    "50",
                                                    "51",
                                                    "52",
                                                    "53",
                                                    "54",
                                                    "55",
                                                    "56",
                                                    "57",
                                                    "58",
                                                    "59",
                                                    "0"
                                                ],
                                                "model": {
                                                    "type": "condition",
                                                    "property": "component",
                                                    "predicate": "enchantments",
                                                    "value": [
                                                        {
                                                            "enchantments": "efficiency"
                                                        }
                                                    ],
                                                    "on_true": {
                                                        "type": "model",
                                                        "model": "enchants:item/tools/efficiency"
                                                    },
                                                    "on_false": {
                                                        "type": "condition",
                                                        "property": "component",
                                                        "predicate": "enchantments",
                                                        "value": [
                                                            {
                                                                "enchantments": "fortune"
                                                            }
                                                        ],
                                                        "on_true": {
                                                            "type": "model",
                                                            "model": "enchants:item/tools/fortune"
                                                        },
                                                        "on_false": {
                                                            "type": "condition",
                                                            "property": "component",
                                                            "predicate": "enchantments",
                                                            "value": [
                                                                {
                                                                    "enchantments": "sharpness"
                                                                }
                                                            ],
                                                            "on_true": {
                                                                "type": "model",
                                                                "model": "enchants:item/sword/sharpness"
                                                            },
                                                            "on_false": {
                                                                "type": "condition",
                                                                "property": "component",
                                                                "predicate": "enchantments",
                                                                "value": [
                                                                    {
                                                                        "enchantments": "unbreaking"
                                                                    }
                                                                ],
                                                                "on_true": {
                                                                    "type": "model",
                                                                    "model": "enchants:item/misc/unbreaking"
                                                                },
                                                                "on_false": {
                                                                    "type": "condition",
                                                                    "property": "component",
                                                                    "predicate": "enchantments",
                                                                    "value": [
                                                                        {
                                                                            "enchantments": "silk_touch"
                                                                        }
                                                                    ],
                                                                    "on_true": {
                                                                        "type": "model",
                                                                        "model": "enchants:item/tools/silk"
                                                                    },
                                                                    "on_false": {
                                                                        "type": "condition",
                                                                        "property": "component",
                                                                        "predicate": "enchantments",
                                                                        "value": [
                                                                            {
                                                                                "enchantments": "vanishing_curse"
                                                                            }
                                                                        ],
                                                                        "on_true": {
                                                                            "type": "model",
                                                                            "model": "enchants:item/misc/vanish"
                                                                        },
                                                                        "on_false": {
                                                                            "type": "condition",
                                                                            "property": "component",
                                                                            "predicate": "enchantments",
                                                                            "value": [
                                                                                {
                                                                                    "enchantments": "mending"
                                                                                }
                                                                            ],
                                                                            "on_true": {
                                                                                "type": "model",
                                                                                "model": "enchants:item/misc/mending"
                                                                            },
                                                                            "on_false": {
                                                                                "type": "condition",
                                                                                "property": "component",
                                                                                "predicate": "enchantments",
                                                                                "value": [
                                                                                    {
                                                                                        "enchantments": "smite"
                                                                                    }
                                                                                ],
                                                                                "on_true": {
                                                                                    "type": "model",
                                                                                    "model": "enchants:item/sword/smite"
                                                                                },
                                                                                "on_false": {
                                                                                    "type": "condition",
                                                                                    "property": "component",
                                                                                    "predicate": "enchantments",
                                                                                    "value": [
                                                                                        {
                                                                                            "enchantments": "bane_of_arthropods"
                                                                                        }
                                                                                    ],
                                                                                    "on_true": {
                                                                                        "type": "model",
                                                                                        "model": "enchants:item/sword/bane"
                                                                                    },
                                                                                    "on_false": {
                                                                                        "type": "empty"
                                                                                    }
                                                                                }
                                                                            }
                                                                        }
                                                                    }
                                                                }
                                                            }
                                                        }
                                                    }
                                                }
                                            }
                                        ]
                                    },
                                    {
                                        "type": "select",
                                        "property": "local_time",
                                        "fallback": {
                                            "type": "empty"
                                        },
                                        "pattern": "s",
                                        "cases": [
                                            {
                                                "when": [
                                                    "1",
                                                    "2",
                                                    "3",
                                                    "4",
                                                    "5",
                                                    "6",
                                                    "7",
                                                    "8",
                                                    "10",
                                                    "11",
                                                    "12",
                                                    "13",
                                                    "14",
                                                    "15",
                                                    "16",
                                                    "17",
                                                    "19",
                                                    "20",
                                                    "21",
                                                    "22",
                                                    "23",
                                                    "24",
                                                    "25",
                                                    "26",
                                                    "28",
                                                    "29",
                                                    "30",
                                                    "31",
                                                    "32",
                                                    "33",
                                                    "34",
                                                    "35",
                                                    "37",
                                                    "38",
                                                    "39",
                                                    "40",
                                                    "41",
                                                    "42",
                                                    "43",
                                                    "44",
                                                    "46",
                                                    "47",
                                                    "48",
                                                    "49",
                                                    "50",
                                                    "51",
                                                    "52",
                                                    "53",
                                                    "55",
                                                    "56",
                                                    "57",
                                                    "58",
                                                    "59",
                                                    "0"
                                                ],
                                                "model": {
                                                    "type": "condition",
                                                    "property": "component",
                                                    "predicate": "enchantments",
                                                    "value": [
                                                        {
                                                            "enchantments": "fortune"
                                                        }
                                                    ],
                                                    "on_true": {
                                                        "type": "model",
                                                        "model": "enchants:item/tools/fortune"
                                                    },
                                                    "on_false": {
                                                        "type": "condition",
                                                        "property": "component",
                                                        "predicate": "enchantments",
                                                        "value": [
                                                            {
                                                                "enchantments": "sharpness"
                                                            }
                                                        ],
                                                        "on_true": {
                                                            "type": "model",
                                                            "model": "enchants:item/sword/sharpness"
                                                        },
                                                        "on_false": {
                                                            "type": "condition",
                                                            "property": "component",
                                                            "predicate": "enchantments",
                                                            "value": [
                                                                {
                                                                    "enchantments": "unbreaking"
                                                                }
                                                            ],
                                                            "on_true": {
                                                                "type": "model",
                                                                "model": "enchants:item/misc/unbreaking"
                                                            },
                                                            "on_false": {
                                                                "type": "condition",
                                                                "property": "component",
                                                                "predicate": "enchantments",
                                                                "value": [
                                                                    {
                                                                        "enchantments": "silk_touch"
                                                                    }
                                                                ],
                                                                "on_true": {
                                                                    "type": "model",
                                                                    "model": "enchants:item/tools/silk"
                                                                },
                                                                "on_false": {
                                                                    "type": "condition",
                                                                    "property": "component",
                                                                    "predicate": "enchantments",
                                                                    "value": [
                                                                        {
                                                                            "enchantments": "vanishing_curse"
                                                                        }
                                                                    ],
                                                                    "on_true": {
                                                                        "type": "model",
                                                                        "model": "enchants:item/misc/vanish"
                                                                    },
                                                                    "on_false": {
                                                                        "type": "condition",
                                                                        "property": "component",
                                                                        "predicate": "enchantments",
                                                                        "value": [
                                                                            {
                                                                                "enchantments": "mending"
                                                                            }
                                                                        ],
                                                                        "on_true": {
                                                                            "type": "model",
                                                                            "model": "enchants:item/misc/mending"
                                                                        },
                                                                        "on_false": {
                                                                            "type": "condition",
                                                                            "property": "component",
                                                                            "predicate": "enchantments",
                                                                            "value": [
                                                                                {
                                                                                    "enchantments": "smite"
                                                                                }
                                                                            ],
                                                                            "on_true": {
                                                                                "type": "model",
                                                                                "model": "enchants:item/sword/smite"
                                                                            },
                                                                            "on_false": {
                                                                                "type": "condition",
                                                                                "property": "component",
                                                                                "predicate": "enchantments",
                                                                                "value": [
                                                                                    {
                                                                                        "enchantments": "bane_of_arthropods"
                                                                                    }
                                                                                ],
                                                                                "on_true": {
                                                                                    "type": "model",
                                                                                    "model": "enchants:item/sword/bane"
                                                                                },
                                                                                "on_false": {
                                                                                    "type": "empty"
                                                                                }
                                                                            }
                                                                        }
                                                                    }
                                                                }
                                                            }
                                                        }
                                                    }
                                                }
                                            }
                                        ]
                                    },
                                    {
                                        "type": "select",
                                        "property": "local_time",
                                        "fallback": {
                                            "type": "empty"
                                        },
                                        "pattern": "s",
                                        "cases": [
                                            {
                                                "when": [
                                                    "1",
                                                    "2",
                                                    "3",
                                                    "4",
                                                    "5",
                                                    "6",
                                                    "7",
                                                    "10",
                                                    "11",
                                                    "12",
                                                    "13",
                                                    "14",
                                                    "15",
                                                    "16",
                                                    "19",
                                                    "20",
                                                    "21",
                                                    "22",
                                                    "23",
                                                    "24",
                                                    "25",
                                                    "28",
                                                    "29",
                                                    "30",
                                                    "31",
                                                    "32",
                                                    "33",
                                                    "34",
                                                    "37",
                                                    "38",
                                                    "39",
                                                    "40",
                                                    "41",
                                                    "42",
                                                    "43",
                                                    "46",
                                                    "47",
                                                    "48",
                                                    "49",
                                                    "50",
                                                    "51",
                                                    "52",
                                                    "55",
                                                    "56",
                                                    "57",
                                                    "58",
                                                    "59",
                                                    "0"
                                                ],
                                                "model": {
                                                    "type": "condition",
                                                    "property": "component",
                                                    "predicate": "enchantments",
                                                    "value": [
                                                        {
                                                            "enchantments": "sharpness"
                                                        }
                                                    ],
                                                    "on_true": {
                                                        "type": "model",
                                                        "model": "enchants:item/sword/sharpness"
                                                    },
                                                    "on_false": {
                                                        "type": "condition",
                                                        "property": "component",
                                                        "predicate": "enchantments",
                                                        "value": [
                                                            {
                                                                "enchantments": "unbreaking"
                                                            }
                                                        ],
                                                        "on_true": {
                                                            "type": "model",
                                                            "model": "enchants:item/misc/unbreaking"
                                                        },
                                                        "on_false": {
                                                            "type": "condition",
                                                            "property": "component",
                                                            "predicate": "enchantments",
                                                            "value": [
                                                                {
                                                                    "enchantments": "silk_touch"
                                                                }
                                                            ],
                                                            "on_true": {
                                                                "type": "model",
                                                                "model": "enchants:item/tools/silk"
                                                            },
                                                            "on_false": {
                                                                "type": "condition",
                                                                "property": "component",
                                                                "predicate": "enchantments",
                                                                "value": [
                                                                    {
                                                                        "enchantments": "vanishing_curse"
                                                                    }
                                                                ],
                                                                "on_true": {
                                                                    "type": "model",
                                                                    "model": "enchants:item/misc/vanish"
                                                                },
                                                                "on_false": {
                                                                    "type": "condition",
                                                                    "property": "component",
                                                                    "predicate": "enchantments",
                                                                    "value": [
                                                                        {
                                                                            "enchantments": "mending"
                                                                        }
                                                                    ],
                                                                    "on_true": {
                                                                        "type": "model",
                                                                        "model": "enchants:item/misc/mending"
                                                                    },
                                                                    "on_false": {
                                                                        "type": "condition",
                                                                        "property": "component",
                                                                        "predicate": "enchantments",
                                                                        "value": [
                                                                            {
                                                                                "enchantments": "smite"
                                                                            }
                                                                        ],
                                                                        "on_true": {
                                                                            "type": "model",
                                                                            "model": "enchants:item/sword/smite"
                                                                        },
                                                                        "on_false": {
                                                                            "type": "condition",
                                                                            "property": "component",
                                                                            "predicate": "enchantments",
                                                                            "value": [
                                                                                {
                                                                                    "enchantments": "bane_of_arthropods"
                                                                                }
                                                                            ],
                                                                            "on_true": {
                                                                                "type": "model",
                                                                                "model": "enchants:item/sword/bane"
                                                                            },
                                                                            "on_false": {
                                                                                "type": "empty"
                                                                            }
                                                                        }
                                                                    }
                                                                }
                                                            }
                                                        }
                                                    }
                                                }
                                            }
                                        ]
                                    },
                                    {
                                        "type": "select",
                                        "property": "local_time",
                                        "fallback": {
                                            "type": "empty"
                                        },
                                        "pattern": "s",
                                        "cases": [
                                            {
                                                "when": [
                                                    "1",
                                                    "2",
                                                    "3",
                                                    "4",
                                                    "5",
                                                    "6",
                                                    "10",
                                                    "11",
                                                    "12",
                                                    "13",
                                                    "14",
                                                    "15",
                                                    "19",
                                                    "20",
                                                    "21",
                                                    "22",
                                                    "23",
                                                    "24",
                                                    "28",
                                                    "29",
                                                    "30",
                                                    "31",
                                                    "32",
                                                    "33",
                                                    "37",
                                                    "38",
                                                    "39",
                                                    "40",
                                                    "41",
                                                    "42",
                                                    "46",
                                                    "47",
                                                    "48",
                                                    "49",
                                                    "50",
                                                    "51",
                                                    "55",
                                                    "56",
                                                    "57",
                                                    "58",
                                                    "59",
                                                    "0"
                                                ],
                                                "model": {
                                                    "type": "condition",
                                                    "property": "component",
                                                    "predicate": "enchantments",
                                                    "value": [
                                                        {
                                                            "enchantments": "unbreaking"
                                                        }
                                                    ],
                                                    "on_true": {
                                                        "type": "model",
                                                        "model": "enchants:item/misc/unbreaking"
                                                    },
                                                    "on_false": {
                                                        "type": "condition",
                                                        "property": "component",
                                                        "predicate": "enchantments",
                                                        "value": [
                                                            {
                                                                "enchantments": "silk_touch"
                                                            }
                                                        ],
                                                        "on_true": {
                                                            "type": "model",
                                                            "model": "enchants:item/tools/silk"
                                                        },
                                                        "on_false": {
                                                            "type": "condition",
                                                            "property": "component",
                                                            "predicate": "enchantments",
                                                            "value": [
                                                                {
                                                                    "enchantments": "vanishing_curse"
                                                                }
                                                            ],
                                                            "on_true": {
                                                                "type": "model",
                                                                "model": "enchants:item/misc/vanish"
                                                            },
                                                            "on_false": {
                                                                "type": "condition",
                                                                "property": "component",
                                                                "predicate": "enchantments",
                                                                "value": [
                                                                    {
                                                                        "enchantments": "mending"
                                                                    }
                                                                ],
                                                                "on_true": {
                                                                    "type": "model",
                                                                    "model": "enchants:item/misc/mending"
                                                                },
                                                                "on_false": {
                                                                    "type": "condition",
                                                                    "property": "component",
                                                                    "predicate": "enchantments",
                                                                    "value": [
                                                                        {
                                                                            "enchantments": "smite"
                                                                        }
                                                                    ],
                                                                    "on_true": {
                                                                        "type": "model",
                                                                        "model": "enchants:item/sword/smite"
                                                                    },
                                                                    "on_false": {
                                                                        "type": "condition",
                                                                        "property": "component",
                                                                        "predicate": "enchantments",
                                                                        "value": [
                                                                            {
                                                                                "enchantments": "bane_of_arthropods"
                                                                            }
                                                                        ],
                                                                        "on_true": {
                                                                            "type": "model",
                                                                            "model": "enchants:item/sword/bane"
                                                                        },
                                                                        "on_false": {
                                                                            "type": "empty"
                                                                        }
                                                                    }
                                                                }
                                                            }
                                                        }
                                                    }
                                                }
                                            }
                                        ]
                                    },
                                    {
                                        "type": "select",
                                        "property": "local_time",
                                        "fallback": {
                                            "type": "empty"
                                        },
                                        "pattern": "s",
                                        "cases": [
                                            {
                                                "when": [
                                                    "1",
                                                    "2",
                                                    "3",
                                                    "4",
                                                    "5",
                                                    "10",
                                                    "11",
                                                    "12",
                                                    "13",
                                                    "14",
                                                    "19",
                                                    "20",
                                                    "21",
                                                    "22",
                                                    "23",
                                                    "28",
                                                    "29",
                                                    "30",
                                                    "31",
                                                    "32",
                                                    "37",
                                                    "38",
                                                    "39",
                                                    "40",
                                                    "41",
                                                    "46",
                                                    "47",
                                                    "48",
                                                    "49",
                                                    "50",
                                                    "55",
                                                    "56",
                                                    "57",
                                                    "58",
                                                    "59"
                                                ],
                                                "model": {
                                                    "type": "condition",
                                                    "property": "component",
                                                    "predicate": "enchantments",
                                                    "value": [
                                                        {
                                                            "enchantments": "silk_touch"
                                                        }
                                                    ],
                                                    "on_true": {
                                                        "type": "model",
                                                        "model": "enchants:item/tools/silk"
                                                    },
                                                    "on_false": {
                                                        "type": "condition",
                                                        "property": "component",
                                                        "predicate": "enchantments",
                                                        "value": [
                                                            {
                                                                "enchantments": "vanishing_curse"
                                                            }
                                                        ],
                                                        "on_true": {
                                                            "type": "model",
                                                            "model": "enchants:item/misc/vanish"
                                                        },
                                                        "on_false": {
                                                            "type": "condition",
                                                            "property": "component",
                                                            "predicate": "enchantments",
                                                            "value": [
                                                                {
                                                                    "enchantments": "mending"
                                                                }
                                                            ],
                                                            "on_true": {
                                                                "type": "model",
                                                                "model": "enchants:item/misc/mending"
                                                            },
                                                            "on_false": {
                                                                "type": "condition",
                                                                "property": "component",
                                                                "predicate": "enchantments",
                                                                "value": [
                                                                    {
                                                                        "enchantments": "smite"
                                                                    }
                                                                ],
                                                                "on_true": {
                                                                    "type": "model",
                                                                    "model": "enchants:item/sword/smite"
                                                                },
                                                                "on_false": {
                                                                    "type": "condition",
                                                                    "property": "component",
                                                                    "predicate": "enchantments",
                                                                    "value": [
                                                                        {
                                                                            "enchantments": "bane_of_arthropods"
                                                                        }
                                                                    ],
                                                                    "on_true": {
                                                                        "type": "model",
                                                                        "model": "enchants:item/sword/bane"
                                                                    },
                                                                    "on_false": {
                                                                        "type": "empty"
                                                                    }
                                                                }
                                                            }
                                                        }
                                                    }
                                                }
                                            }
                                        ]
                                    },
                                    {
                                        "type": "select",
                                        "property": "local_time",
                                        "fallback": {
                                            "type": "empty"
                                        },
                                        "pattern": "s",
                                        "cases": [
                                            {
                                                "when": [
                                                    "1",
                                                    "2",
                                                    "3",
                                                    "4",
                                                    "10",
                                                    "11",
                                                    "12",
                                                    "13",
                                                    "19",
                                                    "20",
                                                    "21",
                                                    "22",
                                                    "28",
                                                    "29",
                                                    "30",
                                                    "31",
                                                    "37",
                                                    "38",
                                                    "39",
                                                    "40",
                                                    "46",
                                                    "47",
                                                    "48",
                                                    "49",
                                                    "55",
                                                    "56",
                                                    "57",
                                                    "58"
                                                ],
                                                "model": {
                                                    "type": "condition",
                                                    "property": "component",
                                                    "predicate": "enchantments",
                                                    "value": [
                                                        {
                                                            "enchantments": "vanishing_curse"
                                                        }
                                                    ],
                                                    "on_true": {
                                                        "type": "model",
                                                        "model": "enchants:item/misc/vanish"
                                                    },
                                                    "on_false": {
                                                        "type": "condition",
                                                        "property": "component",
                                                        "predicate": "enchantments",
                                                        "value": [
                                                            {
                                                                "enchantments": "mending"
                                                            }
                                                        ],
                                                        "on_true": {
                                                            "type": "model",
                                                            "model": "enchants:item/misc/mending"
                                                        },
                                                        "on_false": {
                                                            "type": "condition",
                                                            "property": "component",
                                                            "predicate": "enchantments",
                                                            "value": [
                                                                {
                                                                    "enchantments": "smite"
                                                                }
                                                            ],
                                                            "on_true": {
                                                                "type": "model",
                                                                "model": "enchants:item/sword/smite"
                                                            },
                                                            "on_false": {
                                                                "type": "condition",
                                                                "property": "component",
                                                                "predicate": "enchantments",
                                                                "value": [
                                                                    {
                                                                        "enchantments": "bane_of_arthropods"
                                                                    }
                                                                ],
                                                                "on_true": {
                                                                    "type": "model",
                                                                    "model": "enchants:item/sword/bane"
                                                                },
                                                                "on_false": {
                                                                    "type": "empty"
                                                                }
                                                            }
                                                        }
                                                    }
                                                }
                                            }
                                        ]
                                    },
                                    {
                                        "type": "select",
                                        "property": "local_time",
                                        "fallback": {
                                            "type": "empty"
                                        },
                                        "pattern": "s",
                                        "cases": [
                                            {
                                                "when": [
                                                    "1",
                                                    "2",
                                                    "3",
                                                    "10",
                                                    "11",
                                                    "12",
                                                    "19",
                                                    "20",
                                                    "21",
                                                    "28",
                                                    "29",
                                                    "30",
                                                    "37",
                                                    "38",
                                                    "39",
                                                    "46",
                                                    "47",
                                                    "48",
                                                    "55",
                                                    "56",
                                                    "57"
                                                ],
                                                "model": {
                                                    "type": "condition",
                                                    "property": "component",
                                                    "predicate": "enchantments",
                                                    "value": [
                                                        {
                                                            "enchantments": "mending"
                                                        }
                                                    ],
                                                    "on_true": {
                                                        "type": "model",
                                                        "model": "enchants:item/misc/mending"
                                                    },
                                                    "on_false": {
                                                        "type": "condition",
                                                        "property": "component",
                                                        "predicate": "enchantments",
                                                        "value": [
                                                            {
                                                                "enchantments": "smite"
                                                            }
                                                        ],
                                                        "on_true": {
                                                            "type": "model",
                                                            "model": "enchants:item/sword/smite"
                                                        },
                                                        "on_false": {
                                                            "type": "condition",
                                                            "property": "component",
                                                            "predicate": "enchantments",
                                                            "value": [
                                                                {
                                                                    "enchantments": "bane_of_arthropods"
                                                                }
                                                            ],
                                                            "on_true": {
                                                                "type": "model",
                                                                "model": "enchants:item/sword/bane"
                                                            },
                                                            "on_false": {
                                                                "type": "empty"
                                                            }
                                                        }
                                                    }
                                                }
                                            }
                                        ]
                                    },
                                    {
                                        "type": "select",
                                        "property": "local_time",
                                        "fallback": {
                                            "type": "empty"
                                        },
                                        "pattern": "s",
                                        "cases": [
                                            {
                                                "when": [
                                                    "1",
                                                    "2",
                                                    "10",
                                                    "11",
                                                    "19",
                                                    "20",
                                                    "28",
                                                    "29",
                                                    "37",
                                                    "38",
                                                    "46",
                                                    "47",
                                                    "55",
                                                    "56"
                                                ],
                                                "model": {
                                                    "type": "condition",
                                                    "property": "component",
                                                    "predicate": "enchantments",
                                                    "value": [
                                                        {
                                                            "enchantments": "smite"
                                                        }
                                                    ],
                                                    "on_true": {
                                                        "type": "model",
                                                        "model": "enchants:item/sword/smite"
                                                    },
                                                    "on_false": {
                                                        "type": "condition",
                                                        "property": "component",
                                                        "predicate": "enchantments",
                                                        "value": [
                                                            {
                                                                "enchantments": "bane_of_arthropods"
                                                            }
                                                        ],
                                                        "on_true": {
                                                            "type": "model",
                                                            "model": "enchants:item/sword/bane"
                                                        },
                                                        "on_false": {
                                                            "type": "empty"
                                                        }
                                                    }
                                                }
                                            }
                                        ]
                                    },
                                    {
                                        "type": "select",
                                        "property": "local_time",
                                        "fallback": {
                                            "type": "empty"
                                        },
                                        "pattern": "s",
                                        "cases": [
                                            {
                                                "when": [
                                                    "1",
                                                    "10",
                                                    "19",
                                                    "28",
                                                    "37",
                                                    "46",
                                                    "55"
                                                ],
                                                "model": {
                                                    "type": "condition",
                                                    "property": "component",
                                                    "predicate": "enchantments",
                                                    "value": [
                                                        {
                                                            "enchantments": "bane_of_arthropods"
                                                        }
                                                    ],
                                                    "on_true": {
                                                        "type": "model",
                                                        "model": "enchants:item/sword/bane"
                                                    },
                                                    "on_false": {
                                                        "type": "empty"
                                                    }
                                                }
                                            }
                                        ]
                                    }
                                ]
                            }
                        }
                    }
                ]
            }
        ]
    }
}