{
    "model": {
        "type": "composite",
        "models": [
            {
                "type": "minecraft:select",
                "cases": [
                  {
                    "model": {
                      "type": "minecraft:model",
                      "model": "minecraft:item/leather_leggings_quartz_trim",
                      "tints": [
                        {
                          "type": "minecraft:dye",
                          "default": -6265536
                        }
                      ]
                    },
                    "when": "minecraft:quartz"
                  },
                  {
                    "model": {
                      "type": "minecraft:model",
                      "model": "minecraft:item/leather_leggings_iron_trim",
                      "tints": [
                        {
                          "type": "minecraft:dye",
                          "default": -6265536
                        }
                      ]
                    },
                    "when": "minecraft:iron"
                  },
                  {
                    "model": {
                      "type": "minecraft:model",
                      "model": "minecraft:item/leather_leggings_netherite_trim",
                      "tints": [
                        {
                          "type": "minecraft:dye",
                          "default": -6265536
                        }
                      ]
                    },
                    "when": "minecraft:netherite"
                  },
                  {
                    "model": {
                      "type": "minecraft:model",
                      "model": "minecraft:item/leather_leggings_redstone_trim",
                      "tints": [
                        {
                          "type": "minecraft:dye",
                          "default": -6265536
                        }
                      ]
                    },
                    "when": "minecraft:redstone"
                  },
                  {
                    "model": {
                      "type": "minecraft:model",
                      "model": "minecraft:item/leather_leggings_copper_trim",
                      "tints": [
                        {
                          "type": "minecraft:dye",
                          "default": -6265536
                        }
                      ]
                    },
                    "when": "minecraft:copper"
                  },
                  {
                    "model": {
                      "type": "minecraft:model",
                      "model": "minecraft:item/leather_leggings_gold_trim",
                      "tints": [
                        {
                          "type": "minecraft:dye",
                          "default": -6265536
                        }
                      ]
                    },
                    "when": "minecraft:gold"
                  },
                  {
                    "model": {
                      "type": "minecraft:model",
                      "model": "minecraft:item/leather_leggings_emerald_trim",
                      "tints": [
                        {
                          "type": "minecraft:dye",
                          "default": -6265536
                        }
                      ]
                    },
                    "when": "minecraft:emerald"
                  },
                  {
                    "model": {
                      "type": "minecraft:model",
                      "model": "minecraft:item/leather_leggings_diamond_trim",
                      "tints": [
                        {
                          "type": "minecraft:dye",
                          "default": -6265536
                        }
                      ]
                    },
                    "when": "minecraft:diamond"
                  },
                  {
                    "model": {
                      "type": "minecraft:model",
                      "model": "minecraft:item/leather_leggings_lapis_trim",
                      "tints": [
                        {
                          "type": "minecraft:dye",
                          "default": -6265536
                        }
                      ]
                    },
                    "when": "minecraft:lapis"
                  },
                  {
                    "model": {
                      "type": "minecraft:model",
                      "model": "minecraft:item/leather_leggings_amethyst_trim",
                      "tints": [
                        {
                          "type": "minecraft:dye",
                          "default": -6265536
                        }
                      ]
                    },
                    "when": "minecraft:amethyst"
                  },
                  {
                    "model": {
                      "type": "minecraft:model",
                      "model": "minecraft:item/leather_leggings_resin_trim",
                      "tints": [
                        {
                          "type": "minecraft:dye",
                          "default": -6265536
                        }
                      ]
                    },
                    "when": "minecraft:resin"
                  }
                ],
                "fallback": {
                  "type": "minecraft:model",
                  "model": "minecraft:item/leather_leggings",
                  "tints": [
                    {
                      "type": "minecraft:dye",
                      "default": -6265536
                    }
                  ]
                },
                "property": "minecraft:trim_material"
              },
            {
                "type": "select",
                "property": "display_context",
                "fallback": {
                    "type": "empty"
                },
                "cases": [
                    {
                        "when": [
                            "gui"
                        ],
                        "model": {
                            "type": "condition",
                            "property": "carried",
                            "on_true": {
                                "type": "empty"
                            },
                            "on_false": {
                            "type": "composite",
                            "models": [
                                {
                                    "type": "select",
                                    "property": "local_time",
                                    "fallback": {
                                        "type": "empty"
                                    },
                                    "pattern": "s",
                                    "cases": [
                                        {
                                            "when": [
                                                "1",
                                                "2",
                                                "3",
                                                "4",
                                                "5",
                                                "6",
                                                "7",
                                                "8",
                                                "9",
                                                "10",
                                                "11",
                                                "12",
                                                "13",
                                                "14",
                                                "15",
                                                "16",
                                                "17",
                                                "18",
                                                "19",
                                                "20",
                                                "21",
                                                "22",
                                                "23",
                                                "24",
                                                "25",
                                                "26",
                                                "27",
                                                "28",
                                                "29",
                                                "30",
                                                "31",
                                                "32",
                                                "33",
                                                "34",
                                                "35",
                                                "36",
                                                "37",
                                                "38",
                                                "39",
                                                "40",
                                                "41",
                                                "42",
                                                "43",
                                                "44",
                                                "45",
                                                "46",
                                                "47",
                                                "48",
                                                "49",
                                                "50",
                                                "51",
                                                "52",
                                                "53",
                                                "54",
                                                "55",
                                                "56",
                                                "57",
                                                "58",
                                                "59",
                                                "0"
                                            ],
                                            "model": {
                                                "type": "condition",
                                                "property": "component",
                                                "predicate": "enchantments",
                                                "value": [
                                                    {
                                                        "enchantments": "protection"
                                                    }
                                                ],
                                                "on_true": {
                                                    "type": "model",
                                                    "model": "enchants:item/armor/p"
                                                },
                                                "on_false": {
                                                    "type": "condition",
                                                    "property": "component",
                                                    "predicate": "enchantments",
                                                    "value": [
                                                        {
                                                            "enchantments": "unbreaking"
                                                        }
                                                    ],
                                                    "on_true": {
                                                        "type": "model",
                                                        "model": "enchants:item/misc/unbreaking"
                                                    },
                                                    "on_false": {
                                                        "type": "condition",
                                                        "property": "component",
                                                        "predicate": "enchantments",
                                                        "value": [
                                                            {
                                                                "enchantments": "blast_protection"
                                                            }
                                                        ],
                                                        "on_true": {
                                                            "type": "model",
                                                            "model": "enchants:item/armor/blast"
                                                        },
                                                        "on_false": {
                                                            "type": "condition",
                                                            "property": "component",
                                                            "predicate": "enchantments",
                                                            "value": [
                                                                {
                                                                    "enchantments": "binding_curse"
                                                                }
                                                            ],
                                                            "on_true": {
                                                                "type": "model",
                                                                "model": "enchants:item/misc/binding"
                                                            },
                                                            "on_false": {
                                                                "type": "condition",
                                                                "property": "component",
                                                                "predicate": "enchantments",
                                                                "value": [
                                                                    {
                                                                        "enchantments": "fire_protection"
                                                                    }
                                                                ],
                                                                "on_true": {
                                                                    "type": "model",
                                                                    "model": "enchants:item/armor/fire"
                                                                },
                                                                "on_false": {
                                                                    "type": "condition",
                                                                    "property": "component",
                                                                    "predicate": "enchantments",
                                                                    "value": [
                                                                        {
                                                                            "enchantments": "vanishing_curse"
                                                                        }
                                                                    ],
                                                                    "on_true": {
                                                                        "type": "model",
                                                                        "model": "enchants:item/misc/vanish"
                                                                    },
                                                                    "on_false": {
                                                                        "type": "condition",
                                                                        "property": "component",
                                                                        "predicate": "enchantments",
                                                                        "value": [
                                                                            {
                                                                                "enchantments": "projectile_protection"
                                                                            }
                                                                        ],
                                                                        "on_true": {
                                                                            "type": "model",
                                                                            "model": "enchants:item/armor/projectile"
                                                                        },
                                                                        "on_false": {
                                                                            "type": "condition",
                                                                            "property": "component",
                                                                            "predicate": "enchantments",
                                                                            "value": [
                                                                                {
                                                                                    "enchantments": "mending"
                                                                                }
                                                                            ],
                                                                            "on_true": {
                                                                                "type": "model",
                                                                                "model": "enchants:item/misc/mending"
                                                                            },
                                                                            "on_false": {
                                                                                "type": "condition",
                                                                                "property": "component",
                                                                                "predicate": "enchantments",
                                                                                "value": [
                                                                                    {
                                                                                        "enchantments": "thorns"
                                                                                    }
                                                                                ],
                                                                                "on_true": {
                                                                                    "type": "model",
                                                                                    "model": "enchants:item/armor/thorns"
                                                                                },
                                                                                "on_false": {
                                                                                    "type": "condition",
                                                                                    "property": "component",
                                                                                    "predicate": "enchantments",
                                                                                    "value": [
                                                                                        {
                                                                                            "enchantments": "swift_sneak"
                                                                                        }
                                                                                    ],
                                                                                    "on_true": {
                                                                                        "type": "model",
                                                                                        "model": "enchants:item/armor/sneak"
                                                                                    },
                                                                                    "on_false": {
                                                                                        "type": "empty"
                                                                                    }
                                                                                }
                                                                            }
                                                                        }
                                                                    }
                                                                }
                                                            }
                                                        }
                                                    }
                                                }
                                            }
                                        }
                                    ]
                                },
                                {
                                    "type": "select",
                                    "property": "local_time",
                                    "fallback": {
                                        "type": "empty"
                                    },
                                    "pattern": "s",
                                    "cases": [
                                        {
                                            "when": [
                                                "1",
                                                "2",
                                                "3",
                                                "4",
                                                "5",
                                                "6",
                                                "7",
                                                "8",
                                                "9",
                                                "11",
                                                "12",
                                                "13",
                                                "14",
                                                "15",
                                                "16",
                                                "17",
                                                "18",
                                                "19",
                                                "21",
                                                "22",
                                                "23",
                                                "24",
                                                "25",
                                                "26",
                                                "27",
                                                "28",
                                                "29",
                                                "31",
                                                "32",
                                                "33",
                                                "34",
                                                "35",
                                                "36",
                                                "37",
                                                "38",
                                                "39",
                                                "41",
                                                "42",
                                                "43",
                                                "44",
                                                "45",
                                                "46",
                                                "47",
                                                "48",
                                                "49",
                                                "51",
                                                "52",
                                                "53",
                                                "54",
                                                "55",
                                                "56",
                                                "57",
                                                "58",
                                                "59"
                                            ],
                                            "model": {
                                                "type": "condition",
                                                "property": "component",
                                                "predicate": "enchantments",
                                                "value": [
                                                    {
                                                        "enchantments": "unbreaking"
                                                    }
                                                ],
                                                "on_true": {
                                                    "type": "model",
                                                    "model": "enchants:item/misc/unbreaking"
                                                },
                                                "on_false": {
                                                    "type": "condition",
                                                    "property": "component",
                                                    "predicate": "enchantments",
                                                    "value": [
                                                        {
                                                            "enchantments": "blast_protection"
                                                        }
                                                    ],
                                                    "on_true": {
                                                        "type": "model",
                                                        "model": "enchants:item/armor/blast"
                                                    },
                                                    "on_false": {
                                                        "type": "condition",
                                                        "property": "component",
                                                        "predicate": "enchantments",
                                                        "value": [
                                                            {
                                                                "enchantments": "binding_curse"
                                                            }
                                                        ],
                                                        "on_true": {
                                                            "type": "model",
                                                            "model": "enchants:item/misc/binding"
                                                        },
                                                        "on_false": {
                                                            "type": "condition",
                                                            "property": "component",
                                                            "predicate": "enchantments",
                                                            "value": [
                                                                {
                                                                    "enchantments": "fire_protection"
                                                                }
                                                            ],
                                                            "on_true": {
                                                                "type": "model",
                                                                "model": "enchants:item/armor/fire"
                                                            },
                                                            "on_false": {
                                                                "type": "condition",
                                                                "property": "component",
                                                                "predicate": "enchantments",
                                                                "value": [
                                                                    {
                                                                        "enchantments": "vanishing_curse"
                                                                    }
                                                                ],
                                                                "on_true": {
                                                                    "type": "model",
                                                                    "model": "enchants:item/misc/vanish"
                                                                },
                                                                "on_false": {
                                                                    "type": "condition",
                                                                    "property": "component",
                                                                    "predicate": "enchantments",
                                                                    "value": [
                                                                        {
                                                                            "enchantments": "projectile_protection"
                                                                        }
                                                                    ],
                                                                    "on_true": {
                                                                        "type": "model",
                                                                        "model": "enchants:item/armor/projectile"
                                                                    },
                                                                    "on_false": {
                                                                        "type": "condition",
                                                                        "property": "component",
                                                                        "predicate": "enchantments",
                                                                        "value": [
                                                                            {
                                                                                "enchantments": "mending"
                                                                            }
                                                                        ],
                                                                        "on_true": {
                                                                            "type": "model",
                                                                            "model": "enchants:item/misc/mending"
                                                                        },
                                                                        "on_false": {
                                                                            "type": "condition",
                                                                            "property": "component",
                                                                            "predicate": "enchantments",
                                                                            "value": [
                                                                                {
                                                                                    "enchantments": "thorns"
                                                                                }
                                                                            ],
                                                                            "on_true": {
                                                                                "type": "model",
                                                                                "model": "enchants:item/armor/thorns"
                                                                            },
                                                                            "on_false": {
                                                                                "type": "condition",
                                                                                "property": "component",
                                                                                "predicate": "enchantments",
                                                                                "value": [
                                                                                    {
                                                                                        "enchantments": "swift_sneak"
                                                                                    }
                                                                                ],
                                                                                "on_true": {
                                                                                    "type": "model",
                                                                                    "model": "enchants:item/armor/sneak"
                                                                                },
                                                                                "on_false": {
                                                                                    "type": "empty"
                                                                                }
                                                                            }
                                                                        }
                                                                    }
                                                                }
                                                            }
                                                        }
                                                    }
                                                }
                                            }
                                        }
                                    ]
                                },
                                {
                                    "type": "select",
                                    "property": "local_time",
                                    "fallback": {
                                        "type": "empty"
                                    },
                                    "pattern": "s",
                                    "cases": [
                                        {
                                            "when": [
                                                "1",
                                                "2",
                                                "3",
                                                "4",
                                                "5",
                                                "6",
                                                "7",
                                                "8",
                                                "11",
                                                "12",
                                                "13",
                                                "14",
                                                "15",
                                                "16",
                                                "17",
                                                "18",
                                                "21",
                                                "22",
                                                "23",
                                                "24",
                                                "25",
                                                "26",
                                                "27",
                                                "28",
                                                "31",
                                                "32",
                                                "33",
                                                "34",
                                                "35",
                                                "36",
                                                "37",
                                                "38",
                                                "41",
                                                "42",
                                                "43",
                                                "44",
                                                "45",
                                                "46",
                                                "47",
                                                "48",
                                                "51",
                                                "52",
                                                "53",
                                                "54",
                                                "55",
                                                "56",
                                                "57",
                                                "58"
                                            ],
                                            "model": {
                                                "type": "condition",
                                                "property": "component",
                                                "predicate": "enchantments",
                                                "value": [
                                                    {
                                                        "enchantments": "blast_protection"
                                                    }
                                                ],
                                                "on_true": {
                                                    "type": "model",
                                                    "model": "enchants:item/armor/blast"
                                                },
                                                "on_false": {
                                                    "type": "condition",
                                                    "property": "component",
                                                    "predicate": "enchantments",
                                                    "value": [
                                                        {
                                                            "enchantments": "binding_curse"
                                                        }
                                                    ],
                                                    "on_true": {
                                                        "type": "model",
                                                        "model": "enchants:item/misc/binding"
                                                    },
                                                    "on_false": {
                                                        "type": "condition",
                                                        "property": "component",
                                                        "predicate": "enchantments",
                                                        "value": [
                                                            {
                                                                "enchantments": "fire_protection"
                                                            }
                                                        ],
                                                        "on_true": {
                                                            "type": "model",
                                                            "model": "enchants:item/armor/fire"
                                                        },
                                                        "on_false": {
                                                            "type": "condition",
                                                            "property": "component",
                                                            "predicate": "enchantments",
                                                            "value": [
                                                                {
                                                                    "enchantments": "vanishing_curse"
                                                                }
                                                            ],
                                                            "on_true": {
                                                                "type": "model",
                                                                "model": "enchants:item/misc/vanish"
                                                            },
                                                            "on_false": {
                                                                "type": "condition",
                                                                "property": "component",
                                                                "predicate": "enchantments",
                                                                "value": [
                                                                    {
                                                                        "enchantments": "projectile_protection"
                                                                    }
                                                                ],
                                                                "on_true": {
                                                                    "type": "model",
                                                                    "model": "enchants:item/armor/projectile"
                                                                },
                                                                "on_false": {
                                                                    "type": "condition",
                                                                    "property": "component",
                                                                    "predicate": "enchantments",
                                                                    "value": [
                                                                        {
                                                                            "enchantments": "mending"
                                                                        }
                                                                    ],
                                                                    "on_true": {
                                                                        "type": "model",
                                                                        "model": "enchants:item/misc/mending"
                                                                    },
                                                                    "on_false": {
                                                                        "type": "condition",
                                                                        "property": "component",
                                                                        "predicate": "enchantments",
                                                                        "value": [
                                                                            {
                                                                                "enchantments": "thorns"
                                                                            }
                                                                        ],
                                                                        "on_true": {
                                                                            "type": "model",
                                                                            "model": "enchants:item/armor/thorns"
                                                                        },
                                                                        "on_false": {
                                                                            "type": "condition",
                                                                            "property": "component",
                                                                            "predicate": "enchantments",
                                                                            "value": [
                                                                                {
                                                                                    "enchantments": "swift_sneak"
                                                                                }
                                                                            ],
                                                                            "on_true": {
                                                                                "type": "model",
                                                                                "model": "enchants:item/armor/sneak"
                                                                            },
                                                                            "on_false": {
                                                                                "type": "empty"
                                                                            }
                                                                        }
                                                                    }
                                                                }
                                                            }
                                                        }
                                                    }
                                                }
                                            }
                                        }
                                    ]
                                },
                                {
                                    "type": "select",
                                    "property": "local_time",
                                    "fallback": {
                                        "type": "empty"
                                    },
                                    "pattern": "s",
                                    "cases": [
                                        {
                                            "when": [
                                                "1",
                                                "2",
                                                "3",
                                                "4",
                                                "5",
                                                "6",
                                                "7",
                                                "11",
                                                "12",
                                                "13",
                                                "14",
                                                "15",
                                                "16",
                                                "17",
                                                "21",
                                                "22",
                                                "23",
                                                "24",
                                                "25",
                                                "26",
                                                "27",
                                                "31",
                                                "32",
                                                "33",
                                                "34",
                                                "35",
                                                "36",
                                                "37",
                                                "41",
                                                "42",
                                                "43",
                                                "44",
                                                "45",
                                                "46",
                                                "47",
                                                "51",
                                                "52",
                                                "53",
                                                "54",
                                                "55",
                                                "56",
                                                "57"
                                            ],
                                            "model": {
                                                "type": "condition",
                                                "property": "component",
                                                "predicate": "enchantments",
                                                "value": [
                                                    {
                                                        "enchantments": "binding_curse"
                                                    }
                                                ],
                                                "on_true": {
                                                    "type": "model",
                                                    "model": "enchants:item/misc/binding"
                                                },
                                                "on_false": {
                                                    "type": "condition",
                                                    "property": "component",
                                                    "predicate": "enchantments",
                                                    "value": [
                                                        {
                                                            "enchantments": "fire_protection"
                                                        }
                                                    ],
                                                    "on_true": {
                                                        "type": "model",
                                                        "model": "enchants:item/armor/fire"
                                                    },
                                                    "on_false": {
                                                        "type": "condition",
                                                        "property": "component",
                                                        "predicate": "enchantments",
                                                        "value": [
                                                            {
                                                                "enchantments": "vanishing_curse"
                                                            }
                                                        ],
                                                        "on_true": {
                                                            "type": "model",
                                                            "model": "enchants:item/misc/vanish"
                                                        },
                                                        "on_false": {
                                                            "type": "condition",
                                                            "property": "component",
                                                            "predicate": "enchantments",
                                                            "value": [
                                                                {
                                                                    "enchantments": "projectile_protection"
                                                                }
                                                            ],
                                                            "on_true": {
                                                                "type": "model",
                                                                "model": "enchants:item/armor/projectile"
                                                            },
                                                            "on_false": {
                                                                "type": "condition",
                                                                "property": "component",
                                                                "predicate": "enchantments",
                                                                "value": [
                                                                    {
                                                                        "enchantments": "mending"
                                                                    }
                                                                ],
                                                                "on_true": {
                                                                    "type": "model",
                                                                    "model": "enchants:item/misc/mending"
                                                                },
                                                                "on_false": {
                                                                    "type": "condition",
                                                                    "property": "component",
                                                                    "predicate": "enchantments",
                                                                    "value": [
                                                                        {
                                                                            "enchantments": "thorns"
                                                                        }
                                                                    ],
                                                                    "on_true": {
                                                                        "type": "model",
                                                                        "model": "enchants:item/armor/thorns"
                                                                    },
                                                                    "on_false": {
                                                                        "type": "condition",
                                                                        "property": "component",
                                                                        "predicate": "enchantments",
                                                                        "value": [
                                                                            {
                                                                                "enchantments": "swift_sneak"
                                                                            }
                                                                        ],
                                                                        "on_true": {
                                                                            "type": "model",
                                                                            "model": "enchants:item/armor/sneak"
                                                                        },
                                                                        "on_false": {
                                                                            "type": "empty"
                                                                        }
                                                                    }
                                                                }
                                                            }
                                                        }
                                                    }
                                                }
                                            }
                                        }
                                    ]
                                },
                                {
                                    "type": "select",
                                    "property": "local_time",
                                    "fallback": {
                                        "type": "empty"
                                    },
                                    "pattern": "s",
                                    "cases": [
                                        {
                                            "when": [
                                                "1",
                                                "2",
                                                "3",
                                                "4",
                                                "5",
                                                "6",
                                                "11",
                                                "12",
                                                "13",
                                                "14",
                                                "15",
                                                "16",
                                                "21",
                                                "22",
                                                "23",
                                                "24",
                                                "25",
                                                "26",
                                                "31",
                                                "32",
                                                "33",
                                                "34",
                                                "35",
                                                "36",
                                                "41",
                                                "42",
                                                "43",
                                                "44",
                                                "45",
                                                "46",
                                                "51",
                                                "52",
                                                "53",
                                                "54",
                                                "55",
                                                "56"
                                            ],
                                            "model": {
                                                "type": "condition",
                                                "property": "component",
                                                "predicate": "enchantments",
                                                "value": [
                                                    {
                                                        "enchantments": "fire_protection"
                                                    }
                                                ],
                                                "on_true": {
                                                    "type": "model",
                                                    "model": "enchants:item/armor/fire"
                                                },
                                                "on_false": {
                                                    "type": "condition",
                                                    "property": "component",
                                                    "predicate": "enchantments",
                                                    "value": [
                                                        {
                                                            "enchantments": "vanishing_curse"
                                                        }
                                                    ],
                                                    "on_true": {
                                                        "type": "model",
                                                        "model": "enchants:item/misc/vanish"
                                                    },
                                                    "on_false": {
                                                        "type": "condition",
                                                        "property": "component",
                                                        "predicate": "enchantments",
                                                        "value": [
                                                            {
                                                                "enchantments": "projectile_protection"
                                                            }
                                                        ],
                                                        "on_true": {
                                                            "type": "model",
                                                            "model": "enchants:item/armor/projectile"
                                                        },
                                                        "on_false": {
                                                            "type": "condition",
                                                            "property": "component",
                                                            "predicate": "enchantments",
                                                            "value": [
                                                                {
                                                                    "enchantments": "mending"
                                                                }
                                                            ],
                                                            "on_true": {
                                                                "type": "model",
                                                                "model": "enchants:item/misc/mending"
                                                            },
                                                            "on_false": {
                                                                "type": "condition",
                                                                "property": "component",
                                                                "predicate": "enchantments",
                                                                "value": [
                                                                    {
                                                                        "enchantments": "thorns"
                                                                    }
                                                                ],
                                                                "on_true": {
                                                                    "type": "model",
                                                                    "model": "enchants:item/armor/thorns"
                                                                },
                                                                "on_false": {
                                                                    "type": "condition",
                                                                    "property": "component",
                                                                    "predicate": "enchantments",
                                                                    "value": [
                                                                        {
                                                                            "enchantments": "swift_sneak"
                                                                        }
                                                                    ],
                                                                    "on_true": {
                                                                        "type": "model",
                                                                        "model": "enchants:item/armor/sneak"
                                                                    },
                                                                    "on_false": {
                                                                        "type": "empty"
                                                                    }
                                                                }
                                                            }
                                                        }
                                                    }
                                                }
                                            }
                                        }
                                    ]
                                },
                                {
                                    "type": "select",
                                    "property": "local_time",
                                    "fallback": {
                                        "type": "empty"
                                    },
                                    "pattern": "s",
                                    "cases": [
                                        {
                                            "when": [
                                                "1",
                                                "2",
                                                "3",
                                                "4",
                                                "5",
                                                "11",
                                                "12",
                                                "13",
                                                "14",
                                                "15",
                                                "21",
                                                "22",
                                                "23",
                                                "24",
                                                "25",
                                                "31",
                                                "32",
                                                "33",
                                                "34",
                                                "35",
                                                "41",
                                                "42",
                                                "43",
                                                "44",
                                                "45",
                                                "51",
                                                "52",
                                                "53",
                                                "54",
                                                "55"
                                            ],
                                            "model": {
                                                "type": "condition",
                                                "property": "component",
                                                "predicate": "enchantments",
                                                "value": [
                                                    {
                                                        "enchantments": "vanishing_curse"
                                                    }
                                                ],
                                                "on_true": {
                                                    "type": "model",
                                                    "model": "enchants:item/misc/vanish"
                                                },
                                                "on_false": {
                                                    "type": "condition",
                                                    "property": "component",
                                                    "predicate": "enchantments",
                                                    "value": [
                                                        {
                                                            "enchantments": "projectile_protection"
                                                        }
                                                    ],
                                                    "on_true": {
                                                        "type": "model",
                                                        "model": "enchants:item/armor/projectile"
                                                    },
                                                    "on_false": {
                                                        "type": "condition",
                                                        "property": "component",
                                                        "predicate": "enchantments",
                                                        "value": [
                                                            {
                                                                "enchantments": "mending"
                                                            }
                                                        ],
                                                        "on_true": {
                                                            "type": "model",
                                                            "model": "enchants:item/misc/mending"
                                                        },
                                                        "on_false": {
                                                            "type": "condition",
                                                            "property": "component",
                                                            "predicate": "enchantments",
                                                            "value": [
                                                                {
                                                                    "enchantments": "thorns"
                                                                }
                                                            ],
                                                            "on_true": {
                                                                "type": "model",
                                                                "model": "enchants:item/armor/thorns"
                                                            },
                                                            "on_false": {
                                                                "type": "condition",
                                                                "property": "component",
                                                                "predicate": "enchantments",
                                                                "value": [
                                                                    {
                                                                        "enchantments": "swift_sneak"
                                                                    }
                                                                ],
                                                                "on_true": {
                                                                    "type": "model",
                                                                    "model": "enchants:item/armor/sneak"
                                                                },
                                                                "on_false": {
                                                                    "type": "empty"
                                                                }
                                                            }
                                                        }
                                                    }
                                                }
                                            }
                                        }
                                    ]
                                },
                                {
                                    "type": "select",
                                    "property": "local_time",
                                    "fallback": {
                                        "type": "empty"
                                    },
                                    "pattern": "s",
                                    "cases": [
                                        {
                                            "when": [
                                                "1",
                                                "2",
                                                "3",
                                                "4",
                                                "11",
                                                "12",
                                                "13",
                                                "14",
                                                "21",
                                                "22",
                                                "23",
                                                "24",
                                                "31",
                                                "32",
                                                "33",
                                                "34",
                                                "41",
                                                "42",
                                                "43",
                                                "44",
                                                "51",
                                                "52",
                                                "53",
                                                "54"
                                            ],
                                            "model": {
                                                "type": "condition",
                                                "property": "component",
                                                "predicate": "enchantments",
                                                "value": [
                                                    {
                                                        "enchantments": "projectile_protection"
                                                    }
                                                ],
                                                "on_true": {
                                                    "type": "model",
                                                    "model": "enchants:item/armor/projectile"
                                                },
                                                "on_false": {
                                                    "type": "condition",
                                                    "property": "component",
                                                    "predicate": "enchantments",
                                                    "value": [
                                                        {
                                                            "enchantments": "mending"
                                                        }
                                                    ],
                                                    "on_true": {
                                                        "type": "model",
                                                        "model": "enchants:item/misc/mending"
                                                    },
                                                    "on_false": {
                                                        "type": "condition",
                                                        "property": "component",
                                                        "predicate": "enchantments",
                                                        "value": [
                                                            {
                                                                "enchantments": "thorns"
                                                            }
                                                        ],
                                                        "on_true": {
                                                            "type": "model",
                                                            "model": "enchants:item/armor/thorns"
                                                        },
                                                        "on_false": {
                                                            "type": "condition",
                                                            "property": "component",
                                                            "predicate": "enchantments",
                                                            "value": [
                                                                {
                                                                    "enchantments": "swift_sneak"
                                                                }
                                                            ],
                                                            "on_true": {
                                                                "type": "model",
                                                                "model": "enchants:item/armor/sneak"
                                                            },
                                                            "on_false": {
                                                                "type": "empty"
                                                            }
                                                        }
                                                    }
                                                }
                                            }
                                        }
                                    ]
                                },
                                {
                                    "type": "select",
                                    "property": "local_time",
                                    "fallback": {
                                        "type": "empty"
                                    },
                                    "pattern": "s",
                                    "cases": [
                                        {
                                            "when": [
                                                "1",
                                                "2",
                                                "3",
                                                "11",
                                                "12",
                                                "13",
                                                "21",
                                                "22",
                                                "23",
                                                "31",
                                                "32",
                                                "33",
                                                "41",
                                                "42",
                                                "43",
                                                "51",
                                                "52",
                                                "53"
                                            ],
                                            "model": {
                                                "type": "condition",
                                                "property": "component",
                                                "predicate": "enchantments",
                                                "value": [
                                                    {
                                                        "enchantments": "mending"
                                                    }
                                                ],
                                                "on_true": {
                                                    "type": "model",
                                                    "model": "enchants:item/misc/mending"
                                                },
                                                "on_false": {
                                                    "type": "condition",
                                                    "property": "component",
                                                    "predicate": "enchantments",
                                                    "value": [
                                                        {
                                                            "enchantments": "thorns"
                                                        }
                                                    ],
                                                    "on_true": {
                                                        "type": "model",
                                                        "model": "enchants:item/armor/thorns"
                                                    },
                                                    "on_false": {
                                                        "type": "condition",
                                                        "property": "component",
                                                        "predicate": "enchantments",
                                                        "value": [
                                                            {
                                                                "enchantments": "swift_sneak"
                                                            }
                                                        ],
                                                        "on_true": {
                                                            "type": "model",
                                                            "model": "enchants:item/armor/sneak"
                                                        },
                                                        "on_false": {
                                                            "type": "empty"
                                                        }
                                                    }
                                                }
                                            }
                                        }
                                    ]
                                },
                                {
                                    "type": "select",
                                    "property": "local_time",
                                    "fallback": {
                                        "type": "empty"
                                    },
                                    "pattern": "s",
                                    "cases": [
                                        {
                                            "when": [
                                                "1",
                                                "2",
                                                "11",
                                                "12",
                                                "21",
                                                "22",
                                                "31",
                                                "32",
                                                "41",
                                                "42",
                                                "51",
                                                "52"
                                            ],
                                            "model": {
                                                "type": "condition",
                                                "property": "component",
                                                "predicate": "enchantments",
                                                "value": [
                                                    {
                                                        "enchantments": "thorns"
                                                    }
                                                ],
                                                "on_true": {
                                                    "type": "model",
                                                    "model": "enchants:item/armor/thorns"
                                                },
                                                "on_false": {
                                                    "type": "condition",
                                                    "property": "component",
                                                    "predicate": "enchantments",
                                                    "value": [
                                                        {
                                                            "enchantments": "swift_sneak"
                                                        }
                                                    ],
                                                    "on_true": {
                                                        "type": "model",
                                                        "model": "enchants:item/armor/sneak"
                                                    },
                                                    "on_false": {
                                                        "type": "empty"
                                                    }
                                                }
                                            }
                                        }
                                    ]
                                },
                                {
                                    "type": "select",
                                    "property": "local_time",
                                    "fallback": {
                                        "type": "empty"
                                    },
                                    "pattern": "s",
                                    "cases": [
                                        {
                                            "when": [
                                                "1",
                                                "11",
                                                "21",
                                                "31",
                                                "41",
                                                "51"
                                            ],
                                            "model": {
                                                "type": "condition",
                                                "property": "component",
                                                "predicate": "enchantments",
                                                "value": [
                                                    {
                                                        "enchantments": "swift_sneak"
                                                    }
                                                ],
                                                "on_true": {
                                                    "type": "model",
                                                    "model": "enchants:item/armor/sneak"
                                                },
                                                "on_false": {
                                                    "type": "empty"
                                                }
                                            }
                                        }
                                    ]
                                }
                            ]
                        }
                    }
                    }
                ]
            }
        ]
    }
}