{
    "model": {
        "type": "composite",
        "models": [
            {
                "type": "model",
                "model": "item/stone_sword"
            },
            {
                "type": "select",
                "property": "display_context",
                "fallback": {
                    "type": "empty"
                },
                "cases": [
                    {
                        "when": [
                            "gui"
                        ],
                        "model": {
                            "type": "condition",
                            "property": "carried",
                            "on_true": {
                                "type": "empty"
                            },
                            "on_false": {
                            "type": "composite",
                            "models": [
                                {
                                    "type": "select",
                                    "property": "local_time",
                                    "fallback": {
                                        "type": "empty"
                                    },
                                    "pattern": "s",
                                    "cases": [
                                        {
                                            "when": [
                                                "1","2","3","4","5","6","7","8","9","10",
                                                "11","12","13","14","15","16","17","18","19","20",
                                                "21","22","23","24","25","26","27","28","29","30",
                                                "31","32","33","34","35","36","37","38","39","40",
                                                "41","42","43","44","45","46","47","48","49","50",
                                                "51","52","53","54","55","56","57","58","59","0"
                                            ],
                                            "model": {
                                                "type": "condition",
                                                "property": "component",
                                                "predicate": "enchantments",
                                                "value": [
                                                    {
                                                        "enchantments": "sharpness"
                                                    }
                                                ],
                                                "on_true": {
                                                    "type": "model",
                                                    "model": "enchants:item/sword/sharpness"
                                                },
                                                "on_false": {
                                                    "type": "condition",
                                                    "property": "component",
                                                    "predicate": "enchantments",
                                                    "value": [
                                                        {
                                                            "enchantments": "fire_aspect"
                                                        }
                                                    ],
                                                    "on_true": {
                                                        "type": "model",
                                                        "model": "enchants:item/sword/fire"
                                                    },
                                                    "on_false": {
                                                        "type": "condition",
                                                        "property": "component",
                                                        "predicate": "enchantments",
                                                        "value": [
                                                            {
                                                                "enchantments": "sweeping_edge"
                                                            }
                                                        ],
                                                        "on_true": {
                                                            "type": "model",
                                                            "model": "enchants:item/sword/sweep"
                                                        },
                                                        "on_false": {
                                                            "type": "condition",
                                                            "property": "component",
                                                            "predicate": "enchantments",
                                                            "value": [
                                                                {
                                                                    "enchantments": "smite"
                                                                }
                                                            ],
                                                            "on_true": {
                                                                "type": "model",
                                                                "model": "enchants:item/sword/smite"
                                                            },
                                                            "on_false": {
                                                                "type": "condition",
                                                                "property": "component",
                                                                "predicate": "enchantments",
                                                                "value": [
                                                                    {
                                                                        "enchantments": "knockback"
                                                                    }
                                                                ],
                                                                "on_true": {
                                                                    "type": "model",
                                                                    "model": "enchants:item/sword/knockback"
                                                                },
                                                                "on_false": {
                                                                    "type": "condition",
                                                                    "property": "component",
                                                                    "predicate": "enchantments",
                                                                    "value": [
                                                                        {
                                                                            "enchantments": "looting"
                                                                        }
                                                                    ],
                                                                    "on_true": {
                                                                        "type": "model",
                                                                        "model": "enchants:item/sword/looting"
                                                                    },
                                                                    "on_false": {
                                                                        "type": "condition",
                                                                        "property": "component",
                                                                        "predicate": "enchantments",
                                                                        "value": [
                                                                            {
                                                                                "enchantments": "bane_of_arthropods"
                                                                            }
                                                                        ],
                                                                        "on_true": {
                                                                            "type": "model",
                                                                            "model": "enchants:item/sword/bane"
                                                                        },
                                                                        "on_false": {
                                                                            "type": "condition",
                                                                            "property": "component",
                                                                            "predicate": "enchantments",
                                                                            "value": [
                                                                                {
                                                                                    "enchantments": "unbreaking"
                                                                                }
                                                                            ],
                                                                            "on_true": {
                                                                                "type": "model",
                                                                                "model": "enchants:item/misc/unbreaking"
                                                                            },
                                                                            "on_false": {
                                                                                "type": "condition",
                                                                                "property": "component",
                                                                                "predicate": "enchantments",
                                                                                "value": [
                                                                                    {
                                                                                        "enchantments": "mending"
                                                                                    }
                                                                                ],
                                                                                "on_true": {
                                                                                    "type": "model",
                                                                                    "model": "enchants:item/misc/mending"
                                                                                },
                                                                                "on_false": {
                                                                                    "type": "condition",
                                                                                    "property": "component",
                                                                                    "predicate": "enchantments",
                                                                                    "value": [
                                                                                        {
                                                                                            "enchantments": "vanishing_curse"
                                                                                        }
                                                                                    ],
                                                                                    "on_true": {
                                                                                        "type": "model",
                                                                                        "model": "enchants:item/misc/vanish"
                                                                                    },
                                                                                    "on_false": {
                                                                                        "type": "empty"
                                                                                    }
                                                                                }
                                                                            }
                                                                        }
                                                                    }
                                                                }
                                                            }
                                                        }
                                                    }
                                                }
                                            }
                                        }
                                    ]
                                },
                                {
                                    "type": "select",
                                    "property": "local_time",
                                    "fallback": {
                                        "type": "empty"
                                    },
                                    "pattern": "s",
                                    "cases": [
                                        {
                                            "when": [
                                                "2","3","4","5","6","7","8","9","10",
                                                "12","13","14","15","16","17","18","19","20",
                                                "22","23","24","25","26","27","28","29","30",
                                                "32","33","34","35","36","37","38","39","40",
                                                "42","43","44","45","46","47","48","49","50",
                                                "52","53","54","55","56","57","58","59","0"
                                            ],
                                            "model": {
                                                "type": "condition",
                                                "property": "component",
                                                "predicate": "enchantments",
                                                "value": [
                                                    {
                                                        "enchantments": "fire_aspect"
                                                    }
                                                ],
                                                "on_true": {
                                                    "type": "model",
                                                    "model": "enchants:item/sword/fire"
                                                },
                                                "on_false": {
                                                    "type": "condition",
                                                    "property": "component",
                                                    "predicate": "enchantments",
                                                    "value": [
                                                        {
                                                            "enchantments": "sweeping_edge"
                                                        }
                                                    ],
                                                    "on_true": {
                                                        "type": "model",
                                                        "model": "enchants:item/sword/sweep"
                                                    },
                                                    "on_false": {
                                                        "type": "condition",
                                                        "property": "component",
                                                        "predicate": "enchantments",
                                                        "value": [
                                                            {
                                                                "enchantments": "smite"
                                                            }
                                                        ],
                                                        "on_true": {
                                                            "type": "model",
                                                            "model": "enchants:item/sword/smite"
                                                        },
                                                        "on_false": {
                                                            "type": "condition",
                                                            "property": "component",
                                                            "predicate": "enchantments",
                                                            "value": [
                                                                {
                                                                    "enchantments": "knockback"
                                                                }
                                                            ],
                                                            "on_true": {
                                                                "type": "model",
                                                                "model": "enchants:item/sword/knockback"
                                                            },
                                                            "on_false": {
                                                                "type": "condition",
                                                                "property": "component",
                                                                "predicate": "enchantments",
                                                                "value": [
                                                                    {
                                                                        "enchantments": "looting"
                                                                    }
                                                                ],
                                                                "on_true": {
                                                                    "type": "model",
                                                                    "model": "enchants:item/sword/looting"
                                                                },
                                                                "on_false": {
                                                                    "type": "condition",
                                                                    "property": "component",
                                                                    "predicate": "enchantments",
                                                                    "value": [
                                                                        {
                                                                            "enchantments": "bane_of_arthropods"
                                                                        }
                                                                    ],
                                                                    "on_true": {
                                                                        "type": "model",
                                                                        "model": "enchants:item/sword/bane"
                                                                    },
                                                                    "on_false": {
                                                                        "type": "condition",
                                                                        "property": "component",
                                                                        "predicate": "enchantments",
                                                                        "value": [
                                                                            {
                                                                                "enchantments": "unbreaking"
                                                                            }
                                                                        ],
                                                                        "on_true": {
                                                                            "type": "model",
                                                                            "model": "enchants:item/misc/unbreaking"
                                                                        },
                                                                        "on_false": {
                                                                            "type": "condition",
                                                                            "property": "component",
                                                                            "predicate": "enchantments",
                                                                            "value": [
                                                                                {
                                                                                    "enchantments": "mending"
                                                                                }
                                                                            ],
                                                                            "on_true": {
                                                                                "type": "model",
                                                                                "model": "enchants:item/misc/mending"
                                                                            },
                                                                            "on_false": {
                                                                                "type": "condition",
                                                                                "property": "component",
                                                                                "predicate": "enchantments",
                                                                                "value": [
                                                                                    {
                                                                                        "enchantments": "vanishing_curse"
                                                                                    }
                                                                                ],
                                                                                "on_true": {
                                                                                    "type": "model",
                                                                                    "model": "enchants:item/misc/vanish"
                                                                                },
                                                                                "on_false": {
                                                                                    "type": "empty"
                                                                                }
                                                                            }
                                                                        }
                                                                    }
                                                                }
                                                            }
                                                        }
                                                    }
                                                }
                                            }
                                        }
                                    ]
                                },
                                {
                                    "type": "select",
                                    "property": "local_time",
                                    "fallback": {
                                        "type": "empty"
                                    },
                                    "pattern": "s",
                                    "cases": [
                                        {
                                            "when": [
                                                "3","4","5","6","7","8","9","10",
                                                "13","14","15","16","17","18","19","20",
                                                "23","24","25","26","27","28","29","30",
                                                "33","34","35","36","37","38","39","40",
                                                "43","44","45","46","47","48","49","50",
                                                "53","54","55","56","57","58","59","0"
                                            ],
                                            "model": {
                                                "type": "condition",
                                                "property": "component",
                                                "predicate": "enchantments",
                                                "value": [
                                                    {
                                                        "enchantments": "sweeping_edge"
                                                    }
                                                ],
                                                "on_true": {
                                                    "type": "model",
                                                    "model": "enchants:item/sword/sweep"
                                                },
                                                "on_false": {
                                                    "type": "condition",
                                                    "property": "component",
                                                    "predicate": "enchantments",
                                                    "value": [
                                                        {
                                                            "enchantments": "smite"
                                                        }
                                                    ],
                                                    "on_true": {
                                                        "type": "model",
                                                        "model": "enchants:item/sword/smite"
                                                    },
                                                    "on_false": {
                                                        "type": "condition",
                                                        "property": "component",
                                                        "predicate": "enchantments",
                                                        "value": [
                                                            {
                                                                "enchantments": "knockback"
                                                            }
                                                        ],
                                                        "on_true": {
                                                            "type": "model",
                                                            "model": "enchants:item/sword/knockback"
                                                        },
                                                        "on_false": {
                                                            "type": "condition",
                                                            "property": "component",
                                                            "predicate": "enchantments",
                                                            "value": [
                                                                {
                                                                    "enchantments": "looting"
                                                                }
                                                            ],
                                                            "on_true": {
                                                                "type": "model",
                                                                "model": "enchants:item/sword/looting"
                                                            },
                                                            "on_false": {
                                                                "type": "condition",
                                                                "property": "component",
                                                                "predicate": "enchantments",
                                                                "value": [
                                                                    {
                                                                        "enchantments": "bane_of_arthropods"
                                                                    }
                                                                ],
                                                                "on_true": {
                                                                    "type": "model",
                                                                    "model": "enchants:item/sword/bane"
                                                                },
                                                                "on_false": {
                                                                    "type": "condition",
                                                                    "property": "component",
                                                                    "predicate": "enchantments",
                                                                    "value": [
                                                                        {
                                                                            "enchantments": "unbreaking"
                                                                        }
                                                                    ],
                                                                    "on_true": {
                                                                        "type": "model",
                                                                        "model": "enchants:item/misc/unbreaking"
                                                                    },
                                                                    "on_false": {
                                                                        "type": "condition",
                                                                        "property": "component",
                                                                        "predicate": "enchantments",
                                                                        "value": [
                                                                            {
                                                                                "enchantments": "mending"
                                                                            }
                                                                        ],
                                                                        "on_true": {
                                                                            "type": "model",
                                                                            "model": "enchants:item/misc/mending"
                                                                        },
                                                                        "on_false": {
                                                                            "type": "condition",
                                                                            "property": "component",
                                                                            "predicate": "enchantments",
                                                                            "value": [
                                                                                {
                                                                                    "enchantments": "vanishing_curse"
                                                                                }
                                                                            ],
                                                                            "on_true": {
                                                                                "type": "model",
                                                                                "model": "enchants:item/misc/vanish"
                                                                            },
                                                                            "on_false": {
                                                                                "type": "empty"
                                                                            }
                                                                        }
                                                                    }
                                                                }
                                                            }
                                                        }
                                                    }
                                                }
                                            }
                                        }
                                    ]
                                },
                                {
                                    "type": "select",
                                    "property": "local_time",
                                    "fallback": {
                                        "type": "empty"
                                    },
                                    "pattern": "s",
                                    "cases": [
                                        {
                                            "when": [
                                                "4","5","6","7","8","9","10",
                                                "14","15","16","17","18","19","20",
                                                "24","25","26","27","28","29","30",
                                                "34","35","36","37","38","39","40",
                                                "44","45","46","47","48","49","50",
                                                "54","55","56","57","58","59","0"
                                            ],
                                            "model": {
                                                "type": "condition",
                                                "property": "component",
                                                "predicate": "enchantments",
                                                "value": [
                                                    {
                                                        "enchantments": "smite"
                                                    }
                                                ],
                                                "on_true": {
                                                    "type": "model",
                                                    "model": "enchants:item/sword/smite"
                                                },
                                                "on_false": {
                                                    "type": "condition",
                                                    "property": "component",
                                                    "predicate": "enchantments",
                                                    "value": [
                                                        {
                                                            "enchantments": "knockback"
                                                        }
                                                    ],
                                                    "on_true": {
                                                        "type": "model",
                                                        "model": "enchants:item/sword/knockback"
                                                    },
                                                    "on_false": {
                                                        "type": "condition",
                                                        "property": "component",
                                                        "predicate": "enchantments",
                                                        "value": [
                                                            {
                                                                "enchantments": "looting"
                                                            }
                                                        ],
                                                        "on_true": {
                                                            "type": "model",
                                                            "model": "enchants:item/sword/looting"
                                                        },
                                                        "on_false": {
                                                            "type": "condition",
                                                            "property": "component",
                                                            "predicate": "enchantments",
                                                            "value": [
                                                                {
                                                                    "enchantments": "bane_of_arthropods"
                                                                }
                                                            ],
                                                            "on_true": {
                                                                "type": "model",
                                                                "model": "enchants:item/sword/bane"
                                                            },
                                                            "on_false": {
                                                                "type": "condition",
                                                                "property": "component",
                                                                "predicate": "enchantments",
                                                                "value": [
                                                                    {
                                                                        "enchantments": "unbreaking"
                                                                    }
                                                                ],
                                                                "on_true": {
                                                                    "type": "model",
                                                                    "model": "enchants:item/misc/unbreaking"
                                                                },
                                                                "on_false": {
                                                                    "type": "condition",
                                                                    "property": "component",
                                                                    "predicate": "enchantments",
                                                                    "value": [
                                                                        {
                                                                            "enchantments": "mending"
                                                                        }
                                                                    ],
                                                                    "on_true": {
                                                                        "type": "model",
                                                                        "model": "enchants:item/misc/mending"
                                                                    },
                                                                    "on_false": {
                                                                        "type": "condition",
                                                                        "property": "component",
                                                                        "predicate": "enchantments",
                                                                        "value": [
                                                                            {
                                                                                "enchantments": "vanishing_curse"
                                                                            }
                                                                        ],
                                                                        "on_true": {
                                                                            "type": "model",
                                                                            "model": "enchants:item/misc/vanish"
                                                                        },
                                                                        "on_false": {
                                                                            "type": "empty"
                                                                        }
                                                                    }
                                                                }
                                                            }
                                                        }
                                                    }
                                                }
                                            }
                                        }
                                    ]
                                },
                                {
                                    "type": "select",
                                    "property": "local_time",
                                    "fallback": {
                                        "type": "empty"
                                    },
                                    "pattern": "s",
                                    "cases": [
                                        {
                                            "when": [
                                                "5","6","7","8","9","10",
                                                "15","16","17","18","19","20",
                                                "25","26","27","28","29","30",
                                                "35","36","37","38","39","40",
                                                "45","46","47","48","49","50",
                                                "55","56","57","58","59","0"
                                            ],
                                            "model":{
                                                "type": "condition",
                                                "property": "component",
                                                "predicate": "enchantments",
                                                "value": [
                                                    {
                                                        "enchantments": "knockback"
                                                    }
                                                ],
                                                "on_true": {
                                                    "type": "model",
                                                    "model": "enchants:item/sword/knockback"
                                                },
                                                "on_false": {
                                                    "type": "condition",
                                                    "property": "component",
                                                    "predicate": "enchantments",
                                                    "value": [
                                                        {
                                                            "enchantments": "looting"
                                                        }
                                                    ],
                                                    "on_true": {
                                                        "type": "model",
                                                        "model": "enchants:item/sword/looting"
                                                    },
                                                    "on_false": {
                                                        "type": "condition",
                                                        "property": "component",
                                                        "predicate": "enchantments",
                                                        "value": [
                                                            {
                                                                "enchantments": "bane_of_arthropods"
                                                            }
                                                        ],
                                                        "on_true": {
                                                            "type": "model",
                                                            "model": "enchants:item/sword/bane"
                                                        },
                                                        "on_false": {
                                                            "type": "condition",
                                                            "property": "component",
                                                            "predicate": "enchantments",
                                                            "value": [
                                                                {
                                                                    "enchantments": "unbreaking"
                                                                }
                                                            ],
                                                            "on_true": {
                                                                "type": "model",
                                                                "model": "enchants:item/misc/unbreaking"
                                                            },
                                                            "on_false": {
                                                                "type": "condition",
                                                                "property": "component",
                                                                "predicate": "enchantments",
                                                                "value": [
                                                                    {
                                                                        "enchantments": "mending"
                                                                    }
                                                                ],
                                                                "on_true": {
                                                                    "type": "model",
                                                                    "model": "enchants:item/misc/mending"
                                                                },
                                                                "on_false": {
                                                                    "type": "condition",
                                                                    "property": "component",
                                                                    "predicate": "enchantments",
                                                                    "value": [
                                                                        {
                                                                            "enchantments": "vanishing_curse"
                                                                        }
                                                                    ],
                                                                    "on_true": {
                                                                        "type": "model",
                                                                        "model": "enchants:item/misc/vanish"
                                                                    },
                                                                    "on_false": {
                                                                        "type": "empty"
                                                                    }
                                                                }
                                                            }
                                                        }
                                                    }
                                                }
                                            }
                                        }
                                    ]
                                },
                                {
                                    "type": "select",
                                    "property": "local_time",
                                    "fallback": {
                                        "type": "empty"
                                    },
                                    "pattern": "s",
                                    "cases": [
                                        {
                                            "when": [
                                                "6","7","8","9","10",
                                                "16","17","18","19","20",
                                                "26","27","28","29","30",
                                                "36","37","38","39","40",
                                                "46","47","48","49","50",
                                                "56","57","58","59","0"
                                            ],
                                            "model": {
                                                "type": "condition",
                                                "property": "component",
                                                "predicate": "enchantments",
                                                "value": [
                                                    {
                                                        "enchantments": "looting"
                                                    }
                                                ],
                                                "on_true": {
                                                    "type": "model",
                                                    "model": "enchants:item/sword/looting"
                                                },
                                                "on_false": {
                                                    "type": "condition",
                                                    "property": "component",
                                                    "predicate": "enchantments",
                                                    "value": [
                                                        {
                                                            "enchantments": "bane_of_arthropods"
                                                        }
                                                    ],
                                                    "on_true": {
                                                        "type": "model",
                                                        "model": "enchants:item/sword/bane"
                                                    },
                                                    "on_false": {
                                                        "type": "condition",
                                                        "property": "component",
                                                        "predicate": "enchantments",
                                                        "value": [
                                                            {
                                                                "enchantments": "unbreaking"
                                                            }
                                                        ],
                                                        "on_true": {
                                                            "type": "model",
                                                            "model": "enchants:item/misc/unbreaking"
                                                        },
                                                        "on_false": {
                                                            "type": "condition",
                                                            "property": "component",
                                                            "predicate": "enchantments",
                                                            "value": [
                                                                {
                                                                    "enchantments": "mending"
                                                                }
                                                            ],
                                                            "on_true": {
                                                                "type": "model",
                                                                "model": "enchants:item/misc/mending"
                                                            },
                                                            "on_false": {
                                                                "type": "condition",
                                                                "property": "component",
                                                                "predicate": "enchantments",
                                                                "value": [
                                                                    {
                                                                        "enchantments": "vanishing_curse"
                                                                    }
                                                                ],
                                                                "on_true": {
                                                                    "type": "model",
                                                                    "model": "enchants:item/misc/vanish"
                                                                },
                                                                "on_false": {
                                                                    "type": "empty"
                                                                }
                                                            }
                                                        }
                                                    }
                                                }
                                            }
                                        }
                                    ]
                                },
                                {
                                    "type": "select",
                                    "property": "local_time",
                                    "fallback": {
                                        "type": "empty"
                                    },
                                    "pattern": "s",
                                    "cases": [
                                        {
                                            "when": [
                                                "7","8","9","10",
                                                "17","18","19","20",
                                                "27","28","29","30",
                                                "37","38","39","40",
                                                "47","48","49","50",
                                                "57","58","59","0"
                                            ],
                                            "model": {
                                                "type": "condition",
                                                "property": "component",
                                                "predicate": "enchantments",
                                                "value": [
                                                    {
                                                        "enchantments": "bane_of_arthropods"
                                                    }
                                                ],
                                                "on_true": {
                                                    "type": "model",
                                                    "model": "enchants:item/sword/bane"
                                                },
                                                "on_false": {
                                                    "type": "condition",
                                                    "property": "component",
                                                    "predicate": "enchantments",
                                                    "value": [
                                                        {
                                                            "enchantments": "unbreaking"
                                                        }
                                                    ],
                                                    "on_true": {
                                                        "type": "model",
                                                        "model": "enchants:item/misc/unbreaking"
                                                    },
                                                    "on_false": {
                                                        "type": "condition",
                                                        "property": "component",
                                                        "predicate": "enchantments",
                                                        "value": [
                                                            {
                                                                "enchantments": "mending"
                                                            }
                                                        ],
                                                        "on_true": {
                                                            "type": "model",
                                                            "model": "enchants:item/misc/mending"
                                                        },
                                                        "on_false": {
                                                            "type": "condition",
                                                            "property": "component",
                                                            "predicate": "enchantments",
                                                            "value": [
                                                                {
                                                                    "enchantments": "vanishing_curse"
                                                                }
                                                            ],
                                                            "on_true": {
                                                                "type": "model",
                                                                "model": "enchants:item/misc/vanish"
                                                            },
                                                            "on_false": {
                                                                "type": "empty"
                                                            }
                                                        }
                                                    }
                                                }
                                            }
                                        }
                                    ]
                                },
                                {
                                    "type": "select",
                                    "property": "local_time",
                                    "fallback": {
                                        "type": "empty"
                                    },
                                    "pattern": "s",
                                    "cases": [
                                        {
                                            "when": [
                                                "8","9","10",
                                                "18","19","20",
                                                "28","29","30",
                                                "38","39","40",
                                                "48","49","50",
                                                "58","59","0"
                                            ],
                                            "model": {
                                                "type": "condition",
                                                "property": "component",
                                                "predicate": "enchantments",
                                                "value": [
                                                    {
                                                        "enchantments": "unbreaking"
                                                    }
                                                ],
                                                "on_true": {
                                                    "type": "model",
                                                    "model": "enchants:item/misc/unbreaking"
                                                },
                                                "on_false": {
                                                    "type": "condition",
                                                    "property": "component",
                                                    "predicate": "enchantments",
                                                    "value": [
                                                        {
                                                            "enchantments": "mending"
                                                        }
                                                    ],
                                                    "on_true": {
                                                        "type": "model",
                                                        "model": "enchants:item/misc/mending"
                                                    },
                                                    "on_false": {
                                                        "type": "condition",
                                                        "property": "component",
                                                        "predicate": "enchantments",
                                                        "value": [
                                                            {
                                                                "enchantments": "vanishing_curse"
                                                            }
                                                        ],
                                                        "on_true": {
                                                            "type": "model",
                                                            "model": "enchants:item/misc/vanish"
                                                        },
                                                        "on_false": {
                                                            "type": "empty"
                                                        }
                                                    }
                                                }
                                            }
                                        }
                                    ]
                                },
                                {
                                    "type": "select",
                                    "property": "local_time",
                                    "fallback": {
                                        "type": "empty"
                                    },
                                    "pattern": "s",
                                    "cases": [
                                        {
                                            "when": [
                                                "9","10",
                                                "19","20",
                                                "29","30",
                                                "39","40",
                                                "49","50",
                                                "59","0"
                                            ],
                                            "model": {
                                                "type": "condition",
                                                "property": "component",
                                                "predicate": "enchantments",
                                                "value": [
                                                    {
                                                        "enchantments": "mending"
                                                    }
                                                ],
                                                "on_true": {
                                                    "type": "model",
                                                    "model": "enchants:item/misc/mending"
                                                },
                                                "on_false": {
                                                    "type": "condition",
                                                    "property": "component",
                                                    "predicate": "enchantments",
                                                    "value": [
                                                        {
                                                            "enchantments": "vanishing_curse"
                                                        }
                                                    ],
                                                    "on_true": {
                                                        "type": "model",
                                                        "model": "enchants:item/misc/vanish"
                                                    },
                                                    "on_false": {
                                                        "type": "empty"
                                                    }
                                                }
                                            }
                                        }
                                    ]
                                },
                                {
                                    "type": "select",
                                    "property": "local_time",
                                    "fallback": {
                                        "type": "empty"
                                    },
                                    "pattern": "s",
                                    "cases": [
                                        {
                                            "when": [
                                                "10",
                                                "20",
                                                "30",
                                                "40",
                                                "50",
                                                "0"
                                            ],
                                            "model": {
                                                "type": "condition",
                                                "property": "component",
                                                "predicate": "enchantments",
                                                "value": [
                                                    {
                                                        "enchantments": "vanishing_curse"
                                                    }
                                                ],
                                                "on_true": {
                                                    "type": "model",
                                                    "model": "enchants:item/misc/vanish"
                                                },
                                                "on_false": {
                                                    "type": "empty"
                                                }
                                            }
                                        }
                                    ]
                                }
                            ]
                        }
                    }
                    }
                ]
            }
        ]
    }
}