{
    "model": {
        "type": "composite",
        "models": [
            {
                "type": "minecraft:select",
                "cases": [
                    {
                        "model": {
                            "type": "minecraft:model",
                            "model": "minecraft:item/trident"
                        },
                        "when": [
                            "gui",
                            "ground",
                            "fixed"
                        ]
                    }
                ],
                "fallback": {
                    "type": "minecraft:condition",
                    "on_false": {
                        "type": "minecraft:special",
                        "base": "minecraft:item/trident_in_hand",
                        "model": {
                            "type": "minecraft:trident"
                        }
                    },
                    "on_true": {
                        "type": "minecraft:special",
                        "base": "minecraft:item/trident_throwing",
                        "model": {
                            "type": "minecraft:trident"
                        }
                    },
                    "property": "minecraft:using_item"
                },
                "property": "minecraft:display_context"
            },
            {
                "type": "select",
                "property": "display_context",
                "fallback": {
                    "type": "empty"
                },
                "cases": [
                    {
                        "when": [
                            "gui"
                        ],
                        "model": {
                            "type": "condition",
                            "property": "carried",
                            "on_true": {
                                "type": "empty"
                            },
                            "on_false": {
                            "type": "composite",
                            "models": [
                                {
                                    "type": "select",
                                    "property": "local_time",
                                    "fallback": {
                                        "type": "empty"
                                    },
                                    "pattern": "s",
                                    "cases": [
                                        {
                                            "when": [
                                                "1","2","3","4","5","6","7",
                                                "8","9","10","11","12","13","14",
                                                "15","16","17","18","19","20","21",
                                                "22","23","24","25","26","27","28",
                                                "29","30","31","32","33","34","35",
                                                "36","37","38","39","40","41","42",
                                                "43","44","45","46","47","48","49",
                                                "50","51","52","53","54","55","56",
                                                "57","58","59","0"
                                            ],
                                            "model": {
                                                "type": "condition",
                                                "property": "component",
                                                "predicate": "enchantments",
                                                "value": [
                                                    {
                                                        "enchantments": "impaling"
                                                    }
                                                ],
                                                "on_true": {
                                                    "type": "model",
                                                    "model": "enchants:item/other/impaling"
                                                },
                                                "on_false": {
                                                    "type": "condition",
                                                    "property": "component",
                                                    "predicate": "enchantments",
                                                    "value": [
                                                        {
                                                            "enchantments": "loyalty"
                                                        }
                                                    ],
                                                    "on_true": {
                                                        "type": "model",
                                                        "model": "enchants:item/other/loyalty"
                                                    },
                                                    "on_false": {
                                                        "type": "condition",
                                                        "property": "component",
                                                        "predicate": "enchantments",
                                                        "value": [
                                                            {
                                                                "enchantments": "unbreaking"
                                                            }
                                                        ],
                                                        "on_true": {
                                                            "type": "model",
                                                            "model": "enchants:item/misc/unbreaking"
                                                        },
                                                        "on_false": {
                                                            "type": "condition",
                                                            "property": "component",
                                                            "predicate": "enchantments",
                                                            "value": [
                                                                {
                                                                    "enchantments": "mending"
                                                                }
                                                            ],
                                                            "on_true": {
                                                                "type": "model",
                                                                "model": "enchants:item/misc/mending"
                                                            },
                                                            "on_false": {
                                                                "type": "condition",
                                                                "property": "component",
                                                                "predicate": "enchantments",
                                                                "value": [
                                                                    {
                                                                        "enchantments": "channeling"
                                                                    }
                                                                ],
                                                                "on_true": {
                                                                    "type": "model",
                                                                    "model": "enchants:item/other/channeling"
                                                                },
                                                                "on_false": {
                                                                    "type": "condition",
                                                                    "property": "component",
                                                                    "predicate": "enchantments",
                                                                    "value": [
                                                                        {
                                                                            "enchantments": "vanishing_curse"
                                                                        }
                                                                    ],
                                                                    "on_true": {
                                                                        "type": "model",
                                                                        "model": "enchants:item/misc/vanish"
                                                                    },
                                                                    "on_false": {
                                                                        "type": "condition",
                                                                        "property": "component",
                                                                        "predicate": "enchantments",
                                                                        "value": [
                                                                            {
                                                                                "enchantments": "riptide"
                                                                            }
                                                                        ],
                                                                        "on_true": {
                                                                            "type": "model",
                                                                            "model": "enchants:item/other/riptide"
                                                                        },
                                                                        "on_false": {
                                                                            "type": "empty"
                                                                        }
                                                                    }
                                                                }
                                                            }
                                                        }
                                                    }
                                                }
                                            }
                                        }
                                    ]
                                },
                                {
                                    "type": "select",
                                    "property": "local_time",
                                    "fallback": {
                                        "type": "empty"
                                    },
                                    "pattern": "s",
                                    "cases": [
                                        {
                                            "when": [
                                                "1","2","3","4","5","6",
                                                "8","9","10","11","12","13",
                                                "15","16","17","18","19","20",
                                                "22","23","24","25","26","27",
                                                "29","30","31","32","33","34",
                                                "36","37","38","39","40","41",
                                                "43","44","45","46","47","48",
                                                "50","51","52","53","54","55",
                                                "57","58","59"
                                            ],
                                            "model": {
                                                "type": "condition",
                                                "property": "component",
                                                "predicate": "enchantments",
                                                "value": [
                                                    {
                                                        "enchantments": "loyalty"
                                                    }
                                                ],
                                                "on_true": {
                                                    "type": "model",
                                                    "model": "enchants:item/other/loyalty"
                                                },
                                                "on_false": {
                                                    "type": "condition",
                                                    "property": "component",
                                                    "predicate": "enchantments",
                                                    "value": [
                                                        {
                                                            "enchantments": "unbreaking"
                                                        }
                                                    ],
                                                    "on_true": {
                                                        "type": "model",
                                                        "model": "enchants:item/misc/unbreaking"
                                                    },
                                                    "on_false": {
                                                        "type": "condition",
                                                        "property": "component",
                                                        "predicate": "enchantments",
                                                        "value": [
                                                            {
                                                                "enchantments": "mending"
                                                            }
                                                        ],
                                                        "on_true": {
                                                            "type": "model",
                                                            "model": "enchants:item/misc/mending"
                                                        },
                                                        "on_false": {
                                                            "type": "condition",
                                                            "property": "component",
                                                            "predicate": "enchantments",
                                                            "value": [
                                                                {
                                                                    "enchantments": "channeling"
                                                                }
                                                            ],
                                                            "on_true": {
                                                                "type": "model",
                                                                "model": "enchants:item/other/channeling"
                                                            },
                                                            "on_false": {
                                                                "type": "condition",
                                                                "property": "component",
                                                                "predicate": "enchantments",
                                                                "value": [
                                                                    {
                                                                        "enchantments": "vanishing_curse"
                                                                    }
                                                                ],
                                                                "on_true": {
                                                                    "type": "model",
                                                                    "model": "enchants:item/misc/vanish"
                                                                },
                                                                "on_false": {
                                                                    "type": "condition",
                                                                    "property": "component",
                                                                    "predicate": "enchantments",
                                                                    "value": [
                                                                        {
                                                                            "enchantments": "riptide"
                                                                        }
                                                                    ],
                                                                    "on_true": {
                                                                        "type": "model",
                                                                        "model": "enchants:item/other/riptide"
                                                                    },
                                                                    "on_false": {
                                                                        "type": "empty"
                                                                    }
                                                                }
                                                            }
                                                        }
                                                    }
                                                }
                                            }
                                        }
                                    ]
                                },
                                {
                                    "type": "select",
                                    "property": "local_time",
                                    "fallback": {
                                        "type": "empty"
                                    },
                                    "pattern": "s",
                                    "cases": [
                                        {
                                            "when": [
                                                "1","2","3","4","5",
                                                "8","9","10","11","12",
                                                "15","16","17","18","19",
                                                "22","23","24","25","26",
                                                "29","30","31","32","33",
                                                "36","37","38","39","40",
                                                "43","44","45","46","47",
                                                "50","51","52","53","54",
                                                "57","58"
                                            ],
                                            "model": {
                                                "type": "condition",
                                                "property": "component",
                                                "predicate": "enchantments",
                                                "value": [
                                                    {
                                                        "enchantments": "unbreaking"
                                                    }
                                                ],
                                                "on_true": {
                                                    "type": "model",
                                                    "model": "enchants:item/misc/unbreaking"
                                                },
                                                "on_false": {
                                                    "type": "condition",
                                                    "property": "component",
                                                    "predicate": "enchantments",
                                                    "value": [
                                                        {
                                                            "enchantments": "mending"
                                                        }
                                                    ],
                                                    "on_true": {
                                                        "type": "model",
                                                        "model": "enchants:item/misc/mending"
                                                    },
                                                    "on_false": {
                                                        "type": "condition",
                                                        "property": "component",
                                                        "predicate": "enchantments",
                                                        "value": [
                                                            {
                                                                "enchantments": "channeling"
                                                            }
                                                        ],
                                                        "on_true": {
                                                            "type": "model",
                                                            "model": "enchants:item/other/channeling"
                                                        },
                                                        "on_false": {
                                                            "type": "condition",
                                                            "property": "component",
                                                            "predicate": "enchantments",
                                                            "value": [
                                                                {
                                                                    "enchantments": "vanishing_curse"
                                                                }
                                                            ],
                                                            "on_true": {
                                                                "type": "model",
                                                                "model": "enchants:item/misc/vanish"
                                                            },
                                                            "on_false": {
                                                                "type": "condition",
                                                                "property": "component",
                                                                "predicate": "enchantments",
                                                                "value": [
                                                                    {
                                                                        "enchantments": "riptide"
                                                                    }
                                                                ],
                                                                "on_true": {
                                                                    "type": "model",
                                                                    "model": "enchants:item/other/riptide"
                                                                },
                                                                "on_false": {
                                                                    "type": "empty"
                                                                }
                                                            }
                                                        }
                                                    }
                                                }
                                            }
                                        }
                                    ]
                                },
                                {
                                    "type": "select",
                                    "property": "local_time",
                                    "fallback": {
                                        "type": "empty"
                                    },
                                    "pattern": "s",
                                    "cases": [
                                        {
                                            "when": [
                                                "1","2","3","4",
                                                "8","9","10","11",
                                                "15","16","17","18",
                                                "22","23","24","25",
                                                "29","30","31","32",
                                                "36","37","38","39",
                                                "43","44","45","46",
                                                "50","51","52","53",
                                                "57"
                                            ],
                                            "model": {
                                                "type": "condition",
                                                "property": "component",
                                                "predicate": "enchantments",
                                                "value": [
                                                    {
                                                        "enchantments": "mending"
                                                    }
                                                ],
                                                "on_true": {
                                                    "type": "model",
                                                    "model": "enchants:item/misc/mending"
                                                },
                                                "on_false": {
                                                    "type": "condition",
                                                    "property": "component",
                                                    "predicate": "enchantments",
                                                    "value": [
                                                        {
                                                            "enchantments": "channeling"
                                                        }
                                                    ],
                                                    "on_true": {
                                                        "type": "model",
                                                        "model": "enchants:item/other/channeling"
                                                    },
                                                    "on_false": {
                                                        "type": "condition",
                                                        "property": "component",
                                                        "predicate": "enchantments",
                                                        "value": [
                                                            {
                                                                "enchantments": "vanishing_curse"
                                                            }
                                                        ],
                                                        "on_true": {
                                                            "type": "model",
                                                            "model": "enchants:item/misc/vanish"
                                                        },
                                                        "on_false": {
                                                            "type": "condition",
                                                            "property": "component",
                                                            "predicate": "enchantments",
                                                            "value": [
                                                                {
                                                                    "enchantments": "riptide"
                                                                }
                                                            ],
                                                            "on_true": {
                                                                "type": "model",
                                                                "model": "enchants:item/other/riptide"
                                                            },
                                                            "on_false": {
                                                                "type": "empty"
                                                            }
                                                        }
                                                    }
                                                }
                                            }
                                        }
                                    ]
                                },
                                {
                                    "type": "select",
                                    "property": "local_time",
                                    "fallback": {
                                        "type": "empty"
                                    },
                                    "pattern": "s",
                                    "cases": [
                                        {
                                            "when": [
                                                "1","2","3",
                                                "8","9","10",
                                                "15","16","17",
                                                "22","23","24",
                                                "29","30","31",
                                                "36","37","38",
                                                "43","44","45",
                                                "50","51","52"
                                            ],
                                            "model": {
                                                "type": "condition",
                                                "property": "component",
                                                "predicate": "enchantments",
                                                "value": [
                                                    {
                                                        "enchantments": "channeling"
                                                    }
                                                ],
                                                "on_true": {
                                                    "type": "model",
                                                    "model": "enchants:item/other/channeling"
                                                },
                                                "on_false": {
                                                    "type": "condition",
                                                    "property": "component",
                                                    "predicate": "enchantments",
                                                    "value": [
                                                        {
                                                            "enchantments": "vanishing_curse"
                                                        }
                                                    ],
                                                    "on_true": {
                                                        "type": "model",
                                                        "model": "enchants:item/misc/vanish"
                                                    },
                                                    "on_false": {
                                                        "type": "condition",
                                                        "property": "component",
                                                        "predicate": "enchantments",
                                                        "value": [
                                                            {
                                                                "enchantments": "riptide"
                                                            }
                                                        ],
                                                        "on_true": {
                                                            "type": "model",
                                                            "model": "enchants:item/other/riptide"
                                                        },
                                                        "on_false": {
                                                            "type": "empty"
                                                        }
                                                    }
                                                }
                                            }
                                        }
                                    ]
                                },
                                {
                                    "type": "select",
                                    "property": "local_time",
                                    "fallback": {
                                        "type": "empty"
                                    },
                                    "pattern": "s",
                                    "cases": [
                                        {
                                            "when": [
                                                "1","2",
                                                "8","9",
                                                "15","16",
                                                "22","23",
                                                "29","30",
                                                "36","37",
                                                "43","44",
                                                "50","51"
                                            ],
                                            "model": {
                                                "type": "condition",
                                                "property": "component",
                                                "predicate": "enchantments",
                                                "value": [
                                                    {
                                                        "enchantments": "vanishing_curse"
                                                    }
                                                ],
                                                "on_true": {
                                                    "type": "model",
                                                    "model": "enchants:item/misc/vanish"
                                                },
                                                "on_false": {
                                                    "type": "condition",
                                                    "property": "component",
                                                    "predicate": "enchantments",
                                                    "value": [
                                                        {
                                                            "enchantments": "riptide"
                                                        }
                                                    ],
                                                    "on_true": {
                                                        "type": "model",
                                                        "model": "enchants:item/other/riptide"
                                                    },
                                                    "on_false": {
                                                        "type": "empty"
                                                    }
                                                }
                                            }
                                        }
                                    ]
                                },
                                {
                                    "type": "select",
                                    "property": "local_time",
                                    "fallback": {
                                        "type": "empty"
                                    },
                                    "pattern": "s",
                                    "cases": [
                                        {
                                            "when": [
                                                "1",
                                                "8",
                                                "15",
                                                "22",
                                                "29",
                                                "36",
                                                "43",
                                                "50"
                                            ],
                                            "model": {
                                                "type": "condition",
                                                "property": "component",
                                                "predicate": "enchantments",
                                                "value": [
                                                    {
                                                        "enchantments": "riptide"
                                                    }
                                                ],
                                                "on_true": {
                                                    "type": "model",
                                                    "model": "enchants:item/other/riptide"
                                                },
                                                "on_false": {
                                                    "type": "empty"
                                                }
                                            }
                                        }
                                    ]
                                }
                            ]
                        }
                    }
                    }
                ]
            }
        ]
    }
}