{
  "model": {
    "type": "minecraft:select",
    "property": "minecraft:component",
    "component": "minecraft:custom_name",
 "cases": [
      {
        "when": "Dinnerbone",
        "model": {
          "type": "minecraft:model",
          "model": "name:item/dinnerbone"
        }
      },
      {
        "when": "Grumm",
        "model": {
          "type": "minecraft:model",
          "model": "name:item/dinnerbone"
        }
      },
      {
        "when": "jeb_",
        "model": {
          "type": "minecraft:model",
          "model": "name:item/jeb_"
        }
      }
    ],
    "fallback": {
          "type": "minecraft:model",
          "model": "minecraft:item/name_tag"
    }
  }
}