{
	"textures": {
		"1": "clock:item/plate",
		"4": "clock:item/dot2",
		"particle": "clock:item/0"
	},
	"elements": [
		{
			"from": [0, 0, 7],
			"to": [16, 8, 8],
			"rotation": {"angle": 0, "axis": "y", "origin": [8, 4, 8]},
			"faces": {
				"north": {"uv": [16, 0, 0, 8], "texture": "#1"},
				"east": {"uv": [15, 0, 16, 8], "texture": "#1"},
				"south": {"uv": [0, 8, 16, 16], "texture": "#1"},
				"west": {"uv": [0, 0, 1, 8], "texture": "#1"},
				"up": {"uv": [16, 0, 0, 1], "rotation": 180, "texture": "#1"},
				"down": {"uv": [16, 7, 0, 8], "rotation": 180, "texture": "#1"}
			}
		},
		{
			"from": [0, 0, 8],
			"to": [16, 1, 9],
			"rotation": {"angle": 0, "axis": "y", "origin": [8, 4, 8]},
			"faces": {
				"north": {"uv": [16, 7, 0, 8], "texture": "#1"},
				"east": {"uv": [15, 7, 16, 8], "texture": "#1"},
				"south": {"uv": [0, 7, 16, 8], "texture": "#1"},
				"west": {"uv": [0, 7, 1, 8], "texture": "#1"},
				"up": {"uv": [16, 0, 0, 1], "rotation": 180, "texture": "#1"},
				"down": {"uv": [16, 7, 0, 8], "rotation": 180, "texture": "#1"}
			}
		},
		{
			"from": [0, 7, 8],
			"to": [16, 8, 9],
			"rotation": {"angle": 0, "axis": "y", "origin": [8, 4, 8]},
			"faces": {
				"north": {"uv": [16, 0, 0, 1], "texture": "#1"},
				"east": {"uv": [15, 7, 16, 8], "texture": "#1"},
				"south": {"uv": [0, 0, 16, 1], "texture": "#1"},
				"west": {"uv": [0, 7, 1, 8], "texture": "#1"},
				"up": {"uv": [16, 0, 0, 1], "rotation": 180, "texture": "#1"},
				"down": {"uv": [16, 7, 0, 8], "rotation": 180, "texture": "#1"}
			}
		},
		{
			"from": [6.75, 2, 8.25],
			"to": [7.25, 2.5, 8.5],
			"rotation": {"angle": 0, "axis": "y", "origin": [7, 3, 8]},
			"faces": {
				"north": {"uv": [0, 0, 1, 1], "texture": "#4"},
				"east": {"uv": [0, 1, 1, 2], "texture": "#4"},
				"south": {"uv": [1, 0, 2, 1], "texture": "#4"},
				"west": {"uv": [0, 1, 1, 2], "texture": "#4"},
				"up": {"uv": [2, 2, 1, 1], "texture": "#4"},
				"down": {"uv": [2, 1, 1, 2], "texture": "#4"}
			}
		}
	],
	"gui_light": "front",
	"display": {
		"thirdperson_righthand": {
			"translation": [0, 3, 1],
			"scale": [0.55, 0.55, 0.55]
		},
		"thirdperson_lefthand": {
			"translation": [0, 3, 1],
			"scale": [0.55, 0.55, 0.55]
		},
		"firstperson_righthand": {
			"translation": [-1.12, 6.7, 1.13],
			"scale": [0.68, 0.68, 0.68]
		},
		"firstperson_lefthand": {
			"translation": [-1.12, 6.45, 1.13],
			"scale": [0.68, 0.68, 0.68]
		},
		"ground": {
			"translation": [0, 2, 0],
			"scale": [0.5, 0.5, 0.5]
		},
		"gui": {
			"translation": [6, 7.75, 0],
			"scale": [1.9, 1.9, 1]
		},
		"head": {
			"rotation": [0, 180, 0],
			"translation": [0, 3.25, -7.75]
		},
		"fixed": {
			"rotation": [0, 180, 0],
			"translation": [0, 4.25, 0]
		}
	},
	"groups": [
		0,
		1,
		2,
		{
			"name": "group",
			"origin": [8, 8, 8],
			"color": 0,
			"children": [3]
		}
	]
}