{
	"textures": {
		"1": "clock:item/plate",
		"2": "clock:item/0",
		"4": "clock:item/dot2",
		"particle": "clock:item/0"
	},
	"elements": [
		{
			"from": [0, 0, 7],
			"to": [16, 8, 8],
			"rotation": {"angle": 0, "axis": "y", "origin": [8, 4, 8]},
			"faces": {
				"north": {"uv": [16, 0, 0, 8], "texture": "#1"},
				"east": {"uv": [15, 0, 16, 8], "texture": "#1"},
				"south": {"uv": [0, 8, 16, 16], "texture": "#1"},
				"west": {"uv": [0, 0, 1, 8], "texture": "#1"},
				"up": {"uv": [16, 0, 0, 1], "rotation": 180, "texture": "#1"},
				"down": {"uv": [16, 7, 0, 8], "rotation": 180, "texture": "#1"}
			}
		},
		{
			"from": [0, 0, 8],
			"to": [16, 1, 9],
			"rotation": {"angle": 0, "axis": "y", "origin": [8, 4, 8]},
			"faces": {
				"north": {"uv": [16, 7, 0, 8], "texture": "#1"},
				"east": {"uv": [15, 7, 16, 8], "texture": "#1"},
				"south": {"uv": [0, 7, 16, 8], "texture": "#1"},
				"west": {"uv": [0, 7, 1, 8], "texture": "#1"},
				"up": {"uv": [16, 0, 0, 1], "rotation": 180, "texture": "#1"},
				"down": {"uv": [16, 7, 0, 8], "rotation": 180, "texture": "#1"}
			}
		},
		{
			"from": [0, 7, 8],
			"to": [16, 8, 9],
			"rotation": {"angle": 0, "axis": "y", "origin": [8, 4, 8]},
			"faces": {
				"north": {"uv": [16, 0, 0, 1], "texture": "#1"},
				"east": {"uv": [15, 7, 16, 8], "texture": "#1"},
				"south": {"uv": [0, 0, 16, 1], "texture": "#1"},
				"west": {"uv": [0, 7, 1, 8], "texture": "#1"},
				"up": {"uv": [16, 0, 0, 1], "rotation": 180, "texture": "#1"},
				"down": {"uv": [16, 7, 0, 8], "rotation": 180, "texture": "#1"}
			}
		},
		{
			"from": [6.75, 2, 8.25],
			"to": [7.25, 2.5, 8.5],
			"rotation": {"angle": 0, "axis": "y", "origin": [7, 3, 8]},
			"faces": {
				"north": {"uv": [0, 0, 1, 1], "texture": "#4"},
				"east": {"uv": [0, 1, 1, 2], "texture": "#4"},
				"south": {"uv": [1, 0, 2, 1], "texture": "#4"},
				"west": {"uv": [0, 1, 1, 2], "texture": "#4"},
				"up": {"uv": [2, 2, 1, 1], "texture": "#4"},
				"down": {"uv": [2, 1, 1, 2], "texture": "#4"}
			}
		},
		{
			"name": "0_0",
			"from": [11.25, 5.25, 8.25],
			"to": [12.75, 5.75, 8.5],
			"rotation": {"angle": 0, "axis": "y", "origin": [14.25, 4, 8]},
			"faces": {
				"north": {"uv": [5, 2, 11, 4], "texture": "#2"},
				"east": {"uv": [5, 2, 6, 4], "texture": "#2"},
				"south": {"uv": [11, 2, 5, 4], "texture": "#2"},
				"west": {"uv": [10, 2, 11, 4], "texture": "#2"},
				"up": {"uv": [5, 2, 11, 3], "rotation": 180, "texture": "#2"},
				"down": {"uv": [5, 3, 11, 4], "rotation": 180, "texture": "#2"}
			}
		},
		{
			"name": "0_1",
			"from": [12.75, 2.75, 8.25],
			"to": [13.25, 5.25, 8.5],
			"rotation": {"angle": 0, "axis": "y", "origin": [14.25, 4, 8]},
			"faces": {
				"north": {"uv": [3, 4, 5, 14], "texture": "#2"},
				"east": {"uv": [3, 4, 4, 14], "texture": "#2"},
				"south": {"uv": [5, 4, 3, 14], "texture": "#2"},
				"west": {"uv": [4, 4, 5, 14], "texture": "#2"},
				"up": {"uv": [3, 4, 5, 5], "rotation": 180, "texture": "#2"},
				"down": {"uv": [3, 13, 5, 14], "rotation": 180, "texture": "#2"}
			}
		},
		{
			"name": "0_2",
			"from": [10.75, 2.75, 8.25],
			"to": [11.25, 5.25, 8.5],
			"rotation": {"angle": 0, "axis": "y", "origin": [14.25, 4, 8]},
			"faces": {
				"north": {"uv": [11, 4, 13, 14], "texture": "#2"},
				"east": {"uv": [11, 4, 12, 14], "texture": "#2"},
				"south": {"uv": [13, 4, 11, 14], "texture": "#2"},
				"west": {"uv": [12, 4, 13, 14], "texture": "#2"},
				"up": {"uv": [11, 4, 13, 5], "rotation": 180, "texture": "#2"},
				"down": {"uv": [11, 13, 13, 14], "rotation": 180, "texture": "#2"}
			}
		},
		{
			"name": "0_3",
			"from": [11.25, 4.25, 8.25],
			"to": [11.75, 4.75, 8.5],
			"rotation": {"angle": 0, "axis": "y", "origin": [14.25, 4, 8]},
			"faces": {
				"north": {"uv": [9, 6, 11, 8], "texture": "#2"},
				"east": {"uv": [9, 6, 10, 8], "texture": "#2"},
				"south": {"uv": [11, 6, 9, 8], "texture": "#2"},
				"west": {"uv": [10, 6, 11, 8], "texture": "#2"},
				"up": {"uv": [9, 6, 11, 7], "rotation": 180, "texture": "#2"},
				"down": {"uv": [9, 7, 11, 8], "rotation": 180, "texture": "#2"}
			}
		},
		{
			"name": "0_4",
			"from": [11.75, 3.75, 8.25],
			"to": [12.25, 4.25, 8.5],
			"rotation": {"angle": 0, "axis": "y", "origin": [14.25, 4, 8]},
			"faces": {
				"north": {"uv": [7, 8, 9, 10], "texture": "#2"},
				"east": {"uv": [7, 8, 8, 10], "texture": "#2"},
				"south": {"uv": [9, 8, 7, 10], "texture": "#2"},
				"west": {"uv": [8, 8, 9, 10], "texture": "#2"},
				"up": {"uv": [7, 8, 9, 9], "rotation": 180, "texture": "#2"},
				"down": {"uv": [7, 9, 9, 10], "rotation": 180, "texture": "#2"}
			}
		},
		{
			"name": "0_5",
			"from": [12.25, 3.25, 8.25],
			"to": [12.75, 3.75, 8.5],
			"rotation": {"angle": 0, "axis": "y", "origin": [14.25, 4, 8]},
			"faces": {
				"north": {"uv": [5, 10, 7, 12], "texture": "#2"},
				"east": {"uv": [5, 10, 6, 12], "texture": "#2"},
				"south": {"uv": [7, 10, 5, 12], "texture": "#2"},
				"west": {"uv": [6, 10, 7, 12], "texture": "#2"},
				"up": {"uv": [5, 10, 7, 11], "rotation": 180, "texture": "#2"},
				"down": {"uv": [5, 11, 7, 12], "rotation": 180, "texture": "#2"}
			}
		},
		{
			"name": "0_6",
			"from": [11.25, 2.25, 8.25],
			"to": [12.75, 2.75, 8.5],
			"rotation": {"angle": 0, "axis": "y", "origin": [14.25, 4, 8]},
			"faces": {
				"north": {"uv": [5, 14, 11, 16], "texture": "#2"},
				"east": {"uv": [5, 14, 6, 16], "texture": "#2"},
				"south": {"uv": [11, 14, 5, 16], "texture": "#2"},
				"west": {"uv": [10, 14, 11, 16], "texture": "#2"},
				"up": {"uv": [5, 14, 11, 15], "rotation": 180, "texture": "#2"},
				"down": {"uv": [5, 15, 11, 16], "rotation": 180, "texture": "#2"}
			}
		},
		{
			"name": "0_0",
			"from": [1.25, 5.25, 8.25],
			"to": [2.75, 5.75, 8.5],
			"rotation": {"angle": 0, "axis": "y", "origin": [4.25, 4, 8]},
			"faces": {
				"north": {"uv": [5, 2, 11, 4], "texture": "#2"},
				"east": {"uv": [5, 2, 6, 4], "texture": "#2"},
				"south": {"uv": [11, 2, 5, 4], "texture": "#2"},
				"west": {"uv": [10, 2, 11, 4], "texture": "#2"},
				"up": {"uv": [5, 2, 11, 3], "rotation": 180, "texture": "#2"},
				"down": {"uv": [5, 3, 11, 4], "rotation": 180, "texture": "#2"}
			}
		},
		{
			"name": "0_1",
			"from": [2.75, 2.75, 8.25],
			"to": [3.25, 5.25, 8.5],
			"rotation": {"angle": 0, "axis": "y", "origin": [4.25, 4, 8]},
			"faces": {
				"north": {"uv": [3, 4, 5, 14], "texture": "#2"},
				"east": {"uv": [3, 4, 4, 14], "texture": "#2"},
				"south": {"uv": [5, 4, 3, 14], "texture": "#2"},
				"west": {"uv": [4, 4, 5, 14], "texture": "#2"},
				"up": {"uv": [3, 4, 5, 5], "rotation": 180, "texture": "#2"},
				"down": {"uv": [3, 13, 5, 14], "rotation": 180, "texture": "#2"}
			}
		},
		{
			"name": "0_2",
			"from": [0.75, 2.75, 8.25],
			"to": [1.25, 5.25, 8.5],
			"rotation": {"angle": 0, "axis": "y", "origin": [4.25, 4, 8]},
			"faces": {
				"north": {"uv": [11, 4, 13, 14], "texture": "#2"},
				"east": {"uv": [11, 4, 12, 14], "texture": "#2"},
				"south": {"uv": [13, 4, 11, 14], "texture": "#2"},
				"west": {"uv": [12, 4, 13, 14], "texture": "#2"},
				"up": {"uv": [11, 4, 13, 5], "rotation": 180, "texture": "#2"},
				"down": {"uv": [11, 13, 13, 14], "rotation": 180, "texture": "#2"}
			}
		},
		{
			"name": "0_3",
			"from": [1.25, 4.25, 8.25],
			"to": [1.75, 4.75, 8.5],
			"rotation": {"angle": 0, "axis": "y", "origin": [4.25, 4, 8]},
			"faces": {
				"north": {"uv": [9, 6, 11, 8], "texture": "#2"},
				"east": {"uv": [9, 6, 10, 8], "texture": "#2"},
				"south": {"uv": [11, 6, 9, 8], "texture": "#2"},
				"west": {"uv": [10, 6, 11, 8], "texture": "#2"},
				"up": {"uv": [9, 6, 11, 7], "rotation": 180, "texture": "#2"},
				"down": {"uv": [9, 7, 11, 8], "rotation": 180, "texture": "#2"}
			}
		},
		{
			"name": "0_4",
			"from": [1.75, 3.75, 8.25],
			"to": [2.25, 4.25, 8.5],
			"rotation": {"angle": 0, "axis": "y", "origin": [4.25, 4, 8]},
			"faces": {
				"north": {"uv": [7, 8, 9, 10], "texture": "#2"},
				"east": {"uv": [7, 8, 8, 10], "texture": "#2"},
				"south": {"uv": [9, 8, 7, 10], "texture": "#2"},
				"west": {"uv": [8, 8, 9, 10], "texture": "#2"},
				"up": {"uv": [7, 8, 9, 9], "rotation": 180, "texture": "#2"},
				"down": {"uv": [7, 9, 9, 10], "rotation": 180, "texture": "#2"}
			}
		},
		{
			"name": "0_5",
			"from": [2.25, 3.25, 8.25],
			"to": [2.75, 3.75, 8.5],
			"rotation": {"angle": 0, "axis": "y", "origin": [4.25, 4, 8]},
			"faces": {
				"north": {"uv": [5, 10, 7, 12], "texture": "#2"},
				"east": {"uv": [5, 10, 6, 12], "texture": "#2"},
				"south": {"uv": [7, 10, 5, 12], "texture": "#2"},
				"west": {"uv": [6, 10, 7, 12], "texture": "#2"},
				"up": {"uv": [5, 10, 7, 11], "rotation": 180, "texture": "#2"},
				"down": {"uv": [5, 11, 7, 12], "rotation": 180, "texture": "#2"}
			}
		},
		{
			"name": "0_6",
			"from": [1.25, 2.25, 8.25],
			"to": [2.75, 2.75, 8.5],
			"rotation": {"angle": 0, "axis": "y", "origin": [4.25, 4, 8]},
			"faces": {
				"north": {"uv": [5, 14, 11, 16], "texture": "#2"},
				"east": {"uv": [5, 14, 6, 16], "texture": "#2"},
				"south": {"uv": [11, 14, 5, 16], "texture": "#2"},
				"west": {"uv": [10, 14, 11, 16], "texture": "#2"},
				"up": {"uv": [5, 14, 11, 15], "rotation": 180, "texture": "#2"},
				"down": {"uv": [5, 15, 11, 16], "rotation": 180, "texture": "#2"}
			}
		},
		{
			"name": "0_0",
			"from": [4.25, 5.25, 8.25],
			"to": [5.75, 5.75, 8.5],
			"rotation": {"angle": 0, "axis": "y", "origin": [7.25, 4, 8]},
			"faces": {
				"north": {"uv": [5, 2, 11, 4], "texture": "#2"},
				"east": {"uv": [5, 2, 6, 4], "texture": "#2"},
				"south": {"uv": [11, 2, 5, 4], "texture": "#2"},
				"west": {"uv": [10, 2, 11, 4], "texture": "#2"},
				"up": {"uv": [5, 2, 11, 3], "rotation": 180, "texture": "#2"},
				"down": {"uv": [5, 3, 11, 4], "rotation": 180, "texture": "#2"}
			}
		},
		{
			"name": "0_1",
			"from": [5.75, 2.75, 8.25],
			"to": [6.25, 5.25, 8.5],
			"rotation": {"angle": 0, "axis": "y", "origin": [7.25, 4, 8]},
			"faces": {
				"north": {"uv": [3, 4, 5, 14], "texture": "#2"},
				"east": {"uv": [3, 4, 4, 14], "texture": "#2"},
				"south": {"uv": [5, 4, 3, 14], "texture": "#2"},
				"west": {"uv": [4, 4, 5, 14], "texture": "#2"},
				"up": {"uv": [3, 4, 5, 5], "rotation": 180, "texture": "#2"},
				"down": {"uv": [3, 13, 5, 14], "rotation": 180, "texture": "#2"}
			}
		},
		{
			"name": "0_2",
			"from": [3.75, 2.75, 8.25],
			"to": [4.25, 5.25, 8.5],
			"rotation": {"angle": 0, "axis": "y", "origin": [7.25, 4, 8]},
			"faces": {
				"north": {"uv": [11, 4, 13, 14], "texture": "#2"},
				"east": {"uv": [11, 4, 12, 14], "texture": "#2"},
				"south": {"uv": [13, 4, 11, 14], "texture": "#2"},
				"west": {"uv": [12, 4, 13, 14], "texture": "#2"},
				"up": {"uv": [11, 4, 13, 5], "rotation": 180, "texture": "#2"},
				"down": {"uv": [11, 13, 13, 14], "rotation": 180, "texture": "#2"}
			}
		},
		{
			"name": "0_3",
			"from": [4.25, 4.25, 8.25],
			"to": [4.75, 4.75, 8.5],
			"rotation": {"angle": 0, "axis": "y", "origin": [7.25, 4, 8]},
			"faces": {
				"north": {"uv": [9, 6, 11, 8], "texture": "#2"},
				"east": {"uv": [9, 6, 10, 8], "texture": "#2"},
				"south": {"uv": [11, 6, 9, 8], "texture": "#2"},
				"west": {"uv": [10, 6, 11, 8], "texture": "#2"},
				"up": {"uv": [9, 6, 11, 7], "rotation": 180, "texture": "#2"},
				"down": {"uv": [9, 7, 11, 8], "rotation": 180, "texture": "#2"}
			}
		},
		{
			"name": "0_4",
			"from": [4.75, 3.75, 8.25],
			"to": [5.25, 4.25, 8.5],
			"rotation": {"angle": 0, "axis": "y", "origin": [7.25, 4, 8]},
			"faces": {
				"north": {"uv": [7, 8, 9, 10], "texture": "#2"},
				"east": {"uv": [7, 8, 8, 10], "texture": "#2"},
				"south": {"uv": [9, 8, 7, 10], "texture": "#2"},
				"west": {"uv": [8, 8, 9, 10], "texture": "#2"},
				"up": {"uv": [7, 8, 9, 9], "rotation": 180, "texture": "#2"},
				"down": {"uv": [7, 9, 9, 10], "rotation": 180, "texture": "#2"}
			}
		},
		{
			"name": "0_5",
			"from": [5.25, 3.25, 8.25],
			"to": [5.75, 3.75, 8.5],
			"rotation": {"angle": 0, "axis": "y", "origin": [7.25, 4, 8]},
			"faces": {
				"north": {"uv": [5, 10, 7, 12], "texture": "#2"},
				"east": {"uv": [5, 10, 6, 12], "texture": "#2"},
				"south": {"uv": [7, 10, 5, 12], "texture": "#2"},
				"west": {"uv": [6, 10, 7, 12], "texture": "#2"},
				"up": {"uv": [5, 10, 7, 11], "rotation": 180, "texture": "#2"},
				"down": {"uv": [5, 11, 7, 12], "rotation": 180, "texture": "#2"}
			}
		},
		{
			"name": "0_6",
			"from": [4.25, 2.25, 8.25],
			"to": [5.75, 2.75, 8.5],
			"rotation": {"angle": 0, "axis": "y", "origin": [7.25, 4, 8]},
			"faces": {
				"north": {"uv": [5, 14, 11, 16], "texture": "#2"},
				"east": {"uv": [5, 14, 6, 16], "texture": "#2"},
				"south": {"uv": [11, 14, 5, 16], "texture": "#2"},
				"west": {"uv": [10, 14, 11, 16], "texture": "#2"},
				"up": {"uv": [5, 14, 11, 15], "rotation": 180, "texture": "#2"},
				"down": {"uv": [5, 15, 11, 16], "rotation": 180, "texture": "#2"}
			}
		},
		{
			"name": "0_0",
			"from": [8.25, 5.25, 8.25],
			"to": [9.75, 5.75, 8.5],
			"rotation": {"angle": 0, "axis": "y", "origin": [11.25, 4, 8]},
			"faces": {
				"north": {"uv": [5, 2, 11, 4], "texture": "#2"},
				"east": {"uv": [5, 2, 6, 4], "texture": "#2"},
				"south": {"uv": [11, 2, 5, 4], "texture": "#2"},
				"west": {"uv": [10, 2, 11, 4], "texture": "#2"},
				"up": {"uv": [5, 2, 11, 3], "rotation": 180, "texture": "#2"},
				"down": {"uv": [5, 3, 11, 4], "rotation": 180, "texture": "#2"}
			}
		},
		{
			"name": "0_1",
			"from": [9.75, 2.75, 8.25],
			"to": [10.25, 5.25, 8.5],
			"rotation": {"angle": 0, "axis": "y", "origin": [11.25, 4, 8]},
			"faces": {
				"north": {"uv": [3, 4, 5, 14], "texture": "#2"},
				"east": {"uv": [3, 4, 4, 14], "texture": "#2"},
				"south": {"uv": [5, 4, 3, 14], "texture": "#2"},
				"west": {"uv": [4, 4, 5, 14], "texture": "#2"},
				"up": {"uv": [3, 4, 5, 5], "rotation": 180, "texture": "#2"},
				"down": {"uv": [3, 13, 5, 14], "rotation": 180, "texture": "#2"}
			}
		},
		{
			"name": "0_2",
			"from": [7.75, 2.75, 8.25],
			"to": [8.25, 5.25, 8.5],
			"rotation": {"angle": 0, "axis": "y", "origin": [11.25, 4, 8]},
			"faces": {
				"north": {"uv": [11, 4, 13, 14], "texture": "#2"},
				"east": {"uv": [11, 4, 12, 14], "texture": "#2"},
				"south": {"uv": [13, 4, 11, 14], "texture": "#2"},
				"west": {"uv": [12, 4, 13, 14], "texture": "#2"},
				"up": {"uv": [11, 4, 13, 5], "rotation": 180, "texture": "#2"},
				"down": {"uv": [11, 13, 13, 14], "rotation": 180, "texture": "#2"}
			}
		},
		{
			"name": "0_3",
			"from": [8.25, 4.25, 8.25],
			"to": [8.75, 4.75, 8.5],
			"rotation": {"angle": 0, "axis": "y", "origin": [11.25, 4, 8]},
			"faces": {
				"north": {"uv": [9, 6, 11, 8], "texture": "#2"},
				"east": {"uv": [9, 6, 10, 8], "texture": "#2"},
				"south": {"uv": [11, 6, 9, 8], "texture": "#2"},
				"west": {"uv": [10, 6, 11, 8], "texture": "#2"},
				"up": {"uv": [9, 6, 11, 7], "rotation": 180, "texture": "#2"},
				"down": {"uv": [9, 7, 11, 8], "rotation": 180, "texture": "#2"}
			}
		},
		{
			"name": "0_4",
			"from": [8.75, 3.75, 8.25],
			"to": [9.25, 4.25, 8.5],
			"rotation": {"angle": 0, "axis": "y", "origin": [11.25, 4, 8]},
			"faces": {
				"north": {"uv": [7, 8, 9, 10], "texture": "#2"},
				"east": {"uv": [7, 8, 8, 10], "texture": "#2"},
				"south": {"uv": [9, 8, 7, 10], "texture": "#2"},
				"west": {"uv": [8, 8, 9, 10], "texture": "#2"},
				"up": {"uv": [7, 8, 9, 9], "rotation": 180, "texture": "#2"},
				"down": {"uv": [7, 9, 9, 10], "rotation": 180, "texture": "#2"}
			}
		},
		{
			"name": "0_5",
			"from": [9.25, 3.25, 8.25],
			"to": [9.75, 3.75, 8.5],
			"rotation": {"angle": 0, "axis": "y", "origin": [11.25, 4, 8]},
			"faces": {
				"north": {"uv": [5, 10, 7, 12], "texture": "#2"},
				"east": {"uv": [5, 10, 6, 12], "texture": "#2"},
				"south": {"uv": [7, 10, 5, 12], "texture": "#2"},
				"west": {"uv": [6, 10, 7, 12], "texture": "#2"},
				"up": {"uv": [5, 10, 7, 11], "rotation": 180, "texture": "#2"},
				"down": {"uv": [5, 11, 7, 12], "rotation": 180, "texture": "#2"}
			}
		},
		{
			"name": "0_6",
			"from": [8.25, 2.25, 8.25],
			"to": [9.75, 2.75, 8.5],
			"rotation": {"angle": 0, "axis": "y", "origin": [11.25, 4, 8]},
			"faces": {
				"north": {"uv": [5, 14, 11, 16], "texture": "#2"},
				"east": {"uv": [5, 14, 6, 16], "texture": "#2"},
				"south": {"uv": [11, 14, 5, 16], "texture": "#2"},
				"west": {"uv": [10, 14, 11, 16], "texture": "#2"},
				"up": {"uv": [5, 14, 11, 15], "rotation": 180, "texture": "#2"},
				"down": {"uv": [5, 15, 11, 16], "rotation": 180, "texture": "#2"}
			}
		}
	],
	"gui_light": "front",
	"display": {
		"thirdperson_righthand": {
			"translation": [0, 3, 1],
			"scale": [0.55, 0.55, 0.55]
		},
		"thirdperson_lefthand": {
			"translation": [0, 3, 1],
			"scale": [0.55, 0.55, 0.55]
		},
		"firstperson_righthand": {
			"translation": [-1.12, 6.7, 1.13],
			"scale": [0.68, 0.68, 0.68]
		},
		"firstperson_lefthand": {
			"translation": [-1.12, 6.45, 1.13],
			"scale": [0.68, 0.68, 0.68]
		},
		"ground": {
			"translation": [0, 2, 0],
			"scale": [0.5, 0.5, 0.5]
		},
		"gui": {
			"translation": [6, 7.75, 0],
			"scale": [1.9, 1.9, 1]
		},
		"head": {
			"rotation": [0, 180, 0],
			"translation": [0, 3.25, -7.75]
		},
		"fixed": {
			"rotation": [0, 180, 0],
			"translation": [0, 4.25, 0]
		}
	},
	"groups": [
		0,
		1,
		2,
		{
			"name": "group",
			"origin": [8, 8, 8],
			"color": 0,
			"children": [3]
		},
		{
			"name": "0",
			"origin": [8, 8, 8],
			"color": 0,
			"children": [4, 5, 6, 7, 8, 9, 10]
		},
		{
			"name": "0",
			"origin": [8, 8, 8],
			"color": 0,
			"children": [11, 12, 13, 14, 15, 16, 17]
		},
		{
			"name": "0",
			"origin": [8, 8, 8],
			"color": 0,
			"children": [18, 19, 20, 21, 22, 23, 24]
		},
		{
			"name": "0",
			"origin": [8, 8, 8],
			"color": 0,
			"children": [25, 26, 27, 28, 29, 30, 31]
		}
	]
}