{
	"values": [
		"#minecraft:fire",
		"#uin:general/furnaces",
		"#uin:general/lanterns",
		"#uin:general/torches",
		"minecraft:beacon",
		"minecraft:brewing_stand",
		"minecraft:brown_mushroom",
		"minecraft:conduit",
		"minecraft:crying_obsidian",
		"minecraft:dragon_egg",
		"minecraft:end_gateway",
		"minecraft:end_portal",
		"minecraft:end_portal_frame",
		"minecraft:end_rod",
		"minecraft:ender_chest",
		"minecraft:glowstone",
		"minecraft:jack_o_lantern",
		"minecraft:lava",
		"minecraft:magma_block",
		"minecraft:nether_portal",
		"minecraft:redstone_lamp",
		"minecraft:redstone_ore",
		"minecraft:respawn_anchor",
		"minecraft:sea_lantern",
		"minecraft:sea_pickle",
		"minecraft:shroomlight",
		{
			"required": false,
			"id": "n/a",
			"version": 1.17
		},
		{
			"required": false,
			"id": "#minecraft:candle_cakes"
		},
		{
			"required": false,
			"id": "#minecraft:candles"
		},
		{
			"required": false,
			"id": "minecraft:amethyst_cluster"
		},
		{
			"required": false,
			"id": "minecraft:deepslate_redstone_ore"
		},
		{
			"required": false,
			"id": "minecraft:glow_lichen"
		},
		{
			"required": false,
			"id": "minecraft:large_amethyst_bud"
		},
		{
			"required": false,
			"id": "minecraft:lava_cauldron"
		},
		{
			"required": false,
			"id": "minecraft:light"
		},
		{
			"required": false,
			"id": "minecraft:medium_amethyst_bud"
		},
		{
			"required": false,
			"id": "minecraft:sculk_sensor"
		},
		{
			"required": false,
			"id": "minecraft:small_amethyst_bud"
		},
		{
			"required": false,
			"id": "n/a",
			"version": 1.18
		},
		"minecraft:enchanting_table",
		{
			"required": false,
			"id": "n/a",
			"version": 1.19
		},
		{
			"required": false,
			"id": "#uin:general/froglights"
		},
		{
			"required": false,
			"id": "minecraft:sculk_catalyst"
		}
	]
}
