{
    "condition": "all_of",
    "terms": [
        {
            "condition": "inverted",
            "term": {
                "condition": "entity_properties",
                "entity": "this",
                "predicate": {
                    "slots": {
                        "hotbar.8": {
                            "predicates": {
                                "custom_data": "{bongo_fox:1b}"
                            }
                        }
                    }
                }
            }
        }
    ]
}
