{
  "type": "minecraft:stonecutting",
  "ingredient":  "minecraft:copper_ingot",
  "result": {
    "id": "minecraft:wooden_sword",
    "count": 1,
    "components": {
      "minecraft:item_model": "misc:move_y",
      "minecraft:custom_name": "{\"translate\":\"垂直移动\",\"italic\": false}",
      "minecraft:attribute_modifiers": {
        "modifiers": [
          {
            "type": "minecraft:entity_interaction_range",
            "id": "czyd",
            "amount": 1,
            "operation": "add_multiplied_total",
            "slot": "mainhand"
          }
        ]
      },
      "minecraft:custom_data":"{slwx_type:\"czyd\",move_y:1b}"
    }
  }
}