{
    "model":{
        "type":"condition",
        "property":"component",
        "predicate":"bundle_contents",
        "value":{
            "items":{
                "contains":[
                    {
                        "predicates":{
                            "custom_data":"{eat_egg:1b}"
                        }
                    }
                ]
            }
        },
        "on_true":{
            "type":"model",
            "model":"what:item/flower_2"
        },
        "on_false":{
            "type":"model",
            "model":"what:item/flower_1"
        }
    }
}