{
    "condition": "entity_properties",
    "entity": "this",
    "predicate": {
        "type_specific": {
            "type": "player",
            "input": {
                "sprint": true
            }
        },
        "vehicle": {
            "type": "happy_ghast",
            "equipment": {
                "body": {
                    "predicates": {
                        "enchantments": [
                            {
                                "enchantments": "boost:boost"
                            }
                        ]
                    }
                }
            }
        }
    }
}