{
	"textures": {
		"2": "clock:item/0",
		"particle": "clock:item/0"
	},
	"elements": [
		{
			"name": "0_0",
			"from": [5, 5.25, 8.25],
			"to": [6.5, 5.75, 8.5],
			"rotation": {"angle": 0, "axis": "y", "origin": [8, 4, 8]},
			"faces": {
				"north": {"uv": [5, 2, 11, 4], "texture": "#2"},
				"east": {"uv": [5, 2, 6, 4], "texture": "#2"},
				"south": {"uv": [11, 2, 5, 4], "texture": "#2"},
				"west": {"uv": [10, 2, 11, 4], "texture": "#2"},
				"up": {"uv": [5, 2, 11, 3], "rotation": 180, "texture": "#2"},
				"down": {"uv": [5, 3, 11, 4], "rotation": 180, "texture": "#2"}
			}
		},
		{
			"name": "0_1",
			"from": [6.5, 2.75, 8.25],
			"to": [7, 5.25, 8.5],
			"rotation": {"angle": 0, "axis": "y", "origin": [8, 4, 8]},
			"faces": {
				"north": {"uv": [3, 4, 5, 14], "texture": "#2"},
				"east": {"uv": [3, 4, 4, 14], "texture": "#2"},
				"south": {"uv": [5, 4, 3, 14], "texture": "#2"},
				"west": {"uv": [4, 4, 5, 14], "texture": "#2"},
				"up": {"uv": [3, 4, 5, 5], "rotation": 180, "texture": "#2"},
				"down": {"uv": [3, 13, 5, 14], "rotation": 180, "texture": "#2"}
			}
		},
		{
			"name": "0_2",
			"from": [4.5, 2.75, 8.25],
			"to": [5, 5.25, 8.5],
			"rotation": {"angle": 0, "axis": "y", "origin": [8, 4, 8]},
			"faces": {
				"north": {"uv": [11, 4, 13, 14], "texture": "#2"},
				"east": {"uv": [11, 4, 12, 14], "texture": "#2"},
				"south": {"uv": [13, 4, 11, 14], "texture": "#2"},
				"west": {"uv": [12, 4, 13, 14], "texture": "#2"},
				"up": {"uv": [11, 4, 13, 5], "rotation": 180, "texture": "#2"},
				"down": {"uv": [11, 13, 13, 14], "rotation": 180, "texture": "#2"}
			}
		},
		{
			"name": "0_3",
			"from": [5, 4.25, 8.25],
			"to": [5.5, 4.75, 8.5],
			"rotation": {"angle": 0, "axis": "y", "origin": [8, 4, 8]},
			"faces": {
				"north": {"uv": [9, 6, 11, 8], "texture": "#2"},
				"east": {"uv": [9, 6, 10, 8], "texture": "#2"},
				"south": {"uv": [11, 6, 9, 8], "texture": "#2"},
				"west": {"uv": [10, 6, 11, 8], "texture": "#2"},
				"up": {"uv": [9, 6, 11, 7], "rotation": 180, "texture": "#2"},
				"down": {"uv": [9, 7, 11, 8], "rotation": 180, "texture": "#2"}
			}
		},
		{
			"name": "0_4",
			"from": [5.5, 3.75, 8.25],
			"to": [6, 4.25, 8.5],
			"rotation": {"angle": 0, "axis": "y", "origin": [8, 4, 8]},
			"faces": {
				"north": {"uv": [7, 8, 9, 10], "texture": "#2"},
				"east": {"uv": [7, 8, 8, 10], "texture": "#2"},
				"south": {"uv": [9, 8, 7, 10], "texture": "#2"},
				"west": {"uv": [8, 8, 9, 10], "texture": "#2"},
				"up": {"uv": [7, 8, 9, 9], "rotation": 180, "texture": "#2"},
				"down": {"uv": [7, 9, 9, 10], "rotation": 180, "texture": "#2"}
			}
		},
		{
			"name": "0_5",
			"from": [6, 3.25, 8.25],
			"to": [6.5, 3.75, 8.5],
			"rotation": {"angle": 0, "axis": "y", "origin": [8, 4, 8]},
			"faces": {
				"north": {"uv": [5, 10, 7, 12], "texture": "#2"},
				"east": {"uv": [5, 10, 6, 12], "texture": "#2"},
				"south": {"uv": [7, 10, 5, 12], "texture": "#2"},
				"west": {"uv": [6, 10, 7, 12], "texture": "#2"},
				"up": {"uv": [5, 10, 7, 11], "rotation": 180, "texture": "#2"},
				"down": {"uv": [5, 11, 7, 12], "rotation": 180, "texture": "#2"}
			}
		},
		{
			"name": "0_6",
			"from": [5, 2.25, 8.25],
			"to": [6.5, 2.75, 8.5],
			"rotation": {"angle": 0, "axis": "y", "origin": [8, 4, 8]},
			"faces": {
				"north": {"uv": [5, 14, 11, 16], "texture": "#2"},
				"east": {"uv": [5, 14, 6, 16], "texture": "#2"},
				"south": {"uv": [11, 14, 5, 16], "texture": "#2"},
				"west": {"uv": [10, 14, 11, 16], "texture": "#2"},
				"up": {"uv": [5, 14, 11, 15], "rotation": 180, "texture": "#2"},
				"down": {"uv": [5, 15, 11, 16], "rotation": 180, "texture": "#2"}
			}
		}
	],
	"gui_light": "front",
	"display": {
		"thirdperson_righthand": {
			"translation": [0, 3, 1],
			"scale": [0.55, 0.55, 0.55]
		},
		"thirdperson_lefthand": {
			"translation": [0, 3, 1],
			"scale": [0.55, 0.55, 0.55]
		},
		"firstperson_righthand": {
			"translation": [-1.12, 6.7, 1.13],
			"scale": [0.68, 0.68, 0.68]
		},
		"firstperson_lefthand": {
			"translation": [-1.12, 6.45, 1.13],
			"scale": [0.68, 0.68, 0.68]
		},
		"ground": {
			"translation": [0, 2, 0],
			"scale": [0.5, 0.5, 0.5]
		},
		"gui": {
			"translation": [0, 4, 0]
		},
		"head": {
			"rotation": [0, 180, 0],
			"translation": [0, 3.25, -7.75]
		},
		"fixed": {
			"rotation": [0, 180, 0],
			"translation": [0, 4.25, 0]
		}
	},
	"groups": [
		{
			"name": "0",
			"origin": [8, 8, 8],
			"color": 0,
			"children": [0, 1, 2, 3, 4, 5, 6]
		}
	]
}