{
	"textures": {
		"7": "clock:item/4",
		"particle": "clock:item/0"
	},
	"elements": [
		{
			"name": "4_0",
			"from": [5.75, 5.25, 8.25],
			"to": [6.75, 5.75, 8.5],
			"rotation": {"angle": 0, "axis": "y", "origin": [3.5, 2.25, 8.25]},
			"faces": {
				"north": {"uv": [13, 2, 9, 4], "texture": "#7"},
				"east": {"uv": [12, 2, 13, 4], "texture": "#7"},
				"south": {"uv": [9, 2, 13, 4], "texture": "#7"},
				"west": {"uv": [9, 2, 10, 4], "texture": "#7"},
				"up": {"uv": [9, 2, 13, 3], "texture": "#7"},
				"down": {"uv": [9, 3, 13, 4], "texture": "#7"}
			}
		},
		{
			"name": "4_1",
			"from": [5.25, 4.75, 8.25],
			"to": [5.75, 5.25, 8.5],
			"rotation": {"angle": 0, "axis": "y", "origin": [3.5, 2.25, 8.25]},
			"faces": {
				"north": {"uv": [9, 4, 7, 6], "texture": "#7"},
				"east": {"uv": [8, 4, 9, 6], "texture": "#7"},
				"south": {"uv": [7, 4, 9, 6], "texture": "#7"},
				"west": {"uv": [7, 4, 8, 6], "texture": "#7"},
				"up": {"uv": [7, 4, 9, 5], "texture": "#7"},
				"down": {"uv": [7, 5, 9, 6], "texture": "#7"}
			}
		},
		{
			"name": "4_2",
			"from": [6.25, 2.25, 8.25],
			"to": [6.75, 5.25, 8.5],
			"rotation": {"angle": 0, "axis": "y", "origin": [3.5, 2.25, 8.25]},
			"faces": {
				"north": {"uv": [13, 4, 11, 16], "texture": "#7"},
				"east": {"uv": [12, 4, 13, 16], "texture": "#7"},
				"south": {"uv": [11, 4, 13, 16], "texture": "#7"},
				"west": {"uv": [11, 4, 12, 16], "texture": "#7"},
				"up": {"uv": [11, 4, 13, 5], "texture": "#7"},
				"down": {"uv": [11, 15, 13, 16], "texture": "#7"}
			}
		},
		{
			"name": "4_3",
			"from": [4.75, 4.25, 8.25],
			"to": [5.25, 4.75, 8.5],
			"rotation": {"angle": 0, "axis": "y", "origin": [3.5, 2.25, 8.25]},
			"faces": {
				"north": {"uv": [7, 6, 5, 8], "texture": "#7"},
				"east": {"uv": [6, 6, 7, 8], "texture": "#7"},
				"south": {"uv": [5, 6, 7, 8], "texture": "#7"},
				"west": {"uv": [5, 6, 6, 8], "texture": "#7"},
				"up": {"uv": [5, 6, 7, 7], "texture": "#7"},
				"down": {"uv": [5, 7, 7, 8], "texture": "#7"}
			}
		},
		{
			"name": "4_4",
			"from": [4.25, 3.25, 8.25],
			"to": [4.75, 4.25, 8.5],
			"rotation": {"angle": 0, "axis": "y", "origin": [3.5, 2.25, 8.25]},
			"faces": {
				"north": {"uv": [5, 8, 3, 12], "texture": "#7"},
				"east": {"uv": [4, 8, 5, 12], "texture": "#7"},
				"south": {"uv": [3, 8, 5, 12], "texture": "#7"},
				"west": {"uv": [3, 8, 4, 12], "texture": "#7"},
				"up": {"uv": [3, 8, 5, 9], "texture": "#7"},
				"down": {"uv": [3, 11, 5, 12], "texture": "#7"}
			}
		},
		{
			"name": "4_5",
			"from": [4.75, 3.25, 8.25],
			"to": [6.25, 3.75, 8.5],
			"rotation": {"angle": 0, "axis": "y", "origin": [3.5, 2.25, 8.25]},
			"faces": {
				"north": {"uv": [11, 10, 5, 12], "texture": "#7"},
				"east": {"uv": [10, 10, 11, 12], "texture": "#7"},
				"south": {"uv": [5, 10, 11, 12], "texture": "#7"},
				"west": {"uv": [5, 10, 6, 12], "texture": "#7"},
				"up": {"uv": [5, 10, 11, 11], "texture": "#7"},
				"down": {"uv": [5, 11, 11, 12], "texture": "#7"}
			}
		}
	],
	"gui_light": "front",
	"display": {
		"thirdperson_righthand": {
			"translation": [0, 3, 1],
			"scale": [0.55, 0.55, 0.55]
		},
		"thirdperson_lefthand": {
			"translation": [0, 3, 1],
			"scale": [0.55, 0.55, 0.55]
		},
		"firstperson_righthand": {
			"translation": [-1.12, 6.7, 1.13],
			"scale": [0.68, 0.68, 0.68]
		},
		"firstperson_lefthand": {
			"translation": [-1.12, 6.45, 1.13],
			"scale": [0.68, 0.68, 0.68]
		},
		"ground": {
			"translation": [0, 2, 0],
			"scale": [0.5, 0.5, 0.5]
		},
		"gui": {
			"translation": [0, 4, 0]
		},
		"head": {
			"rotation": [0, 180, 0],
			"translation": [0, 3.25, -7.75]
		},
		"fixed": {
			"rotation": [0, 180, 0],
			"translation": [0, 4.25, 0]
		}
	},
	"groups": [
		{
			"name": "4",
			"origin": [8, 8, 8],
			"color": 0,
			"children": [0, 1, 2, 3, 4, 5]
		}
	]
}