{
        "values": [
                "#minecraft:beds",
                "#minecraft:boats",
                {"id":"#minecraft:music_discs","required": false},
		{"id":"#minecraft:creeper_drop_music_discs","required": false},
                "#uin:general/armors",
                "#uin:general/axes",
                "#uin:general/banner_patterns",
                "#uin:general/fish_buckets",
                "#uin:general/hoes",
                "#uin:general/horse_armors",
                "#uin:general/minecarts",
                "#uin:general/pickaxes",
                "#uin:general/potions",
                "#uin:general/rods",
                "#uin:general/shovels",
                "#uin:general/shulker_boxes",
                "#uin:general/soups",
                "#uin:general/weapons",
                "minecraft:cake",
                "minecraft:debug_stick",
                "minecraft:elytra",
                "minecraft:enchanted_book",
                "minecraft:flint_and_steel",
                "minecraft:knowledge_book",
                "minecraft:lava_bucket",
                "minecraft:milk_bucket",
                "minecraft:saddle",
                "minecraft:shears",
                "minecraft:totem_of_undying",
                "minecraft:water_bucket",
                "minecraft:writable_book"
        ]
}
