{
	"values": [
		"minecraft:jigsaw",
		"minecraft:light_gray_bed",
		"minecraft:light_gray_carpet",
		"minecraft:light_gray_concrete",
		"minecraft:light_gray_concrete_powder",
		"minecraft:light_gray_glazed_terracotta",
		"minecraft:light_gray_shulker_box",
		"minecraft:light_gray_stained_glass",
		"minecraft:light_gray_wool",
		"minecraft:structure_block",
		{
			"required": false,
			"id": "n/a",
			"version": 1.17
		},
		{
			"required": false,
			"id": "minecraft:light_gray_candle"
		}
	]
}
