{
    "type": "minecraft:multi_action",
    "title": "2048",
    "body": [
        {
            "type": "minecraft:plain_message",
            "contents": {"text": "\n\n\n\n\n\n\n\u2048","font": "ccc:2048_logo"}
        }
    ],
    "actions": [
        {
            "label": "新游戏",
            "action": {
                "type": "show_dialog",
                "dialog": "ccc:new_game"
            }
        },
        {
            "label": "继续游戏",
            "action": {
                "type": "run_command",
                "command": "trigger 2048_trigger"
            }
        },
        {
            "label": "设置",
            "action": {
                "type": "run_command",
                "command": "trigger 2048_route set 2"
            }
        },
        {
            "label": "图鉴",
            "tooltip":"暂未开放",
            "action": {
                "type": "run_command",
                "command": "trigger 2048_trigger set 2"
            }
        }
    ]
}