{
    "type":"multi_action",
    "title": "2048",
    "body":[
        {
            "type": "plain_message",
            "width": 300,
            "contents":""
        },
        {
            "type": "plain_message",
            "width": 300,
            "contents": [{"text":"\u0002","font": "ccc:2048"},{"text":"\u0001","font": "ccc:2048"},{"text":"\u0001","font": "ccc:2048"},{"text":"\u999a","font": "ccc:2048"}]
        },
        {
            "type": "plain_message",
            "width": 300,
            "contents": [{"text":"\u0004","font": "ccc:2048"},{"text":"\u999b","font": "ccc:2048"},{"text":"\u0001","font": "ccc:2048"},{"text":"\u0001","font": "ccc:2048"}]
        },
        {
            "type": "plain_message",
            "width": 300,
            "contents": [{"text":"\u1024","font": "ccc:2048"},{"text":"\u0016","font": "ccc:2048"},{"text":"\u0032","font": "ccc:2048"},{"text":"\u0001","font": "ccc:2048"}]
        },
        {
            "type": "plain_message",
            "width": 300,
            "contents": [{"text":"\u0008","font": "ccc:2048"},{"text":"\u0512","font": "ccc:2048"},{"text":"\u999c","font": "ccc:2048"},{"text":"\u0001","font": "ccc:2048"}]
        }
    ],
    "columns":3,
    "actions":[
        {
            "label":"",
            "width":50,
            "action": {
                "type": "run_command",
                "command": "trigger 2048_trigger"
            }
        },
        {
            "label":"↑",
            "width":50,
            "action": {
                "type": "run_command",
                "command": "trigger 2048_operation set 1"
            }
        },
        {
            "label":"",
            "width":50,
            "action": {
                "type": "run_command",
                "command": "trigger 2048_trigger"
            }
        },
        {
            "label":"←",
            "width":50,
            "action": {
                "type": "run_command",
                "command": "trigger 2048_operation set 2"
            }
        },
        {
            "label":"↓",
            "width":50,
            "action": {
                "type": "run_command",
                "command": "trigger 2048_operation set 3"
            }
        },
        {
            "label":"→",
            "width":50,
            "action": {
                "type": "run_command",
                "command": "trigger 2048_operation set 4"
            }
        },
        {
            "label":"重新开始",
            "width":80,
            "action": {
                "type": "show_dialog",
                "dialog": "ccc:new_game"
            }
        },
        {
            "label":"设置",
            "width":80,
            "action": {
                "type": "run_command",
                "command": "trigger 2048_route set 2"
            }
        }
    ],
    "exit_action":{
        "label": "返回",
        "action": {
        "type": "run_command",
        "command": "trigger 2048_trigger set 2"
        }
    }
}
