{
    "type": "minecraft:multi_action",
    "title": "新游戏",
    "body": [],
    "actions": [
        {
            "label": {"text": "街机模式"},
            "tooltip": {"text": "在经典的2048游戏下，加入了三个新的功能方块：\n翻倍方块：将接触的方块翻倍；\n岩浆桶：将接触的方块销毁\n反转方块：所在行/列的方块移动会反转"},
            "action": {
                "type": "run_command",
                "command": "trigger 2048_operation set 6"
            }
        },
        {
            "label": {"text": "经典模式"},
            "tooltip": {"text": "经典的2048游戏模式"},
            "action": {
                "type": "run_command",
                "command": "trigger 2048_operation set 7"
            }
        }
    ],
    "exit_action": {
        "label": "返回",
        "action":{
            "type": "run_command",
            "command": "trigger 2048_back"
        }
    }
}