{
    "what":{
        "subtitle":"WHAT",
        "sounds":[
            "what:what"
        ]
    },
    "genshin":{
        "subtitle":"",
        "sounds":[
            "what:shed_a_light"
        ]
    },
    "beep":{
        "subtitle":"",
        "sounds":[
            "what:beep"
        ]
    },
    "igiari":{
        "subtitle":"異議あり！",
        "sounds":[
            "what:igiari"
        ]
    },
    "dmc5":{
        "subtitle":"",
        "sounds":[
            "what:dmc5"
        ]
    },
    "die":{
        "subtitle":"你干嘛哈哈诶呦",
        "sounds":[
            "what:die"
        ]
    },
    "kun":{
        "subtitle":"厉不厉害你坤哥",
        "sounds":[
            "what:kun"
        ]
    },
    "none":{
        "subtitle":"",
        "sounds":[
            
        ]
    }
}