{
	"values": [
		"#minecraft:anvil",
		"#minecraft:beds",
		"#minecraft:buttons",
		"#minecraft:doors",
		"#minecraft:fence_gates",
		"#minecraft:stairs",
		"#minecraft:trapdoors",
		"#minecraft:wall_corals",
		"#minecraft:wall_signs",
		"#uin:general/dead_coral_wall_fans",
		"#uin:general/furnaces",
		"#uin:general/terracotta_glazed",
		"#uin:general/wall_banners",
		"#uin:general/wall_skulls",
		"#uin:general/wall_torches",
		"minecraft:attached_melon_stem",
		"minecraft:attached_pumpkin_stem",
		"minecraft:bee_nest",
		"minecraft:beehive",
		"minecraft:bell",
		"minecraft:carved_pumpkin",
		"minecraft:chest",
		"minecraft:cocoa",
		"minecraft:comparator",
		"minecraft:end_portal_frame",
		"minecraft:ender_chest",
		"minecraft:grindstone",
		"minecraft:jack_o_lantern",
		"minecraft:ladder",
		"minecraft:lectern",
		"minecraft:lever",
		"minecraft:loom",
		"minecraft:repeater",
		"minecraft:stonecutter",
		"minecraft:trapped_chest",
		"minecraft:tripwire_hook",
		{
			"required": false,
			"id": "n/a",
			"version": 1.17
		},
		{
			"required": false,
			"id": "minecraft:big_dripleaf"
		},
		{
			"required": false,
			"id": "minecraft:big_dripleaf_stem"
		},
		{
			"required": false,
			"id": "minecraft:small_dripleaf"
		}
	]
}
