{
	"textures": {
		"9": "clock:item/6",
		"particle": "clock:item/0"
	},
	"elements": [
		{
			"name": "6_0",
			"from": [4.5, 5.25, 8.25],
			"to": [5.5, 5.75, 8.5],
			"rotation": {"angle": 0, "axis": "y", "origin": [2.75, 2.25, 8.25]},
			"faces": {
				"north": {"uv": [11, 2, 7, 4], "texture": "#9"},
				"east": {"uv": [10, 2, 11, 4], "texture": "#9"},
				"south": {"uv": [7, 2, 11, 4], "texture": "#9"},
				"west": {"uv": [7, 2, 8, 4], "texture": "#9"},
				"up": {"uv": [7, 2, 11, 3], "texture": "#9"},
				"down": {"uv": [7, 3, 11, 4], "texture": "#9"}
			}
		},
		{
			"name": "6_1",
			"from": [4, 4.75, 8.25],
			"to": [4.5, 5.25, 8.5],
			"rotation": {"angle": 0, "axis": "y", "origin": [2.75, 2.25, 8.25]},
			"faces": {
				"north": {"uv": [7, 4, 5, 6], "texture": "#9"},
				"east": {"uv": [6, 4, 7, 6], "texture": "#9"},
				"south": {"uv": [5, 4, 7, 6], "texture": "#9"},
				"west": {"uv": [5, 4, 6, 6], "texture": "#9"},
				"up": {"uv": [5, 4, 7, 5], "texture": "#9"},
				"down": {"uv": [5, 5, 7, 6], "texture": "#9"}
			}
		},
		{
			"name": "6_2",
			"from": [3.5, 2.75, 8.25],
			"to": [4, 4.75, 8.5],
			"rotation": {"angle": 0, "axis": "y", "origin": [2.75, 2.25, 8.25]},
			"faces": {
				"north": {"uv": [5, 6, 3, 14], "texture": "#9"},
				"east": {"uv": [4, 6, 5, 14], "texture": "#9"},
				"south": {"uv": [3, 6, 5, 14], "texture": "#9"},
				"west": {"uv": [3, 6, 4, 14], "texture": "#9"},
				"up": {"uv": [3, 6, 5, 7], "texture": "#9"},
				"down": {"uv": [3, 13, 5, 14], "texture": "#9"}
			}
		},
		{
			"name": "6_3",
			"from": [4, 3.75, 8.25],
			"to": [5.5, 4.25, 8.5],
			"rotation": {"angle": 0, "axis": "y", "origin": [2.75, 2.25, 8.25]},
			"faces": {
				"north": {"uv": [11, 8, 5, 10], "texture": "#9"},
				"east": {"uv": [10, 8, 11, 10], "texture": "#9"},
				"south": {"uv": [5, 8, 11, 10], "texture": "#9"},
				"west": {"uv": [5, 8, 6, 10], "texture": "#9"},
				"up": {"uv": [5, 8, 11, 9], "texture": "#9"},
				"down": {"uv": [5, 9, 11, 10], "texture": "#9"}
			}
		},
		{
			"name": "6_4",
			"from": [5.5, 2.75, 8.25],
			"to": [6, 3.75, 8.5],
			"rotation": {"angle": 0, "axis": "y", "origin": [2.75, 2.25, 8.25]},
			"faces": {
				"north": {"uv": [13, 10, 11, 14], "texture": "#9"},
				"east": {"uv": [12, 10, 13, 14], "texture": "#9"},
				"south": {"uv": [11, 10, 13, 14], "texture": "#9"},
				"west": {"uv": [11, 10, 12, 14], "texture": "#9"},
				"up": {"uv": [11, 10, 13, 11], "texture": "#9"},
				"down": {"uv": [11, 13, 13, 14], "texture": "#9"}
			}
		},
		{
			"name": "6_5",
			"from": [4, 2.25, 8.25],
			"to": [5.5, 2.75, 8.5],
			"rotation": {"angle": 0, "axis": "y", "origin": [2.75, 2.25, 8.25]},
			"faces": {
				"north": {"uv": [11, 14, 5, 16], "texture": "#9"},
				"east": {"uv": [10, 14, 11, 16], "texture": "#9"},
				"south": {"uv": [5, 14, 11, 16], "texture": "#9"},
				"west": {"uv": [5, 14, 6, 16], "texture": "#9"},
				"up": {"uv": [5, 14, 11, 15], "texture": "#9"},
				"down": {"uv": [5, 15, 11, 16], "texture": "#9"}
			}
		}
	],
	"gui_light": "front",
	"display": {
		"thirdperson_righthand": {
			"translation": [0, 3, 1],
			"scale": [0.55, 0.55, 0.55]
		},
		"thirdperson_lefthand": {
			"translation": [0, 3, 1],
			"scale": [0.55, 0.55, 0.55]
		},
		"firstperson_righthand": {
			"translation": [-1.12, 6.7, 1.13],
			"scale": [0.68, 0.68, 0.68]
		},
		"firstperson_lefthand": {
			"translation": [-1.12, 6.45, 1.13],
			"scale": [0.68, 0.68, 0.68]
		},
		"ground": {
			"translation": [0, 2, 0],
			"scale": [0.5, 0.5, 0.5]
		},
		"gui": {
			"translation": [6, 7.75, 0],
			"scale": [1.9, 1.9, 1]
		},
		"head": {
			"rotation": [0, 180, 0],
			"translation": [0, 3.25, -7.75]
		},
		"fixed": {
			"rotation": [0, 180, 0],
			"translation": [0, 4.25, 0]
		}
	},
	"groups": [
		{
			"name": "6",
			"origin": [8, 8, 8],
			"color": 0,
			"children": [0, 1, 2, 3, 4, 5]
		}
	]
}