{
	"textures": {
		"6": "clock:item/3",
		"particle": "clock:item/0"
	},
	"elements": [
		{
			"name": "3_0",
			"from": [11.75, 5.25, 8.25],
			"to": [13.25, 5.75, 8.5],
			"rotation": {"angle": 0, "axis": "y", "origin": [10.5, 2.25, 8.25]},
			"faces": {
				"north": {"uv": [11, 2, 5, 4], "texture": "#6"},
				"east": {"uv": [10, 2, 11, 4], "texture": "#6"},
				"south": {"uv": [5, 2, 11, 4], "texture": "#6"},
				"west": {"uv": [5, 2, 6, 4], "texture": "#6"},
				"up": {"uv": [5, 2, 11, 3], "texture": "#6"},
				"down": {"uv": [5, 3, 11, 4], "texture": "#6"}
			}
		},
		{
			"name": "3_1",
			"from": [11.25, 4.75, 8.25],
			"to": [11.75, 5.25, 8.5],
			"rotation": {"angle": 0, "axis": "y", "origin": [10.5, 2.25, 8.25]},
			"faces": {
				"north": {"uv": [5, 4, 3, 6], "texture": "#6"},
				"east": {"uv": [4, 4, 5, 6], "texture": "#6"},
				"south": {"uv": [3, 4, 5, 6], "texture": "#6"},
				"west": {"uv": [3, 4, 4, 6], "texture": "#6"},
				"up": {"uv": [3, 4, 5, 5], "texture": "#6"},
				"down": {"uv": [3, 5, 5, 6], "texture": "#6"}
			}
		},
		{
			"name": "3_2",
			"from": [13.25, 4.25, 8.25],
			"to": [13.75, 5.25, 8.5],
			"rotation": {"angle": 0, "axis": "y", "origin": [10.5, 2.25, 8.25]},
			"faces": {
				"north": {"uv": [13, 4, 11, 8], "texture": "#6"},
				"east": {"uv": [12, 4, 13, 8], "texture": "#6"},
				"south": {"uv": [11, 4, 13, 8], "texture": "#6"},
				"west": {"uv": [11, 4, 12, 8], "texture": "#6"},
				"up": {"uv": [11, 4, 13, 5], "texture": "#6"},
				"down": {"uv": [11, 7, 13, 8], "texture": "#6"}
			}
		},
		{
			"name": "3_3",
			"from": [12.25, 3.75, 8.25],
			"to": [13.25, 4.25, 8.5],
			"rotation": {"angle": 0, "axis": "y", "origin": [10.5, 2.25, 8.25]},
			"faces": {
				"north": {"uv": [11, 8, 7, 10], "texture": "#6"},
				"east": {"uv": [10, 8, 11, 10], "texture": "#6"},
				"south": {"uv": [7, 8, 11, 10], "texture": "#6"},
				"west": {"uv": [7, 8, 8, 10], "texture": "#6"},
				"up": {"uv": [7, 8, 11, 9], "texture": "#6"},
				"down": {"uv": [7, 9, 11, 10], "texture": "#6"}
			}
		},
		{
			"name": "3_4",
			"from": [13.25, 2.75, 8.25],
			"to": [13.75, 3.75, 8.5],
			"rotation": {"angle": 0, "axis": "y", "origin": [10.5, 2.25, 8.25]},
			"faces": {
				"north": {"uv": [13, 10, 11, 14], "texture": "#6"},
				"east": {"uv": [12, 10, 13, 14], "texture": "#6"},
				"south": {"uv": [11, 10, 13, 14], "texture": "#6"},
				"west": {"uv": [11, 10, 12, 14], "texture": "#6"},
				"up": {"uv": [11, 10, 13, 11], "texture": "#6"},
				"down": {"uv": [11, 13, 13, 14], "texture": "#6"}
			}
		},
		{
			"name": "3_5",
			"from": [11.25, 2.75, 8.25],
			"to": [11.75, 3.25, 8.5],
			"rotation": {"angle": 0, "axis": "y", "origin": [10.5, 2.25, 8.25]},
			"faces": {
				"north": {"uv": [5, 12, 3, 14], "texture": "#6"},
				"east": {"uv": [4, 12, 5, 14], "texture": "#6"},
				"south": {"uv": [3, 12, 5, 14], "texture": "#6"},
				"west": {"uv": [3, 12, 4, 14], "texture": "#6"},
				"up": {"uv": [3, 12, 5, 13], "texture": "#6"},
				"down": {"uv": [3, 13, 5, 14], "texture": "#6"}
			}
		},
		{
			"name": "3_6",
			"from": [11.75, 2.25, 8.25],
			"to": [13.25, 2.75, 8.5],
			"rotation": {"angle": 0, "axis": "y", "origin": [10.5, 2.25, 8.25]},
			"faces": {
				"north": {"uv": [11, 14, 5, 16], "texture": "#6"},
				"east": {"uv": [10, 14, 11, 16], "texture": "#6"},
				"south": {"uv": [5, 14, 11, 16], "texture": "#6"},
				"west": {"uv": [5, 14, 6, 16], "texture": "#6"},
				"up": {"uv": [5, 14, 11, 15], "texture": "#6"},
				"down": {"uv": [5, 15, 11, 16], "texture": "#6"}
			}
		}
	],
	"gui_light": "front",
	"display": {
		"thirdperson_righthand": {
			"translation": [0, 3, 1],
			"scale": [0.55, 0.55, 0.55]
		},
		"thirdperson_lefthand": {
			"translation": [0, 3, 1],
			"scale": [0.55, 0.55, 0.55]
		},
		"firstperson_righthand": {
			"translation": [-1.12, 6.7, 1.13],
			"scale": [0.68, 0.68, 0.68]
		},
		"firstperson_lefthand": {
			"translation": [-1.12, 6.45, 1.13],
			"scale": [0.68, 0.68, 0.68]
		},
		"ground": {
			"translation": [0, 2, 0],
			"scale": [0.5, 0.5, 0.5]
		},
		"gui": {
			"translation": [6, 7.75, 0],
			"scale": [1.9, 1.9, 1]
		},
		"head": {
			"rotation": [0, 180, 0],
			"translation": [0, 3.25, -7.75]
		},
		"fixed": {
			"rotation": [0, 180, 0],
			"translation": [0, 4.25, 0]
		}
	},
	"groups": [
		{
			"name": "3",
			"origin": [8, 8, 8],
			"color": 0,
			"children": [0, 1, 2, 3, 4, 5, 6]
		}
	]
}