{
	"parent":"fox:item/parent",
	"texture_size": [64, 64],
	"textures": {
		"5": "fox:item/d_",
		"particle": "fox:item/key"
	},
	"elements": [
		{
			"name": "w_0",
			"from": [9.0625, 0.5, 0.5],
			"to": [10.4375, 0.8125, 2.5],
			"rotation": {"angle": 0, "axis": "y", "origin": [8.75, 0.5, 2.5]},
			"faces": {
				"north": {"uv": [2.5, 0, 13.5, 0.5], "rotation": 180, "texture": "#5"},
				"east": {"uv": [13, 0, 13.5, 16], "rotation": 90, "texture": "#5"},
				"south": {"uv": [2.5, 15.5, 13.5, 16], "texture": "#5"},
				"west": {"uv": [2.5, 0, 3, 16], "rotation": 270, "texture": "#5"},
				"up": {"uv": [2.5, 0, 13.5, 16], "texture": "#5"},
				"down": {"uv": [13.5, 0, 2.5, 16], "rotation": 180, "texture": "#5"}
			}
		},
		{
			"name": "w_1",
			"from": [8.9375, 0.5, 0.5625],
			"to": [9.0625, 0.8125, 2.4375],
			"rotation": {"angle": 0, "axis": "y", "origin": [8.75, 0.5, 2.5]},
			"faces": {
				"north": {"uv": [1.5, 0.5, 2.5, 1], "rotation": 180, "texture": "#5"},
				"east": {"uv": [2, 0.5, 2.5, 15.5], "rotation": 90, "texture": "#5"},
				"south": {"uv": [1.5, 15, 2.5, 15.5], "texture": "#5"},
				"west": {"uv": [1.5, 0.5, 2, 15.5], "rotation": 270, "texture": "#5"},
				"up": {"uv": [1.5, 0.5, 2.5, 15.5], "texture": "#5"},
				"down": {"uv": [2.5, 0.5, 1.5, 15.5], "rotation": 180, "texture": "#5"}
			}
		},
		{
			"name": "w_2",
			"from": [10.4375, 0.5, 0.5625],
			"to": [10.5625, 0.8125, 2.4375],
			"rotation": {"angle": 0, "axis": "y", "origin": [8.75, 0.5, 2.5]},
			"faces": {
				"north": {"uv": [13.5, 0.5, 14.5, 1], "rotation": 180, "texture": "#5"},
				"east": {"uv": [14, 0.5, 14.5, 15.5], "rotation": 90, "texture": "#5"},
				"south": {"uv": [13.5, 15, 14.5, 15.5], "texture": "#5"},
				"west": {"uv": [13.5, 0.5, 14, 15.5], "rotation": 270, "texture": "#5"},
				"up": {"uv": [13.5, 0.5, 14.5, 15.5], "texture": "#5"},
				"down": {"uv": [14.5, 0.5, 13.5, 15.5], "rotation": 180, "texture": "#5"}
			}
		},
		{
			"name": "w_3",
			"from": [8.875, 0.5, 0.625],
			"to": [8.9375, 0.8125, 2.375],
			"rotation": {"angle": 0, "axis": "y", "origin": [8.75, 0.5, 2.5]},
			"faces": {
				"north": {"uv": [1, 1, 1.5, 1.5], "rotation": 180, "texture": "#5"},
				"east": {"uv": [1, 1, 1.5, 15], "rotation": 90, "texture": "#5"},
				"south": {"uv": [1, 14.5, 1.5, 15], "texture": "#5"},
				"west": {"uv": [1, 1, 1.5, 15], "rotation": 270, "texture": "#5"},
				"up": {"uv": [1, 1, 1.5, 15], "texture": "#5"},
				"down": {"uv": [1.5, 1, 1, 15], "rotation": 180, "texture": "#5"}
			}
		},
		{
			"name": "w_4",
			"from": [10.5625, 0.5, 0.625],
			"to": [10.625, 0.8125, 2.375],
			"rotation": {"angle": 0, "axis": "y", "origin": [8.75, 0.5, 2.5]},
			"faces": {
				"north": {"uv": [14.5, 1, 15, 1.5], "rotation": 180, "texture": "#5"},
				"east": {"uv": [14.5, 1, 15, 15], "rotation": 90, "texture": "#5"},
				"south": {"uv": [14.5, 14.5, 15, 15], "texture": "#5"},
				"west": {"uv": [14.5, 1, 15, 15], "rotation": 270, "texture": "#5"},
				"up": {"uv": [14.5, 1, 15, 15], "texture": "#5"},
				"down": {"uv": [15, 1, 14.5, 15], "rotation": 180, "texture": "#5"}
			}
		},
		{
			"name": "w_5",
			"from": [8.8125, 0.5, 0.6875],
			"to": [8.875, 0.8125, 2.3125],
			"rotation": {"angle": 0, "axis": "y", "origin": [8.75, 0.5, 2.5]},
			"faces": {
				"north": {"uv": [0.5, 1.5, 1, 2], "rotation": 180, "texture": "#5"},
				"east": {"uv": [0.5, 1.5, 1, 14.5], "rotation": 90, "texture": "#5"},
				"south": {"uv": [0.5, 14, 1, 14.5], "texture": "#5"},
				"west": {"uv": [0.5, 1.5, 1, 14.5], "rotation": 270, "texture": "#5"},
				"up": {"uv": [0.5, 1.5, 1, 14.5], "texture": "#5"},
				"down": {"uv": [1, 1.5, 0.5, 14.5], "rotation": 180, "texture": "#5"}
			}
		},
		{
			"name": "w_6",
			"from": [10.625, 0.5, 0.6875],
			"to": [10.6875, 0.8125, 2.3125],
			"rotation": {"angle": 0, "axis": "y", "origin": [8.75, 0.5, 2.5]},
			"faces": {
				"north": {"uv": [15, 1.5, 15.5, 2], "rotation": 180, "texture": "#5"},
				"east": {"uv": [15, 1.5, 15.5, 14.5], "rotation": 90, "texture": "#5"},
				"south": {"uv": [15, 14, 15.5, 14.5], "texture": "#5"},
				"west": {"uv": [15, 1.5, 15.5, 14.5], "rotation": 270, "texture": "#5"},
				"up": {"uv": [15, 1.5, 15.5, 14.5], "texture": "#5"},
				"down": {"uv": [15.5, 1.5, 15, 14.5], "rotation": 180, "texture": "#5"}
			}
		},
		{
			"name": "w_7",
			"from": [8.75, 0.5, 0.8125],
			"to": [8.8125, 0.8125, 2.1875],
			"rotation": {"angle": 0, "axis": "y", "origin": [8.75, 0.5, 2.5]},
			"faces": {
				"north": {"uv": [0, 2.5, 0.5, 3], "rotation": 180, "texture": "#5"},
				"east": {"uv": [0, 2.5, 0.5, 13.5], "rotation": 90, "texture": "#5"},
				"south": {"uv": [0, 13, 0.5, 13.5], "texture": "#5"},
				"west": {"uv": [0, 2.5, 0.5, 13.5], "rotation": 270, "texture": "#5"},
				"up": {"uv": [0, 2.5, 0.5, 13.5], "texture": "#5"},
				"down": {"uv": [0.5, 2.5, 0, 13.5], "rotation": 180, "texture": "#5"}
			}
		},
		{
			"name": "w_8",
			"from": [10.6875, 0.5, 0.8125],
			"to": [10.75, 0.8125, 2.1875],
			"rotation": {"angle": 0, "axis": "y", "origin": [8.75, 0.5, 2.5]},
			"faces": {
				"north": {"uv": [15.5, 2.5, 16, 3], "rotation": 180, "texture": "#5"},
				"east": {"uv": [15.5, 2.5, 16, 13.5], "rotation": 90, "texture": "#5"},
				"south": {"uv": [15.5, 13, 16, 13.5], "texture": "#5"},
				"west": {"uv": [15.5, 2.5, 16, 13.5], "rotation": 270, "texture": "#5"},
				"up": {"uv": [15.5, 2.5, 16, 13.5], "texture": "#5"},
				"down": {"uv": [16, 2.5, 15.5, 13.5], "rotation": 180, "texture": "#5"}
			}
		}
	],
	"gui_light": "front",
	
	"groups": [
		{
			"name": "d",
			"origin": [8, 8, 8],
			"color": 0,
			"children": [0, 1, 2, 3, 4, 5, 6, 7, 8]
		}
	]
}