{
	"parent":"fox:item/parent",
	"texture_size": [64, 64],
	"textures": {
		"17": "fox:item/mouse_right_",
		"particle": "fox:item/key"
	},
	"elements": [
		{
			"name": "mouse_right_0",
			"from": [16, 0.5, 0.5],
			"to": [17.5, 1, 3],
			"rotation": {"angle": 0, "axis": "y", "origin": [13, 0.5, -4]},
			"faces": {
				"north": {"uv": [9, 9, 6, 10], "texture": "#17"},
				"east": {"uv": [8, 9, 9, 14], "rotation": 90, "texture": "#17"},
				"south": {"uv": [6, 13, 9, 14], "texture": "#17"},
				"west": {"uv": [6, 9, 7, 14], "rotation": 270, "texture": "#17"},
				"up": {"uv": [6, 9, 9, 14], "texture": "#17"},
				"down": {"uv": [6, 14, 9, 9], "texture": "#17"}
			}
		},
		{
			"name": "mouse_right_1",
			"from": [15.5, 0.5, 1],
			"to": [16, 1, 2.5],
			"rotation": {"angle": 0, "axis": "y", "origin": [13, 0.5, -4]},
			"faces": {
				"north": {"uv": [6, 10, 5, 11], "texture": "#17"},
				"east": {"uv": [5, 10, 6, 13], "rotation": 90, "texture": "#17"},
				"south": {"uv": [5, 12, 6, 13], "texture": "#17"},
				"west": {"uv": [5, 10, 6, 13], "rotation": 270, "texture": "#17"},
				"up": {"uv": [5, 10, 6, 13], "texture": "#17"},
				"down": {"uv": [5, 13, 6, 10], "texture": "#17"}
			}
		},
		{
			"name": "mouse_right_2",
			"from": [17.5, 0.5, 1],
			"to": [18, 1, 2.5],
			"rotation": {"angle": 0, "axis": "y", "origin": [13, 0.5, -4]},
			"faces": {
				"north": {"uv": [10, 10, 9, 11], "texture": "#17"},
				"east": {"uv": [9, 10, 10, 13], "rotation": 90, "texture": "#17"},
				"south": {"uv": [9, 12, 10, 13], "texture": "#17"},
				"west": {"uv": [9, 10, 10, 13], "rotation": 270, "texture": "#17"},
				"up": {"uv": [9, 10, 10, 13], "texture": "#17"},
				"down": {"uv": [9, 13, 10, 10], "texture": "#17"}
			}
		}
	],
	"gui_light": "front",
	
	"groups": [
		{
			"name": "mouse_right",
			"origin": [8, 8, 8],
			"color": 0,
			"children": [0, 1, 2]
		}
	]
}