{
	"parent":"fox:item/parent",
	"texture_size": [64, 64],
	"textures": {
		"16": "fox:item/mouse_middle_",
		"particle": "fox:item/key"
	},
	"elements": [
		{
			"name": "mouse_middle_0",
			"from": [13.5, 0.5, -2],
			"to": [14.5, 1, 0],
			"rotation": {"angle": 0, "axis": "y", "origin": [7.5, 0.5, -4]},
			"faces": {
				"north": {"uv": [14, 4, 12, 5], "texture": "#16"},
				"east": {"uv": [13, 4, 14, 8], "rotation": 90, "texture": "#16"},
				"south": {"uv": [12, 7, 14, 8], "texture": "#16"},
				"west": {"uv": [12, 4, 13, 8], "rotation": 270, "texture": "#16"},
				"up": {"uv": [12, 4, 14, 8], "texture": "#16"},
				"down": {"uv": [12, 8, 14, 4], "texture": "#16"}
			}
		},
		{
			"name": "mouse_middle_1",
			"from": [13, 0.5, -1.5],
			"to": [13.5, 1, -0.5],
			"rotation": {"angle": 0, "axis": "y", "origin": [7.5, 0.5, -4]},
			"faces": {
				"north": {"uv": [12, 5, 11, 6], "texture": "#16"},
				"east": {"uv": [11, 5, 12, 7], "rotation": 90, "texture": "#16"},
				"south": {"uv": [11, 6, 12, 7], "texture": "#16"},
				"west": {"uv": [11, 5, 12, 7], "rotation": 270, "texture": "#16"},
				"up": {"uv": [11, 5, 12, 7], "texture": "#16"},
				"down": {"uv": [11, 7, 12, 5], "texture": "#16"}
			}
		},
		{
			"name": "mouse_middle_2",
			"from": [14.5, 0.5, -1.5],
			"to": [15, 1, -0.5],
			"rotation": {"angle": 0, "axis": "y", "origin": [7.5, 0.5, -4]},
			"faces": {
				"north": {"uv": [15, 5, 14, 6], "texture": "#16"},
				"east": {"uv": [14, 5, 15, 7], "rotation": 90, "texture": "#16"},
				"south": {"uv": [14, 6, 15, 7], "texture": "#16"},
				"west": {"uv": [14, 5, 15, 7], "rotation": 270, "texture": "#16"},
				"up": {"uv": [14, 5, 15, 7], "texture": "#16"},
				"down": {"uv": [14, 7, 15, 5], "texture": "#16"}
			}
		}
	],
	"gui_light": "front",
	
	"groups": [
		{
			"name": "mouse_middle",
			"origin": [8, 8, 8],
			"color": 0,
			"children": [0, 1, 2]
		}
	]
}