{
	"parent":"fox:item/parent",
	"texture_size": [64, 64],
	"textures": {
		"7": "fox:item/q_",
		"particle": "fox:item/key"
	},
	"elements": [
		{
			"name": "w_0",
			"from": [4.3125, 0.5, -2],
			"to": [5.6875, 0.8125, 0],
			"rotation": {"angle": 0, "axis": "y", "origin": [4, 0.5, 0]},
			"faces": {
				"north": {"uv": [2.5, 0, 13.5, 0.5], "rotation": 180, "texture": "#7"},
				"east": {"uv": [13, 0, 13.5, 16], "rotation": 90, "texture": "#7"},
				"south": {"uv": [2.5, 15.5, 13.5, 16], "texture": "#7"},
				"west": {"uv": [2.5, 0, 3, 16], "rotation": 270, "texture": "#7"},
				"up": {"uv": [2.5, 0, 13.5, 16], "texture": "#7"},
				"down": {"uv": [13.5, 0, 2.5, 16], "rotation": 180, "texture": "#7"}
			}
		},
		{
			"name": "w_1",
			"from": [4.1875, 0.5, -1.9375],
			"to": [4.3125, 0.8125, -0.0625],
			"rotation": {"angle": 0, "axis": "y", "origin": [4, 0.5, 0]},
			"faces": {
				"north": {"uv": [1.5, 0.5, 2.5, 1], "rotation": 180, "texture": "#7"},
				"east": {"uv": [2, 0.5, 2.5, 15.5], "rotation": 90, "texture": "#7"},
				"south": {"uv": [1.5, 15, 2.5, 15.5], "texture": "#7"},
				"west": {"uv": [1.5, 0.5, 2, 15.5], "rotation": 270, "texture": "#7"},
				"up": {"uv": [1.5, 0.5, 2.5, 15.5], "texture": "#7"},
				"down": {"uv": [2.5, 0.5, 1.5, 15.5], "rotation": 180, "texture": "#7"}
			}
		},
		{
			"name": "w_2",
			"from": [5.6875, 0.5, -1.9375],
			"to": [5.8125, 0.8125, -0.0625],
			"rotation": {"angle": 0, "axis": "y", "origin": [4, 0.5, 0]},
			"faces": {
				"north": {"uv": [13.5, 0.5, 14.5, 1], "rotation": 180, "texture": "#7"},
				"east": {"uv": [14, 0.5, 14.5, 15.5], "rotation": 90, "texture": "#7"},
				"south": {"uv": [13.5, 15, 14.5, 15.5], "texture": "#7"},
				"west": {"uv": [13.5, 0.5, 14, 15.5], "rotation": 270, "texture": "#7"},
				"up": {"uv": [13.5, 0.5, 14.5, 15.5], "texture": "#7"},
				"down": {"uv": [14.5, 0.5, 13.5, 15.5], "rotation": 180, "texture": "#7"}
			}
		},
		{
			"name": "w_3",
			"from": [4.125, 0.5, -1.875],
			"to": [4.1875, 0.8125, -0.125],
			"rotation": {"angle": 0, "axis": "y", "origin": [4, 0.5, 0]},
			"faces": {
				"north": {"uv": [1, 1, 1.5, 1.5], "rotation": 180, "texture": "#7"},
				"east": {"uv": [1, 1, 1.5, 15], "rotation": 90, "texture": "#7"},
				"south": {"uv": [1, 14.5, 1.5, 15], "texture": "#7"},
				"west": {"uv": [1, 1, 1.5, 15], "rotation": 270, "texture": "#7"},
				"up": {"uv": [1, 1, 1.5, 15], "texture": "#7"},
				"down": {"uv": [1.5, 1, 1, 15], "rotation": 180, "texture": "#7"}
			}
		},
		{
			"name": "w_4",
			"from": [5.8125, 0.5, -1.875],
			"to": [5.875, 0.8125, -0.125],
			"rotation": {"angle": 0, "axis": "y", "origin": [4, 0.5, 0]},
			"faces": {
				"north": {"uv": [14.5, 1, 15, 1.5], "rotation": 180, "texture": "#7"},
				"east": {"uv": [14.5, 1, 15, 15], "rotation": 90, "texture": "#7"},
				"south": {"uv": [14.5, 14.5, 15, 15], "texture": "#7"},
				"west": {"uv": [14.5, 1, 15, 15], "rotation": 270, "texture": "#7"},
				"up": {"uv": [14.5, 1, 15, 15], "texture": "#7"},
				"down": {"uv": [15, 1, 14.5, 15], "rotation": 180, "texture": "#7"}
			}
		},
		{
			"name": "w_5",
			"from": [4.0625, 0.5, -1.8125],
			"to": [4.125, 0.8125, -0.1875],
			"rotation": {"angle": 0, "axis": "y", "origin": [4, 0.5, 0]},
			"faces": {
				"north": {"uv": [0.5, 1.5, 1, 2], "rotation": 180, "texture": "#7"},
				"east": {"uv": [0.5, 1.5, 1, 14.5], "rotation": 90, "texture": "#7"},
				"south": {"uv": [0.5, 14, 1, 14.5], "texture": "#7"},
				"west": {"uv": [0.5, 1.5, 1, 14.5], "rotation": 270, "texture": "#7"},
				"up": {"uv": [0.5, 1.5, 1, 14.5], "texture": "#7"},
				"down": {"uv": [1, 1.5, 0.5, 14.5], "rotation": 180, "texture": "#7"}
			}
		},
		{
			"name": "w_6",
			"from": [5.875, 0.5, -1.8125],
			"to": [5.9375, 0.8125, -0.1875],
			"rotation": {"angle": 0, "axis": "y", "origin": [4, 0.5, 0]},
			"faces": {
				"north": {"uv": [15, 1.5, 15.5, 2], "rotation": 180, "texture": "#7"},
				"east": {"uv": [15, 1.5, 15.5, 14.5], "rotation": 90, "texture": "#7"},
				"south": {"uv": [15, 14, 15.5, 14.5], "texture": "#7"},
				"west": {"uv": [15, 1.5, 15.5, 14.5], "rotation": 270, "texture": "#7"},
				"up": {"uv": [15, 1.5, 15.5, 14.5], "texture": "#7"},
				"down": {"uv": [15.5, 1.5, 15, 14.5], "rotation": 180, "texture": "#7"}
			}
		},
		{
			"name": "w_7",
			"from": [4, 0.5, -1.6875],
			"to": [4.0625, 0.8125, -0.3125],
			"rotation": {"angle": 0, "axis": "y", "origin": [4, 0.5, 0]},
			"faces": {
				"north": {"uv": [0, 2.5, 0.5, 3], "rotation": 180, "texture": "#7"},
				"east": {"uv": [0, 2.5, 0.5, 13.5], "rotation": 90, "texture": "#7"},
				"south": {"uv": [0, 13, 0.5, 13.5], "texture": "#7"},
				"west": {"uv": [0, 2.5, 0.5, 13.5], "rotation": 270, "texture": "#7"},
				"up": {"uv": [0, 2.5, 0.5, 13.5], "texture": "#7"},
				"down": {"uv": [0.5, 2.5, 0, 13.5], "rotation": 180, "texture": "#7"}
			}
		},
		{
			"name": "w_8",
			"from": [5.9375, 0.5, -1.6875],
			"to": [6, 0.8125, -0.3125],
			"rotation": {"angle": 0, "axis": "y", "origin": [4, 0.5, 0]},
			"faces": {
				"north": {"uv": [15.5, 2.5, 16, 3], "rotation": 180, "texture": "#7"},
				"east": {"uv": [15.5, 2.5, 16, 13.5], "rotation": 90, "texture": "#7"},
				"south": {"uv": [15.5, 13, 16, 13.5], "texture": "#7"},
				"west": {"uv": [15.5, 2.5, 16, 13.5], "rotation": 270, "texture": "#7"},
				"up": {"uv": [15.5, 2.5, 16, 13.5], "texture": "#7"},
				"down": {"uv": [16, 2.5, 15.5, 13.5], "rotation": 180, "texture": "#7"}
			}
		}
	],
	"gui_light": "front",
	
	"groups": [
		{
			"name": "q",
			"origin": [8, 8, 8],
			"color": 0,
			"children": [0, 1, 2, 3, 4, 5, 6, 7, 8]
		}
	]
}