{
	"parent":"fox:item/parent",
	"texture_size": [64, 64],
	"textures": {
		"3": "fox:item/w_",
		"particle": "fox:item/key"
	},
	"elements": [
		{
			"name": "w_0",
			"from": [6.8125, 0.5, -1.75],
			"to": [8.1875, 0.8125, 0.25],
			"rotation": {"angle": 0, "axis": "y", "origin": [6.5, 0.5, 0.25]},
			"faces": {
				"north": {"uv": [2.5, 0, 13.5, 0.5], "rotation": 180, "texture": "#3"},
				"east": {"uv": [13, 0, 13.5, 16], "rotation": 90, "texture": "#3"},
				"south": {"uv": [2.5, 15.5, 13.5, 16], "texture": "#3"},
				"west": {"uv": [2.5, 0, 3, 16], "rotation": 270, "texture": "#3"},
				"up": {"uv": [2.5, 0, 13.5, 16], "texture": "#3"},
				"down": {"uv": [13.5, 0, 2.5, 16], "rotation": 180, "texture": "#3"}
			}
		},
		{
			"name": "w_1",
			"from": [6.6875, 0.5, -1.6875],
			"to": [6.8125, 0.8125, 0.1875],
			"rotation": {"angle": 0, "axis": "y", "origin": [6.5, 0.5, 0.25]},
			"faces": {
				"north": {"uv": [1.5, 0.5, 2.5, 1], "rotation": 180, "texture": "#3"},
				"east": {"uv": [2, 0.5, 2.5, 15.5], "rotation": 90, "texture": "#3"},
				"south": {"uv": [1.5, 15, 2.5, 15.5], "texture": "#3"},
				"west": {"uv": [1.5, 0.5, 2, 15.5], "rotation": 270, "texture": "#3"},
				"up": {"uv": [1.5, 0.5, 2.5, 15.5], "texture": "#3"},
				"down": {"uv": [2.5, 0.5, 1.5, 15.5], "rotation": 180, "texture": "#3"}
			}
		},
		{
			"name": "w_2",
			"from": [8.1875, 0.5, -1.6875],
			"to": [8.3125, 0.8125, 0.1875],
			"rotation": {"angle": 0, "axis": "y", "origin": [6.5, 0.5, 0.25]},
			"faces": {
				"north": {"uv": [13.5, 0.5, 14.5, 1], "rotation": 180, "texture": "#3"},
				"east": {"uv": [14, 0.5, 14.5, 15.5], "rotation": 90, "texture": "#3"},
				"south": {"uv": [13.5, 15, 14.5, 15.5], "texture": "#3"},
				"west": {"uv": [13.5, 0.5, 14, 15.5], "rotation": 270, "texture": "#3"},
				"up": {"uv": [13.5, 0.5, 14.5, 15.5], "texture": "#3"},
				"down": {"uv": [14.5, 0.5, 13.5, 15.5], "rotation": 180, "texture": "#3"}
			}
		},
		{
			"name": "w_3",
			"from": [6.625, 0.5, -1.625],
			"to": [6.6875, 0.8125, 0.125],
			"rotation": {"angle": 0, "axis": "y", "origin": [6.5, 0.5, 0.25]},
			"faces": {
				"north": {"uv": [1, 1, 1.5, 1.5], "rotation": 180, "texture": "#3"},
				"east": {"uv": [1, 1, 1.5, 15], "rotation": 90, "texture": "#3"},
				"south": {"uv": [1, 14.5, 1.5, 15], "texture": "#3"},
				"west": {"uv": [1, 1, 1.5, 15], "rotation": 270, "texture": "#3"},
				"up": {"uv": [1, 1, 1.5, 15], "texture": "#3"},
				"down": {"uv": [1.5, 1, 1, 15], "rotation": 180, "texture": "#3"}
			}
		},
		{
			"name": "w_4",
			"from": [8.3125, 0.5, -1.625],
			"to": [8.375, 0.8125, 0.125],
			"rotation": {"angle": 0, "axis": "y", "origin": [6.5, 0.5, 0.25]},
			"faces": {
				"north": {"uv": [14.5, 1, 15, 1.5], "rotation": 180, "texture": "#3"},
				"east": {"uv": [14.5, 1, 15, 15], "rotation": 90, "texture": "#3"},
				"south": {"uv": [14.5, 14.5, 15, 15], "texture": "#3"},
				"west": {"uv": [14.5, 1, 15, 15], "rotation": 270, "texture": "#3"},
				"up": {"uv": [14.5, 1, 15, 15], "texture": "#3"},
				"down": {"uv": [15, 1, 14.5, 15], "rotation": 180, "texture": "#3"}
			}
		},
		{
			"name": "w_5",
			"from": [6.5625, 0.5, -1.5625],
			"to": [6.625, 0.8125, 0.0625],
			"rotation": {"angle": 0, "axis": "y", "origin": [6.5, 0.5, 0.25]},
			"faces": {
				"north": {"uv": [0.5, 1.5, 1, 2], "rotation": 180, "texture": "#3"},
				"east": {"uv": [0.5, 1.5, 1, 14.5], "rotation": 90, "texture": "#3"},
				"south": {"uv": [0.5, 14, 1, 14.5], "texture": "#3"},
				"west": {"uv": [0.5, 1.5, 1, 14.5], "rotation": 270, "texture": "#3"},
				"up": {"uv": [0.5, 1.5, 1, 14.5], "texture": "#3"},
				"down": {"uv": [1, 1.5, 0.5, 14.5], "rotation": 180, "texture": "#3"}
			}
		},
		{
			"name": "w_6",
			"from": [8.375, 0.5, -1.5625],
			"to": [8.4375, 0.8125, 0.0625],
			"rotation": {"angle": 0, "axis": "y", "origin": [6.5, 0.5, 0.25]},
			"faces": {
				"north": {"uv": [15, 1.5, 15.5, 2], "rotation": 180, "texture": "#3"},
				"east": {"uv": [15, 1.5, 15.5, 14.5], "rotation": 90, "texture": "#3"},
				"south": {"uv": [15, 14, 15.5, 14.5], "texture": "#3"},
				"west": {"uv": [15, 1.5, 15.5, 14.5], "rotation": 270, "texture": "#3"},
				"up": {"uv": [15, 1.5, 15.5, 14.5], "texture": "#3"},
				"down": {"uv": [15.5, 1.5, 15, 14.5], "rotation": 180, "texture": "#3"}
			}
		},
		{
			"name": "w_7",
			"from": [6.5, 0.5, -1.4375],
			"to": [6.5625, 0.8125, -0.0625],
			"rotation": {"angle": 0, "axis": "y", "origin": [6.5, 0.5, 0.25]},
			"faces": {
				"north": {"uv": [0, 2.5, 0.5, 3], "rotation": 180, "texture": "#3"},
				"east": {"uv": [0, 2.5, 0.5, 13.5], "rotation": 90, "texture": "#3"},
				"south": {"uv": [0, 13, 0.5, 13.5], "texture": "#3"},
				"west": {"uv": [0, 2.5, 0.5, 13.5], "rotation": 270, "texture": "#3"},
				"up": {"uv": [0, 2.5, 0.5, 13.5], "texture": "#3"},
				"down": {"uv": [0.5, 2.5, 0, 13.5], "rotation": 180, "texture": "#3"}
			}
		},
		{
			"name": "w_8",
			"from": [8.4375, 0.5, -1.4375],
			"to": [8.5, 0.8125, -0.0625],
			"rotation": {"angle": 0, "axis": "y", "origin": [6.5, 0.5, 0.25]},
			"faces": {
				"north": {"uv": [15.5, 2.5, 16, 3], "rotation": 180, "texture": "#3"},
				"east": {"uv": [15.5, 2.5, 16, 13.5], "rotation": 90, "texture": "#3"},
				"south": {"uv": [15.5, 13, 16, 13.5], "texture": "#3"},
				"west": {"uv": [15.5, 2.5, 16, 13.5], "rotation": 270, "texture": "#3"},
				"up": {"uv": [15.5, 2.5, 16, 13.5], "texture": "#3"},
				"down": {"uv": [16, 2.5, 15.5, 13.5], "rotation": 180, "texture": "#3"}
			}
		}
	],
	"gui_light": "front",
	
	"groups": [
		{
			"name": "keyboard",
			"origin": [8, 8, 8],
			"color": 0,
			"children": [
				{
					"name": "w",
					"origin": [8, 8, 8],
					"color": 0,
					"children": [0, 1, 2, 3, 4, 5, 6, 7, 8]
				}
			]
		}
	]
}