{
	"texture_size": [32, 32],
	"textures": {
		"0": "disappear:item/307o",
		"particle": "disappear:item/307o"
	},
	"elements": [
		{
			"from": [2.25, 4.90901, 6.53033],
			"to": [4.25, 16.90901, 8.53033],
			"rotation": {"angle": 45, "axis": "z", "origin": [8.5, 8.40901, 7.53033]},
			"faces": {
				"north": {"uv": [6, 3, 0, 2], "rotation": 90, "texture": "#0"},
				"east": {"uv": [0, 1, 6, 2], "rotation": 90, "texture": "#0"},
				"south": {"uv": [6, 3, 0, 4], "rotation": 90, "texture": "#0"},
				"west": {"uv": [0, 0, 6, 1], "rotation": 270, "texture": "#0"},
				"up": {"uv": [8, 6.5, 9, 7.5], "texture": "#0"},
				"down": {"uv": [6, 8, 7, 9], "rotation": 180, "texture": "#0"}
			}
		},
		{
			"from": [4.25, 14.90901, 6.53033],
			"to": [16.25, 16.90901, 8.53033],
			"rotation": {"angle": 45, "axis": "z", "origin": [8.5, 8.40901, 7.53033]},
			"faces": {
				"north": {"uv": [1, 12, 0, 6], "rotation": 90, "texture": "#0"},
				"east": {"uv": [8, 8.5, 9, 9.5], "rotation": 90, "texture": "#0"},
				"south": {"uv": [7, 0, 6, 6], "rotation": 90, "texture": "#0"},
				"west": {"uv": [8, 7.5, 9, 8.5], "rotation": 270, "texture": "#0"},
				"up": {"uv": [0, 5, 6, 6], "texture": "#0"},
				"down": {"uv": [0, 4, 6, 5], "rotation": 180, "texture": "#0"}
			}
		},
		{
			"from": [14.25, 2.90901, 6.53033],
			"to": [16.25, 14.90901, 8.53033],
			"rotation": {"angle": 45, "axis": "z", "origin": [8.5, 8.40901, 7.53033]},
			"faces": {
				"north": {"uv": [7, 8, 1, 7], "rotation": 90, "texture": "#0"},
				"east": {"uv": [7, 0, 13, 1], "rotation": 90, "texture": "#0"},
				"south": {"uv": [13, 1, 7, 2], "rotation": 90, "texture": "#0"},
				"west": {"uv": [1, 6, 7, 7], "rotation": 270, "texture": "#0"},
				"up": {"uv": [2, 9, 3, 10], "texture": "#0"},
				"down": {"uv": [1, 9, 2, 10], "rotation": 180, "texture": "#0"}
			}
		},
		{
			"from": [9.25, 2.90901, 6.53033],
			"to": [14.25, 4.90901, 8.53033],
			"rotation": {"angle": 45, "axis": "z", "origin": [8.5, 8.40901, 7.53033]},
			"faces": {
				"north": {"uv": [8, 6.5, 7, 4], "rotation": 90, "texture": "#0"},
				"east": {"uv": [8, 5.5, 9, 6.5], "rotation": 90, "texture": "#0"},
				"south": {"uv": [8, 6.5, 7, 9], "rotation": 90, "texture": "#0"},
				"west": {"uv": [5, 8, 6, 9], "rotation": 270, "texture": "#0"},
				"up": {"uv": [7, 3, 9.5, 4], "texture": "#0"},
				"down": {"uv": [7, 2, 9.5, 3], "rotation": 180, "texture": "#0"}
			}
		},
		{
			"from": [6.25, 2.90901, 6.53033],
			"to": [8.25, 4.90901, 8.53033],
			"rotation": {"angle": 45, "axis": "z", "origin": [8.5, 8.40901, 7.53033]},
			"faces": {
				"north": {"uv": [7, 10, 6, 9], "rotation": 90, "texture": "#0"},
				"east": {"uv": [5, 9, 6, 10], "rotation": 90, "texture": "#0"},
				"south": {"uv": [10, 6, 9, 7], "rotation": 90, "texture": "#0"},
				"west": {"uv": [3, 9, 4, 10], "rotation": 270, "texture": "#0"},
				"up": {"uv": [9, 5, 10, 6], "texture": "#0"},
				"down": {"uv": [9, 4, 10, 5], "rotation": 180, "texture": "#0"}
			}
		},
		{
			"from": [2.25, 2.90901, 6.53033],
			"to": [5.25, 4.90901, 8.53033],
			"rotation": {"angle": 45, "axis": "z", "origin": [8.5, 8.40901, 7.53033]},
			"faces": {
				"north": {"uv": [5, 9.5, 4, 8], "rotation": 90, "texture": "#0"},
				"east": {"uv": [9, 7, 10, 8], "rotation": 90, "texture": "#0"},
				"south": {"uv": [9, 4, 8, 5.5], "rotation": 90, "texture": "#0"},
				"west": {"uv": [7, 9, 8, 10], "rotation": 270, "texture": "#0"},
				"up": {"uv": [2.5, 8, 4, 9], "texture": "#0"},
				"down": {"uv": [1, 8, 2.5, 9], "rotation": 180, "texture": "#0"}
			}
		}
	],
	"display": {
		"thirdperson_righthand": {
			"translation": [0, 3, 1],
			"scale": [0.55, 0.55, 0.55]
		},
		"thirdperson_lefthand": {
			"translation": [0, 3, 1],
			"scale": [0.55, 0.55, 0.55]
		},
		"firstperson_righthand": {
			"rotation": [0, -90, 25],
			"translation": [1.13, 3.2, 1.13],
			"scale": [0.68, 0.68, 0.68]
		},
		"firstperson_lefthand": {
			"rotation": [0, -90, 25],
			"translation": [1.13, 3.2, 1.13],
			"scale": [0.68, 0.68, 0.68]
		},
		"ground": {
			"translation": [0, 2, 0],
			"scale": [0.5, 0.5, 0.5]
		},
		"fixed": {
			"rotation": [0, 180, 0]
		}
	},
	"groups": [
		{
			"name": "group",
			"origin": [12, 0, 0],
			"color": 0,
			"children": [0, 1, 2, 3, 4, 5]
		}
	]
}