{
    "condition": "any_of",
    "terms": [
        {
            "condition": "entity_properties",
            "entity": "this",
            "predicate": {
                "slots": {
                    "hotbar.*": {
                        "predicates": {
                            "bundle_contents": {
                                "items": {
                                    "contains": [
                                        {
                                            "predicates": {
                                                "custom_data": "{eat_book:1b}"
                                            }
                                        },
                                        {
                                            "predicates": {
                                                "custom_data": "{eat_shouwan:1b}"
                                            }
                                        },
                                        {
                                            "predicates": {
                                                "custom_data": "{eat_heart:1b}"
                                            }
                                        }
                                    ]
                                }
                            }
                        }
                    }
                }
            }
        },
        {
            "condition": "entity_properties",
            "entity": "this",
            "predicate": {
                "slots": {
                    "inventory.*": {
                        "predicates": {
                            "bundle_contents": {
                                "items": {
                                    "contains": [
                                        {
                                            "predicates": {
                                                "custom_data": "{eat_book:1b}"
                                            }
                                        },
                                        {
                                            "predicates": {
                                                "custom_data": "{eat_shouwan:1b}"
                                            }
                                        },
                                        {
                                            "predicates": {
                                                "custom_data": "{eat_heart:1b}"
                                            }
                                        }
                                    ]
                                }
                            }
                        }
                    }
                }
            }
        }
    ]
}
