{
	"values": [
		"#minecraft:buttons",
		"#minecraft:flower_pots",
		"#minecraft:rails",
		"#uin:general/gases",
		"#uin:general/glass_panes",
		"#uin:general/skulls",
		"#uin:general/torches",
		"minecraft:bamboo_sapling",
		"minecraft:barrier",
		"minecraft:cake",
		"minecraft:chain",
		"minecraft:comparator",
		"minecraft:end_rod",
		"minecraft:glass",
		"minecraft:iron_bars",
		"minecraft:ladder",
		"minecraft:lever",
		"minecraft:moving_piston",
		"minecraft:nether_portal",
		"minecraft:redstone_lamp",
		"minecraft:redstone_wire",
		"minecraft:repeater",
		"minecraft:structure_void",
		"minecraft:tripwire",
		"minecraft:tripwire_hook",
		{
			"required": false,
			"id": "n/a",
			"version": 1.17
		},
		{
			"required": false,
			"id": "#minecraft:candle_cakes"
		},
		{
			"required": false,
			"id": "minecraft:light"
		}
	]
}
