{
	"values": [
		"minecraft:acacia_log",
		"minecraft:andesite",
		"minecraft:andesite_slab",
		"minecraft:andesite_stairs",
		"minecraft:andesite_wall",
		"minecraft:bedrock",
		"minecraft:blast_furnace",
		"minecraft:cauldron",
		"minecraft:chiseled_stone_bricks",
		"minecraft:coal_ore",
		"minecraft:cobblestone",
		"minecraft:cobblestone_slab",
		"minecraft:cobblestone_stairs",
		"minecraft:cobblestone_wall",
		"minecraft:cracked_stone_bricks",
		"minecraft:diamond_ore",
		"minecraft:dispenser",
		"minecraft:dropper",
		"minecraft:emerald_ore",
		"minecraft:ender_chest",
		"minecraft:furnace",
		"minecraft:gold_ore",
		"minecraft:gravel",
		"minecraft:hopper",
		"minecraft:iron_ore",
		"minecraft:lapis_ore",
		"minecraft:lava_cauldron",
		"minecraft:mossy_cobblestone",
		"minecraft:mossy_cobblestone_slab",
		"minecraft:mossy_cobblestone_stairs",
		"minecraft:mossy_cobblestone_wall",
		"minecraft:mossy_stone_brick_slab",
		"minecraft:mossy_stone_brick_stairs",
		"minecraft:mossy_stone_brick_wall",
		"minecraft:observer",
		"minecraft:piston",
		"minecraft:piston_head",
		"minecraft:polished_andesite",
		"minecraft:polished_andesite_slab",
		"minecraft:polished_andesite_stairs",
		"minecraft:redstone_ore",
		"minecraft:smoker",
		"minecraft:smooth_stone",
		"minecraft:smooth_stone_slab",
		"minecraft:spawner",
		"minecraft:sticky_piston",
		"minecraft:stone",
		"minecraft:stone_brick_slab",
		"minecraft:stone_brick_stairs",
		"minecraft:stone_brick_wall",
		"minecraft:stone_bricks",
		"minecraft:stone_pressure_plate",
		"minecraft:stone_slab",
		"minecraft:stone_stairs",
		"minecraft:stonecutter",
		"minecraft:water_cauldron",
		{
			"required": false,
			"id": "n/a",
			"version": 1.17
		},
		{
			"required": false,
			"id": "minecraft:copper_ore"
		},
		{
			"required": false,
			"id": "minecraft:powder_snow_cauldron"
		}
	]
}
