{
	"values": [
		"#uin:general/dead_coral_blocks",
		"#uin:general/dead_coral_fans",
		"#uin:general/dead_coral_wall_fans",
		"#uin:general/dead_corals",
		"minecraft:acacia_wood",
		"minecraft:gray_bed",
		"minecraft:gray_carpet",
		"minecraft:gray_concrete",
		"minecraft:gray_concrete_powder",
		"minecraft:gray_glazed_terracotta",
		"minecraft:gray_shulker_box",
		"minecraft:gray_stained_glass",
		"minecraft:gray_wool",
		{
			"required": false,
			"id": "n/a",
			"version": 1.17
		},
		{
			"required": false,
			"id": "minecraft:gray_candle"
		},
		{
			"required": false,
			"id": "minecraft:tinted_glass"
		}
	]
}
