{
    "criteria": {
        "1":{
            "trigger": "entity_hurt_player",
            "conditions": {
                "player": [
                    {
                        "condition": "reference",
                        "name": "shulker:magic/both"
                    },
                    {
                        "condition": "value_check",
                        "value": {
                            "type": "score",
                            "target": "this",
                            "score": "shulker_magic_timer2"
                        },
                        "range": {
                            "min": 1
                        }
                    }
                ]
            }
        }
    },
    "rewards": {
        "function": "shulker:magic/break"
    }
}