{
  "hand_animation_on_swap": false,
  "model": {
    "type": "composite",
    "models": [
      {
        "type": "condition",
        "property": "keybind_down",
        "keybind": "key.forward",
        "on_false": {
          "type": "condition",
          "property": "keybind_down",
          "keybind": "key.back",
          "on_false": {
            "type": "condition",
            "property": "keybind_down",
            "keybind": "key.left",
            "on_false":{
              "type": "condition",
              "property": "keybind_down",
              "keybind": "key.right",
              "on_false": {
                "type": "condition",
                "property": "keybind_down",
                "keybind": "key.sneak",
                "on_false": {
                  "type": "condition",
                  "property": "keybind_down",
                  "keybind": "key.sprint",
                  "on_false": {
                    "type": "condition",
                    "property": "keybind_down",
                    "keybind": "key.jump",
                    "on_false": {
                      "type": "condition",
                      "property": "keybind_down",
                      "keybind": "key.drop",
                      "on_false": {
                        "type": "condition",
                        "property": "keybind_down",
                        "keybind": "key.inventory",
                        "on_false": {
                          "type": "model",
                          "model": "fox:item/fox"
                        },
                        "on_true": {
                          "type": "model",
                          "model": "fox:item/fox_key"
                        }
                      },
                      "on_true": {
                        "type": "model",
                        "model": "fox:item/fox_key"
                      }
                    },
                    "on_true": {
                      "type": "model",
                      "model": "fox:item/fox_key"
                    }
                  },
                  "on_true": {
                    "type": "model",
                    "model": "fox:item/fox_key"
                  }
                },
                "on_true": {
                  "type": "model",
                  "model": "fox:item/fox_key"
                }
              },
              "on_true": {
                "type": "model",
                "model": "fox:item/fox_key"
              }
            } ,
            "on_true": {
              "type": "model",
              "model": "fox:item/fox_key"
            }
          },
          "on_true": {
            "type": "model",
            "model": "fox:item/fox_key"
          }
        },
        "on_true": {
          "type": "model",
          "model": "fox:item/fox_key"
        }
      },
      {
        "type": "model",
        "model": "fox:item/base"
      },
      {
        "type": "model",
        "model": "fox:item/mouse_frame"
      },

      {
        "type": "condition",
        "property": "keybind_down",
        "keybind": "key.hotbar.1",
        "on_false": {
          "type": "model",
          "model": "fox:item/keyboard/1"
        },
        "on_true": {
          "type": "model",
          "model": "fox:item/keyboard_/1"
        }
      },
      {
        "type": "condition",
        "property": "keybind_down",
        "keybind": "key.hotbar.2",
        "on_false": {
          "type": "model",
          "model": "fox:item/keyboard/2"
        },
        "on_true": {
          "type": "model",
          "model": "fox:item/keyboard_/2"
        }
      },
      {
        "type": "condition",
        "property": "keybind_down",
        "keybind": "key.hotbar.3",
        "on_false": {
          "type": "model",
          "model": "fox:item/keyboard/3"
        },
        "on_true": {
          "type": "model",
          "model": "fox:item/keyboard_/3"
        }
      },
      {
        "type": "condition",
        "property": "keybind_down",
        "keybind": "key.hotbar.4",
        "on_false": {
          "type": "model",
          "model": "fox:item/keyboard/4"
        },
        "on_true": {
          "type": "model",
          "model": "fox:item/keyboard_/4"
        }
      },
      {
        "type": "condition",
        "property": "keybind_down",
        "keybind": "key.hotbar.5",
        "on_false": {
          "type": "model",
          "model": "fox:item/keyboard/5"
        },
        "on_true": {
          "type": "model",
          "model": "fox:item/keyboard_/5"
        }
      },
      {
        "type": "condition",
        "property": "keybind_down",
        "keybind": "key.hotbar.6",
        "on_false": {
          "type": "model",
          "model": "fox:item/keyboard/6"
        },
        "on_true": {
          "type": "model",
          "model": "fox:item/keyboard_/6"
        }
      },
      {
        "type": "condition",
        "property": "keybind_down",
        "keybind": "key.hotbar.7",
        "on_false": {
          "type": "model",
          "model": "fox:item/keyboard/7"
        },
        "on_true": {
          "type": "model",
          "model": "fox:item/keyboard_/7"
        }
      },
      {
        "type": "condition",
        "property": "keybind_down",
        "keybind": "key.hotbar.8",
        "on_false": {
          "type": "model",
          "model": "fox:item/keyboard/8"
        },
        "on_true": {
          "type": "model",
          "model": "fox:item/keyboard_/8"
        }
      },
      {
        "type": "condition",
        "property": "keybind_down",
        "keybind": "key.hotbar.9",
        "on_false": {
          "type": "model",
          "model": "fox:item/keyboard/9"
        },
        "on_true": {
          "type": "model",
          "model": "fox:item/keyboard_/9"
        }
      },
      
      {
        "type": "condition",
        "property": "keybind_down",
        "keybind": "key.forward",
        "on_false": {
          "type": "model",
          "model": "fox:item/keyboard/w"
        },
        "on_true": {
          "type": "model",
          "model": "fox:item/keyboard_/w"
        }
      },
      {
        "type": "condition",
        "property": "keybind_down",
        "keybind": "key.back",
        "on_false": {
          "type": "model",
          "model": "fox:item/keyboard/s"
        },
        "on_true": {
          "type": "model",
          "model": "fox:item/keyboard_/s"
        }
      },
      {
        "type": "condition",
        "property": "keybind_down",
        "keybind": "key.left",
        "on_false": {
          "type": "model",
          "model": "fox:item/keyboard/a"
        },
        "on_true": {
          "type": "model",
          "model": "fox:item/keyboard_/a"
        }
      },
      {
        "type": "condition",
        "property": "keybind_down",
        "keybind": "key.right",
        "on_false": {
          "type": "model",
          "model": "fox:item/keyboard/d"
        },
        "on_true": {
          "type": "model",
          "model": "fox:item/keyboard_/d"
        }
      },

      {
        "type": "condition",
        "property": "keybind_down",
        "keybind": "key.sprint",
        "on_false": {
          "type": "model",
          "model": "fox:item/keyboard/ctrl"
        },
        "on_true": {
          "type": "model",
          "model": "fox:item/keyboard_/ctrl"
        }
      },
      {
        "type": "condition",
        "property": "keybind_down",
        "keybind": "key.sneak",
        "on_false": {
          "type": "model",
          "model": "fox:item/keyboard/shift"
        },
        "on_true": {
          "type": "model",
          "model": "fox:item/keyboard_/shift"
        }
      },
      {
        "type": "condition",
        "property": "keybind_down",
        "keybind": "key.jump",
        "on_false": {
          "type": "model",
          "model": "fox:item/keyboard/space"
        },
        "on_true": {
          "type": "model",
          "model": "fox:item/keyboard_/space"
        }
      },

      {
        "type": "condition",
        "property": "keybind_down",
        "keybind": "key.drop",
        "on_false": {
          "type": "model",
          "model": "fox:item/keyboard/q"
        },
        "on_true": {
          "type": "model",
          "model": "fox:item/keyboard_/q"
        }
      },
      {
        "type": "condition",
        "property": "keybind_down",
        "keybind": "key.inventory",
        "on_false": {
          "type": "model",
          "model": "fox:item/keyboard/e"
        },
        "on_true": {
          "type": "model",
          "model": "fox:item/keyboard_/e"
        }
      },
      {
        "type": "condition",
        "property": "keybind_down",
        "keybind": "key.swapOffhand",
        "on_false": {
          "type": "model",
          "model": "fox:item/keyboard/f"
        },
        "on_true": {
          "type": "model",
          "model": "fox:item/keyboard_/f"
        }
      },

      {
        "type": "condition",
        "property": "keybind_down",
        "keybind": "key.attack",
        "on_false": {
          "type": "model",
          "model": "fox:item/keyboard/mouse_left"
        },
        "on_true": {
          "type": "model",
          "model": "fox:item/keyboard_/mouse_left"
        }
      },
      {
        "type": "condition",
        "property": "keybind_down",
        "keybind": "key.pickItem",
        "on_false": {
          "type": "model",
          "model": "fox:item/keyboard/mouse_middle"
        },
        "on_true": {
          "type": "model",
          "model": "fox:item/keyboard_/mouse_middle"
        }
      },
      {
        "type": "condition",
        "property": "keybind_down",
        "keybind": "key.use",
        "on_false": {
          "type": "model",
          "model": "fox:item/keyboard/mouse_right"
        },
        "on_true": {
          "type": "model",
          "model": "fox:item/keyboard_/mouse_right"
        }
      }

    ]
  }
}