{
	"textures": {
		"8": "clock:item/5",
		"particle": "clock:item/0"
	},
	"elements": [
		{
			"name": "5_0",
			"from": [8.75, 5.25, 8.25],
			"to": [11.25, 5.75, 8.5],
			"rotation": {"angle": 0, "axis": "y", "origin": [8, 2.25, 8.25]},
			"faces": {
				"north": {"uv": [13, 2, 3, 4], "texture": "#8"},
				"east": {"uv": [12, 2, 13, 4], "texture": "#8"},
				"south": {"uv": [3, 2, 13, 4], "texture": "#8"},
				"west": {"uv": [3, 2, 4, 4], "texture": "#8"},
				"up": {"uv": [3, 2, 13, 3], "texture": "#8"},
				"down": {"uv": [3, 3, 13, 4], "texture": "#8"}
			}
		},
		{
			"name": "5_1",
			"from": [8.75, 4.25, 8.25],
			"to": [9.25, 5.25, 8.5],
			"rotation": {"angle": 0, "axis": "y", "origin": [8, 2.25, 8.25]},
			"faces": {
				"north": {"uv": [5, 4, 3, 8], "texture": "#8"},
				"east": {"uv": [4, 4, 5, 8], "texture": "#8"},
				"south": {"uv": [3, 4, 5, 8], "texture": "#8"},
				"west": {"uv": [3, 4, 4, 8], "texture": "#8"},
				"up": {"uv": [3, 4, 5, 5], "texture": "#8"},
				"down": {"uv": [3, 7, 5, 8], "texture": "#8"}
			}
		},
		{
			"name": "5_2",
			"from": [9.25, 4.25, 8.25],
			"to": [10.75, 4.75, 8.5],
			"rotation": {"angle": 0, "axis": "y", "origin": [8, 2.25, 8.25]},
			"faces": {
				"north": {"uv": [11, 6, 5, 8], "texture": "#8"},
				"east": {"uv": [10, 6, 11, 8], "texture": "#8"},
				"south": {"uv": [5, 6, 11, 8], "texture": "#8"},
				"west": {"uv": [5, 6, 6, 8], "texture": "#8"},
				"up": {"uv": [5, 6, 11, 7], "texture": "#8"},
				"down": {"uv": [5, 7, 11, 8], "texture": "#8"}
			}
		},
		{
			"name": "5_3",
			"from": [10.75, 2.75, 8.25],
			"to": [11.25, 4.25, 8.5],
			"rotation": {"angle": 0, "axis": "y", "origin": [8, 2.25, 8.25]},
			"faces": {
				"north": {"uv": [13, 8, 11, 14], "texture": "#8"},
				"east": {"uv": [12, 8, 13, 14], "texture": "#8"},
				"south": {"uv": [11, 8, 13, 14], "texture": "#8"},
				"west": {"uv": [11, 8, 12, 14], "texture": "#8"},
				"up": {"uv": [11, 8, 13, 9], "texture": "#8"},
				"down": {"uv": [11, 13, 13, 14], "texture": "#8"}
			}
		},
		{
			"name": "5_4",
			"from": [8.75, 2.75, 8.25],
			"to": [9.25, 3.25, 8.5],
			"rotation": {"angle": 0, "axis": "y", "origin": [8, 2.25, 8.25]},
			"faces": {
				"north": {"uv": [5, 12, 3, 14], "texture": "#8"},
				"east": {"uv": [4, 12, 5, 14], "texture": "#8"},
				"south": {"uv": [3, 12, 5, 14], "texture": "#8"},
				"west": {"uv": [3, 12, 4, 14], "texture": "#8"},
				"up": {"uv": [3, 12, 5, 13], "texture": "#8"},
				"down": {"uv": [3, 13, 5, 14], "texture": "#8"}
			}
		},
		{
			"name": "5_5",
			"from": [9.25, 2.25, 8.25],
			"to": [10.75, 2.75, 8.5],
			"rotation": {"angle": 0, "axis": "y", "origin": [8, 2.25, 8.25]},
			"faces": {
				"north": {"uv": [11, 14, 5, 16], "texture": "#8"},
				"east": {"uv": [10, 14, 11, 16], "texture": "#8"},
				"south": {"uv": [5, 14, 11, 16], "texture": "#8"},
				"west": {"uv": [5, 14, 6, 16], "texture": "#8"},
				"up": {"uv": [5, 14, 11, 15], "texture": "#8"},
				"down": {"uv": [5, 15, 11, 16], "texture": "#8"}
			}
		}
	],
	"gui_light": "front",
	"display": {
		"thirdperson_righthand": {
			"translation": [0, 3, 1],
			"scale": [0.55, 0.55, 0.55]
		},
		"thirdperson_lefthand": {
			"translation": [0, 3, 1],
			"scale": [0.55, 0.55, 0.55]
		},
		"firstperson_righthand": {
			"translation": [-1.12, 6.7, 1.13],
			"scale": [0.68, 0.68, 0.68]
		},
		"firstperson_lefthand": {
			"translation": [-1.12, 6.45, 1.13],
			"scale": [0.68, 0.68, 0.68]
		},
		"ground": {
			"translation": [0, 2, 0],
			"scale": [0.5, 0.5, 0.5]
		},
		"gui": {
			"translation": [0, 4, 0]
		},
		"head": {
			"rotation": [0, 180, 0],
			"translation": [0, 3.25, -7.75]
		},
		"fixed": {
			"rotation": [0, 180, 0],
			"translation": [0, 4.25, 0]
		}
	},
	"groups": [
		{
			"name": "5",
			"origin": [8, 8, 8],
			"color": 0,
			"children": [0, 1, 2, 3, 4, 5]
		}
	]
}