{
    "pools": [
        {
            "rolls": 1,
            "entries": [
                {
                    "type": "item",
                    "name": "firework_star",
                    "functions": [
                        {
                            "function": "set_components",
                            "components": {
                                "item_model":"fox:fox",
                                "max_stack_size": 1,
                                "hide_tooltip": {},
                                "item_name":"{\"text\":\"\"}",
                                "custom_data": "{bongo_fox:1b}"
                            }
                        }
                    ]
                }
            ]
        }
    ]
}