{
	"parent":"fox:item/parent",
	"texture_size": [64, 64],
	"textures": {
		"28": "fox:item/keyboard_base",
		"particle": "fox:item/key"
	},
	"elements": [
		{
			"name": "keyboard_base_0",
			"from": [-2.5, 0, -5.25],
			"to": [19.5, 0.5, 5.75],
			"rotation": {"angle": 0, "axis": "y", "origin": [-2.5, 0, -5.25]},
			"faces": {
				"north": {"uv": [16, 0, 0, 1], "texture": "#28"},
				"east": {"uv": [15.5, 0, 16, 16], "rotation": 90, "texture": "#28"},
				"south": {"uv": [0, 15, 16, 16], "texture": "#28"},
				"west": {"uv": [0, 0, 0.5, 16], "rotation": 270, "texture": "#28"},
				"up": {"uv": [0, 0, 16, 16], "texture": "#28"},
				"down": {"uv": [0, 16, 16, 0], "texture": "#28"}
			}
		}
	],
	"gui_light": "front",
	"groups": [
		{
			"name": "keyboard_base",
			"origin": [8, 8, 8],
			"color": 0,
			"children": [0]
		}
	]
}