{
	"parent":"fox:item/parent",
	"texture_size": [64, 64],
	"textures": {
		"14": "fox:item/mouse_frame",
		"particle": "fox:item/key"
	},
	"elements": [
		{
			"name": "mouse_frame_0",
			"from": [13.5, 0.5, 3.5],
			"to": [15.5, 1, 4.5],
			"rotation": {"angle": 0, "axis": "y", "origin": [11, 0.5, 5.5]},
			"faces": {
				"north": {"uv": [3, 5, 4, 9], "rotation": 90, "texture": "#14"},
				"east": {"uv": [2, 8, 4, 9], "texture": "#14"},
				"south": {"uv": [2, 5, 3, 9], "rotation": 270, "texture": "#14"},
				"west": {"uv": [4, 5, 2, 6], "texture": "#14"},
				"up": {"uv": [2, 5, 4, 9], "rotation": 270, "texture": "#14"},
				"down": {"uv": [2, 9, 4, 5], "rotation": 90, "texture": "#14"}
			}
		},
		{
			"name": "mouse_frame_1",
			"from": [14, 0.5, 3],
			"to": [16, 1, 3.5],
			"rotation": {"angle": 0, "axis": "y", "origin": [11, 0.5, 5.5]},
			"faces": {
				"north": {"uv": [4, 6, 5, 10], "rotation": 90, "texture": "#14"},
				"east": {"uv": [4, 9, 5, 10], "texture": "#14"},
				"south": {"uv": [4, 6, 5, 10], "rotation": 270, "texture": "#14"},
				"west": {"uv": [5, 6, 4, 7], "texture": "#14"},
				"up": {"uv": [4, 6, 5, 10], "rotation": 270, "texture": "#14"},
				"down": {"uv": [4, 10, 5, 6], "rotation": 90, "texture": "#14"}
			}
		},
		{
			"name": "mouse_frame_2",
			"from": [14, 0.5, 0],
			"to": [16, 1, 0.5],
			"rotation": {"angle": 0, "axis": "y", "origin": [11, 0.5, 5.5]},
			"faces": {
				"north": {"uv": [10, 6, 11, 10], "rotation": 90, "texture": "#14"},
				"east": {"uv": [10, 9, 11, 10], "texture": "#14"},
				"south": {"uv": [10, 6, 11, 10], "rotation": 270, "texture": "#14"},
				"west": {"uv": [11, 6, 10, 7], "texture": "#14"},
				"up": {"uv": [10, 6, 11, 10], "rotation": 270, "texture": "#14"},
				"down": {"uv": [10, 10, 11, 6], "rotation": 90, "texture": "#14"}
			}
		},
		{
			"name": "mouse_frame_3",
			"from": [14.5, 0.5, 0.5],
			"to": [15, 1, 2],
			"rotation": {"angle": 0, "axis": "y", "origin": [11, 0.5, 5.5]},
			"faces": {
				"north": {"uv": [9, 7, 10, 8], "rotation": 90, "texture": "#14"},
				"east": {"uv": [7, 7, 10, 8], "texture": "#14"},
				"south": {"uv": [7, 7, 8, 8], "rotation": 270, "texture": "#14"},
				"west": {"uv": [10, 7, 7, 8], "texture": "#14"},
				"up": {"uv": [7, 7, 10, 8], "rotation": 270, "texture": "#14"},
				"down": {"uv": [7, 8, 10, 7], "rotation": 90, "texture": "#14"}
			}
		},
		{
			"name": "mouse_frame_4",
			"from": [14.5, 0.5, -0.5],
			"to": [16.5, 1, 0],
			"rotation": {"angle": 0, "axis": "y", "origin": [11, 0.5, 5.5]},
			"faces": {
				"north": {"uv": [11, 7, 12, 11], "rotation": 90, "texture": "#14"},
				"east": {"uv": [11, 10, 12, 11], "texture": "#14"},
				"south": {"uv": [11, 7, 12, 11], "rotation": 270, "texture": "#14"},
				"west": {"uv": [12, 7, 11, 8], "texture": "#14"},
				"up": {"uv": [11, 7, 12, 11], "rotation": 270, "texture": "#14"},
				"down": {"uv": [11, 11, 12, 7], "rotation": 90, "texture": "#14"}
			}
		},
		{
			"name": "mouse_frame_5",
			"from": [15, 0.5, 1.5],
			"to": [15.5, 1, 3],
			"rotation": {"angle": 0, "axis": "y", "origin": [11, 0.5, 5.5]},
			"faces": {
				"north": {"uv": [7, 8, 8, 9], "rotation": 90, "texture": "#14"},
				"east": {"uv": [5, 8, 8, 9], "texture": "#14"},
				"south": {"uv": [5, 8, 6, 9], "rotation": 270, "texture": "#14"},
				"west": {"uv": [8, 8, 5, 9], "texture": "#14"},
				"up": {"uv": [5, 8, 8, 9], "rotation": 270, "texture": "#14"},
				"down": {"uv": [5, 9, 8, 8], "rotation": 90, "texture": "#14"}
			}
		},
		{
			"name": "mouse_frame_6",
			"from": [15, 0.5, 0.5],
			"to": [15.5, 1, 1],
			"rotation": {"angle": 0, "axis": "y", "origin": [11, 0.5, 5.5]},
			"faces": {
				"north": {"uv": [9, 8, 10, 9], "rotation": 90, "texture": "#14"},
				"east": {"uv": [9, 8, 10, 9], "texture": "#14"},
				"south": {"uv": [9, 8, 10, 9], "rotation": 270, "texture": "#14"},
				"west": {"uv": [10, 8, 9, 9], "texture": "#14"},
				"up": {"uv": [9, 8, 10, 9], "rotation": 270, "texture": "#14"},
				"down": {"uv": [9, 9, 10, 8], "rotation": 90, "texture": "#14"}
			}
		},
		{
			"name": "mouse_frame_7",
			"from": [15, 0.5, -1],
			"to": [16.5, 1, -0.5],
			"rotation": {"angle": 0, "axis": "y", "origin": [11, 0.5, 5.5]},
			"faces": {
				"north": {"uv": [12, 8, 13, 11], "rotation": 90, "texture": "#14"},
				"east": {"uv": [12, 10, 13, 11], "texture": "#14"},
				"south": {"uv": [12, 8, 13, 11], "rotation": 270, "texture": "#14"},
				"west": {"uv": [13, 8, 12, 9], "texture": "#14"},
				"up": {"uv": [12, 8, 13, 11], "rotation": 270, "texture": "#14"},
				"down": {"uv": [12, 11, 13, 8], "rotation": 90, "texture": "#14"}
			}
		},
		{
			"name": "mouse_frame_8",
			"from": [15.5, 0.5, 3.5],
			"to": [16.5, 1, 4],
			"rotation": {"angle": 0, "axis": "y", "origin": [11, 0.5, 5.5]},
			"faces": {
				"north": {"uv": [3, 9, 4, 11], "rotation": 90, "texture": "#14"},
				"east": {"uv": [3, 10, 4, 11], "texture": "#14"},
				"south": {"uv": [3, 9, 4, 11], "rotation": 270, "texture": "#14"},
				"west": {"uv": [4, 9, 3, 10], "texture": "#14"},
				"up": {"uv": [3, 9, 4, 11], "rotation": 270, "texture": "#14"},
				"down": {"uv": [3, 11, 4, 9], "rotation": 90, "texture": "#14"}
			}
		},
		{
			"name": "mouse_frame_9",
			"from": [15.5, 0.5, 2.5],
			"to": [16, 1, 3],
			"rotation": {"angle": 0, "axis": "y", "origin": [11, 0.5, 5.5]},
			"faces": {
				"north": {"uv": [5, 9, 6, 10], "rotation": 90, "texture": "#14"},
				"east": {"uv": [5, 9, 6, 10], "texture": "#14"},
				"south": {"uv": [5, 9, 6, 10], "rotation": 270, "texture": "#14"},
				"west": {"uv": [6, 9, 5, 10], "texture": "#14"},
				"up": {"uv": [5, 9, 6, 10], "rotation": 270, "texture": "#14"},
				"down": {"uv": [5, 10, 6, 9], "rotation": 90, "texture": "#14"}
			}
		},
		{
			"name": "mouse_frame_10",
			"from": [15.5, 0.5, -1.5],
			"to": [16.5, 1, -1],
			"rotation": {"angle": 0, "axis": "y", "origin": [11, 0.5, 5.5]},
			"faces": {
				"north": {"uv": [13, 9, 14, 11], "rotation": 90, "texture": "#14"},
				"east": {"uv": [13, 10, 14, 11], "texture": "#14"},
				"south": {"uv": [13, 9, 14, 11], "rotation": 270, "texture": "#14"},
				"west": {"uv": [14, 9, 13, 10], "texture": "#14"},
				"up": {"uv": [13, 9, 14, 11], "rotation": 270, "texture": "#14"},
				"down": {"uv": [13, 11, 14, 9], "rotation": 90, "texture": "#14"}
			}
		},
		{
			"name": "mouse_frame_11",
			"from": [16, 0.5, 4],
			"to": [17, 1, 4.5],
			"rotation": {"angle": 0, "axis": "y", "origin": [11, 0.5, 5.5]},
			"faces": {
				"north": {"uv": [2, 10, 3, 12], "rotation": 90, "texture": "#14"},
				"east": {"uv": [2, 11, 3, 12], "texture": "#14"},
				"south": {"uv": [2, 10, 3, 12], "rotation": 270, "texture": "#14"},
				"west": {"uv": [3, 10, 2, 11], "texture": "#14"},
				"up": {"uv": [2, 10, 3, 12], "rotation": 270, "texture": "#14"},
				"down": {"uv": [2, 12, 3, 10], "rotation": 90, "texture": "#14"}
			}
		},
		{
			"name": "mouse_frame_12",
			"from": [16.5, 0.5, 4.5],
			"to": [17.5, 1, 5],
			"rotation": {"angle": 0, "axis": "y", "origin": [11, 0.5, 5.5]},
			"faces": {
				"north": {"uv": [1, 11, 2, 13], "rotation": 90, "texture": "#14"},
				"east": {"uv": [1, 12, 2, 13], "texture": "#14"},
				"south": {"uv": [1, 11, 2, 13], "rotation": 270, "texture": "#14"},
				"west": {"uv": [2, 11, 1, 12], "texture": "#14"},
				"up": {"uv": [1, 11, 2, 13], "rotation": 270, "texture": "#14"},
				"down": {"uv": [1, 13, 2, 11], "rotation": 90, "texture": "#14"}
			}
		}
	],
	"gui_light": "front",
	"groups": [
		{
			"name": "mouse_frame",
			"origin": [8, 8, 8],
			"color": 0,
			"children": [0, 1, 2, 3, 4, 5, 6, 7, 8, 9, 10, 11, 12]
		}
	]
}