{
	"parent":"fox:item/parent",
	"texture_size": [64, 64],
	"textures": {
		"2": "fox:item/snow_fox"
	},
	"elements": [
		{
			"name": "body",
			"from": [5, -1, 3],
			"to": [11, 10, 9],
			"rotation": {"angle": -45, "axis": "x", "origin": [8, 8, 5]},
			"faces": {
				"north": {"uv": [7.5, 5.25, 9, 8], "texture": "#2"},
				"east": {"uv": [6, 5.25, 7.5, 8], "texture": "#2"},
				"south": {"uv": [10.5, 5.25, 12, 8], "texture": "#2"},
				"west": {"uv": [9, 5.25, 10.5, 8], "texture": "#2"},
				"up": {"uv": [9, 5.25, 7.5, 3.75], "texture": "#2"},
				"down": {"uv": [10.5, 3.75, 9, 5.25], "texture": "#2"}
			}
		},
		{
			"name": "head",
			"from": [4, 9, -1],
			"to": [12, 15, 5],
			"rotation": {"angle": 0, "axis": "y", "origin": [8, 1, 5]},
			"faces": {
				"north": {"uv": [1.75, 2.75, 3.75, 4.25], "texture": "#2"},
				"east": {"uv": [0.25, 2.75, 1.75, 4.25], "texture": "#2"},
				"south": {"uv": [5.25, 2.75, 7.25, 4.25], "texture": "#2"},
				"west": {"uv": [3.75, 2.75, 5.25, 4.25], "texture": "#2"},
				"up": {"uv": [3.75, 2.75, 1.75, 1.25], "texture": "#2"},
				"down": {"uv": [5.75, 1.25, 3.75, 2.75], "texture": "#2"}
			}
		},
		{
			"name": "head",
			"from": [10, 15, 0],
			"to": [12, 17, 1],
			"rotation": {"angle": 0, "axis": "y", "origin": [8, 1, 5]},
			"faces": {
				"north": {"uv": [2.25, 0.5, 2.75, 1], "texture": "#2"},
				"east": {"uv": [2, 0.5, 2.25, 1], "texture": "#2"},
				"south": {"uv": [3, 0.5, 3.5, 1], "texture": "#2"},
				"west": {"uv": [2.75, 0.5, 3, 1], "texture": "#2"},
				"up": {"uv": [2.75, 0.5, 2.25, 0.25], "texture": "#2"},
				"down": {"uv": [3.25, 0.25, 2.75, 0.5], "texture": "#2"}
			}
		},
		{
			"name": "head",
			"from": [4, 15, 0],
			"to": [6, 17, 1],
			"rotation": {"angle": 0, "axis": "y", "origin": [8, 1, 5]},
			"faces": {
				"north": {"uv": [4, 0.5, 4.5, 1], "texture": "#2"},
				"east": {"uv": [3.75, 0.5, 4, 1], "texture": "#2"},
				"south": {"uv": [4.75, 0.5, 5.25, 1], "texture": "#2"},
				"west": {"uv": [4.5, 0.5, 4.75, 1], "texture": "#2"},
				"up": {"uv": [4.5, 0.5, 4, 0.25], "texture": "#2"},
				"down": {"uv": [5, 0.25, 4.5, 0.5], "texture": "#2"}
			}
		},
		{
			"name": "head",
			"from": [6, 9, -4],
			"to": [10, 11, -1],
			"rotation": {"angle": 0, "axis": "y", "origin": [8, 1, 5]},
			"faces": {
				"north": {"uv": [2.25, 5.25, 3.25, 5.75], "texture": "#2"},
				"east": {"uv": [1.5, 5.25, 2.25, 5.75], "texture": "#2"},
				"south": {"uv": [4, 5.25, 5, 5.75], "texture": "#2"},
				"west": {"uv": [3.25, 5.25, 4, 5.75], "texture": "#2"},
				"up": {"uv": [3.25, 5.25, 2.25, 4.5], "texture": "#2"},
				"down": {"uv": [4.25, 4.5, 3.25, 5.25], "texture": "#2"}
			}
		},
		{
			"name": "leg0",
			"from": [9.005, 0, 7],
			"to": [11.005, 2, 13],
			"rotation": {"angle": 0, "axis": "x", "origin": [10, 6, 11]},
			"faces": {
				"north": {"uv": [4.75, 6, 4.25, 6.5], "rotation": 180, "texture": "#2"},
				"east": {"uv": [3.25, 6.5, 3.75, 8], "rotation": 270, "texture": "#2"},
				"south": {"uv": [4.25, 6.5, 3.75, 6], "texture": "#2"},
				"west": {"uv": [4.25, 6.5, 4.75, 8], "rotation": 90, "texture": "#2"},
				"up": {"uv": [3.75, 6.5, 4.25, 8], "rotation": 180, "texture": "#2"},
				"down": {"uv": [4.75, 6.5, 5.25, 8], "texture": "#2"}
			}
		},
		{
			"name": "leg1",
			"from": [4.995, 0, 7],
			"to": [6.995, 2, 13],
			"rotation": {"angle": 0, "axis": "x", "origin": [6, 6, 11]},
			"faces": {
				"north": {"uv": [2.5, 6, 2, 6.5], "rotation": 180, "texture": "#2"},
				"east": {"uv": [1, 6.5, 1.5, 8], "rotation": 270, "texture": "#2"},
				"south": {"uv": [2, 6.5, 1.5, 6], "texture": "#2"},
				"west": {"uv": [2, 6.5, 2.5, 8], "rotation": 90, "texture": "#2"},
				"up": {"uv": [1.5, 6.5, 2, 8], "rotation": 180, "texture": "#2"},
				"down": {"uv": [2.5, 6.5, 3, 8], "texture": "#2"}
			}
		},
		{
			"name": "leg2",
			"from": [9.005, 0, 4],
			"to": [11.005, 6, 6],
			"rotation": {"angle": 22.5, "axis": "x", "origin": [8, 1, 5]},
			"faces": {
				"north": {"uv": [3.75, 6.5, 4.25, 8], "texture": "#2"},
				"east": {"uv": [3.25, 6.5, 3.75, 8], "texture": "#2"},
				"south": {"uv": [4.75, 6.5, 5.25, 8], "texture": "#2"},
				"west": {"uv": [4.25, 6.5, 4.75, 8], "texture": "#2"},
				"up": {"uv": [4.25, 6.5, 3.75, 6], "texture": "#2"},
				"down": {"uv": [4.75, 6, 4.25, 6.5], "texture": "#2"}
			}
		},
		{
			"name": "leg3",
			"from": [4.995, 0, 4],
			"to": [6.995, 6, 6],
			"rotation": {"angle": 22.5, "axis": "x", "origin": [8, 1, 5]},
			"faces": {
				"north": {"uv": [1.5, 6.5, 2, 8], "texture": "#2"},
				"east": {"uv": [1, 6.5, 1.5, 8], "texture": "#2"},
				"south": {"uv": [2.5, 6.5, 3, 8], "texture": "#2"},
				"west": {"uv": [2, 6.5, 2.5, 8], "texture": "#2"},
				"up": {"uv": [2, 6.5, 1.5, 6], "texture": "#2"},
				"down": {"uv": [2.5, 6, 2, 6.5], "texture": "#2"}
			}
		},
		{
			"name": "tail",
			"from": [6, 0.75, 14],
			"to": [10, 5.75, 23],
			"rotation": {"angle": 22.5, "axis": "x", "origin": [8, 9, 14]},
			"faces": {
				"north": {"uv": [9.75, 1.25, 8.75, 0], "rotation": 180, "texture": "#2"},
				"east": {"uv": [7.5, 1.25, 8.75, 3.5], "rotation": 90, "texture": "#2"},
				"south": {"uv": [10.75, 0, 9.75, 1.25], "texture": "#2"},
				"west": {"uv": [9.75, 1.25, 11, 3.5], "rotation": 270, "texture": "#2"},
				"up": {"uv": [11, 1.25, 12, 3.5], "texture": "#2"},
				"down": {"uv": [8.75, 1.25, 9.75, 3.5], "rotation": 180, "texture": "#2"}
			}
		}
	],
	"gui_light": "front",
	"groups": [
		{
			"name": "body",
			"origin": [0, 8, 0],
			"color": 0,
			"children": [0]
		},
		{
			"name": "head",
			"origin": [0, 8, -3],
			"color": 0,
			"children": [1, 2, 3, 4]
		},
		{
			"name": "leg0",
			"origin": [3, 6, 6],
			"color": 0,
			"children": [5]
		},
		{
			"name": "leg1",
			"origin": [-1, 6, 6],
			"color": 0,
			"children": [6]
		},
		{
			"name": "leg2",
			"origin": [3, 6, -1],
			"color": 0,
			"children": [7]
		},
		{
			"name": "leg3",
			"origin": [-1, 6, -1],
			"color": 0,
			"children": [8]
		},
		{
			"name": "tail",
			"origin": [0, 8, 7],
			"color": 0,
			"children": [9]
		}
	]
}