{
	"textures": {
		"4": "clock:item/1",
		"particle": "clock:item/0"
	},
	"elements": [
		{
			"name": "1_0",
			"from": [10, 2.25, 8.25],
			"to": [10.5, 5.75, 8.5],
			"rotation": {"angle": 0, "axis": "y", "origin": [8.25, 2.25, 8.25]},
			"faces": {
				"north": {"uv": [9, 2, 7, 16], "texture": "#4"},
				"east": {"uv": [8, 2, 9, 16], "texture": "#4"},
				"south": {"uv": [7, 2, 9, 16], "texture": "#4"},
				"west": {"uv": [7, 2, 8, 16], "texture": "#4"},
				"up": {"uv": [7, 2, 9, 3], "texture": "#4"},
				"down": {"uv": [7, 15, 9, 16], "texture": "#4"}
			}
		},
		{
			"name": "1_1",
			"from": [9.5, 4.75, 8.25],
			"to": [10, 5.25, 8.5],
			"rotation": {"angle": 0, "axis": "y", "origin": [8.25, 2.25, 8.25]},
			"faces": {
				"north": {"uv": [7, 4, 5, 6], "texture": "#4"},
				"east": {"uv": [6, 4, 7, 6], "texture": "#4"},
				"south": {"uv": [5, 4, 7, 6], "texture": "#4"},
				"west": {"uv": [5, 4, 6, 6], "texture": "#4"},
				"up": {"uv": [5, 4, 7, 5], "texture": "#4"},
				"down": {"uv": [5, 5, 7, 6], "texture": "#4"}
			}
		},
		{
			"name": "1_2",
			"from": [9, 2.25, 8.25],
			"to": [10, 2.75, 8.5],
			"rotation": {"angle": 0, "axis": "y", "origin": [8.25, 2.25, 8.25]},
			"faces": {
				"north": {"uv": [7, 14, 3, 16], "texture": "#4"},
				"east": {"uv": [6, 14, 7, 16], "texture": "#4"},
				"south": {"uv": [3, 14, 7, 16], "texture": "#4"},
				"west": {"uv": [3, 14, 4, 16], "texture": "#4"},
				"up": {"uv": [3, 14, 7, 15], "texture": "#4"},
				"down": {"uv": [3, 15, 7, 16], "texture": "#4"}
			}
		},
		{
			"name": "1_3",
			"from": [10.5, 2.25, 8.25],
			"to": [11.5, 2.75, 8.5],
			"rotation": {"angle": 0, "axis": "y", "origin": [8.25, 2.25, 8.25]},
			"faces": {
				"north": {"uv": [13, 14, 9, 16], "texture": "#4"},
				"east": {"uv": [12, 14, 13, 16], "texture": "#4"},
				"south": {"uv": [9, 14, 13, 16], "texture": "#4"},
				"west": {"uv": [9, 14, 10, 16], "texture": "#4"},
				"up": {"uv": [9, 14, 13, 15], "texture": "#4"},
				"down": {"uv": [9, 15, 13, 16], "texture": "#4"}
			}
		}
	],
	"gui_light": "front",
	"display": {
		"thirdperson_righthand": {
			"translation": [0, 3, 1],
			"scale": [0.55, 0.55, 0.55]
		},
		"thirdperson_lefthand": {
			"translation": [0, 3, 1],
			"scale": [0.55, 0.55, 0.55]
		},
		"firstperson_righthand": {
			"translation": [-1.12, 6.7, 1.13],
			"scale": [0.68, 0.68, 0.68]
		},
		"firstperson_lefthand": {
			"translation": [-1.12, 6.45, 1.13],
			"scale": [0.68, 0.68, 0.68]
		},
		"ground": {
			"translation": [0, 2, 0],
			"scale": [0.5, 0.5, 0.5]
		},
		"gui": {
			"translation": [6, 7.75, 0],
			"scale": [1.9, 1.9, 1]
		},
		"head": {
			"rotation": [0, 180, 0],
			"translation": [0, 3.25, -7.75]
		},
		"fixed": {
			"rotation": [0, 180, 0],
			"translation": [0, 4.25, 0]
		}
	},
	"groups": [
		{
			"name": "1",
			"origin": [8, 8, 8],
			"color": 0,
			"children": [0, 1, 2, 3]
		}
	]
}