{
    "criteria": {
        "1":{
            "trigger": "entity_hurt_player",
            "conditions": {
                "damage": {
                    "type": {
                        "tags": [
                            {
                                "expected": true,
                                "id": "boost:man"
                            }
                        ]
                    }
                },
                "player": {
                    "vehicle": {
                        "type": "happy_ghast",
                        "equipment": {
                            "body": {
                                "predicates": {
                                    "enchantments": [
                                        {
                                            "enchantments": "boost:boost"
                                        }
                                    ]
                                }
                            }
                        }
                    }
                }
            }
        }
    },
    "rewards": {
        "function": "boost:man"
    }
}