{
    "type": "notice",
    "title": "喜报",
    "can_close_with_escape": false,
    "pause": false,
    "body": [
        {
            "type": "minecraft:plain_message",
            "contents": ""
        },
        {
            "type": "minecraft:plain_message",
            "contents": ""
        },
        {
            "type": "minecraft:plain_message",
            "contents": ""
        },
        {
            "type": "minecraft:plain_message",
            "contents": {"text": "","bold": true,"color": "yellow","shadow_color": [1,1,1,1],"font": "congratulations:simsun"}
        }
    ],
    "action": {
        "label": "退订",
        "action": {
            "type": "run_command",
            "command": "trigger congratulation_close"
        }
    }
}